input,title,status_code,content_length,tls_host,tls_port,tls_probe_status,tls_tls_version,tls_cipher,tls_not_before,tls_not_after,tls_subject_dn,tls_subject_cn,tls_subject_org_,tls_subject_an_,tls_issuer_dn,tls_issuer_cn,tls_issuer_org_,tls_fingerprint_hash_md,tls_fingerprint_hash_sha,tls_tls_connection,tls_sni,port,url,scheme,content_type,method,host,path,favicon,final_url,a_,tech_,lines,failed,cdn_name,webserver,cdn,tls_wildcard_certificate,csp_domains_,tls_mismatched
apps.santos.com,404 - File or directory not found.,404,1245,portal.office.com,443,True,tls12,TLS_ECDHE_RSA_WITH_AES_256_GCM_SHA384,2023-05-01T18:46:35Z,2024-04-25T18:46:35Z,"CN=portal.office.com, O=Microsoft Corporation, L=Redmond, ST=WA, C=US",portal.office.com,Microsoft Corporation,m365.cloud.microsoft,"CN=Microsoft Azure TLS Issuing CA 05, O=Microsoft Corporation, C=US",Microsoft Azure TLS Issuing CA 05,Microsoft Corporation,7dffa61cf1fd20ef79fb921340582217,8570a14ff89e7d13a89579a501eaef1ae34c44a6dafee385f65835ca91856f49,ctls,portal.office.com,443,https://apps.santos.com:443,https,text/html,GET,23.101.224.24,/,1631801191,https://portal.office.com/myapps,23.101.224.24,HSTS,30,False,azure,,True,True,,
asset.santos.com,Santos Asset,200,503,asset.santos.com,443,True,tls13,TLS_AES_128_GCM_SHA256,2023-04-17T00:00:00Z,2024-05-16T23:59:59Z,"CN=*.santos.com, O=Santos LTD, ST=South Australia, C=AU",*.santos.com,Santos LTD,santos.com,"CN=Sectigo RSA Organization Validation Secure Server CA, O=Sectigo Limited, L=Salford, ST=Greater Manchester, C=GB",Sectigo RSA Organization Validation Secure Server CA,Sectigo Limited,a1250bdc76c65b85975de41d1ce44cf1,5183b33f94c4692b093880bb178d38c8127b81540c4d8872a4ec38c2f30a91a3,ctls,asset.santos.com,443,https://asset.santos.com:443,https,text/html,GET,13.32.121.19,/,-692929022,,13.32.121.128,Amazon Web Services,24,False,cloudfront,AmazonS3,True,True,,
assettest.santos.com,Santos Asset,200,507,assettest.santos.com,443,True,tls13,TLS_AES_128_GCM_SHA256,2023-04-17T00:00:00Z,2024-05-16T23:59:59Z,"CN=*.santos.com, O=Santos LTD, ST=South Australia, C=AU",*.santos.com,Santos LTD,santos.com,"CN=Sectigo RSA Organization Validation Secure Server CA, O=Sectigo Limited, L=Salford, ST=Greater Manchester, C=GB",Sectigo RSA Organization Validation Secure Server CA,Sectigo Limited,a1250bdc76c65b85975de41d1ce44cf1,5183b33f94c4692b093880bb178d38c8127b81540c4d8872a4ec38c2f30a91a3,ctls,assettest.santos.com,443,https://assettest.santos.com:443,https,text/html,GET,99.86.4.109,/,-300432317,,99.86.4.103,Amazon Web Services,24,False,cloudfront,AmazonS3,True,True,,
autodiscover.contractor.santos.com,Sign in to Outlook,200,39422,login.microsoftonline.com,443,True,tls12,TLS_ECDHE_RSA_WITH_AES_256_GCM_SHA384,2023-06-01T00:00:00Z,2024-06-01T23:59:59Z,"CN=stamp2.login.microsoftonline.com, O=Microsoft Corporation, L=Redmond, ST=Washington, C=US",stamp2.login.microsoftonline.com,Microsoft Corporation,stamp2.login.microsoftonline-int.com,"CN=DigiCert SHA2 Secure Server CA, O=DigiCert Inc, C=US",DigiCert SHA2 Secure Server CA,DigiCert Inc,3e5363ca089bb6cd32f00c16e8c60c1d,722ffa737efee47ce8a79dd30a184c0967708de86a0c20d85e015d7c21075dee,ctls,login.microsoftonline.com,80,http://autodiscover.contractor.santos.com:80,http,text/html,GET,40.99.149.168,/,-1249852061,https://login.microsoftonline.com/common/oauth2/authorize?client_id=00000002-0000-0ff1-ce00-000000000000&redirect_uri=https%3a%2f%2foutlook.office365.com%2fowa%2f&resource=00000002-0000-0ff1-ce00-000000000000&response_mode=form_post&response_type=code+id_token&scope=openid&msafed=1&msaredir=1&client-request-id=0fc4682a-b3ec-f0dd-c67c-654a382af5f9&protectedtoken=true&claims=%7b%22id_token%22%3a%7b%22xms_cc%22%3a%7b%22values%22%3a%5b%22CP1%22%5d%7d%7d%7d&domain_hint=contractor.santos.com&nonce=638255082624668625.f3c2cf1a-164d-4949-8eb9-dde5ed385ccf&state=DctNDsIgEEBh0Lu4g5a_KSwazzIOkJjYTgJYry-L7-2eFELcp9sk1xmxgYs2hDVasB4ggg26OrJUDSoDPiuffFKxvJLKuYSSXQxEVc7XLPzD5dkKfo6d-BwNaXDTHc_BXRMfjyvv-B2c3534Ku0P,2603:1026:c0d:82a::8,HSTS,95,False,,,,,,
autodiscover.santos.com,Sign in to Outlook,200,39214,login.microsoftonline.com,443,True,tls12,TLS_ECDHE_RSA_WITH_AES_256_GCM_SHA384,2023-06-01T00:00:00Z,2024-06-01T23:59:59Z,"CN=stamp2.login.microsoftonline.com, O=Microsoft Corporation, L=Redmond, ST=Washington, C=US",stamp2.login.microsoftonline.com,Microsoft Corporation,stamp2.login.microsoftonline-int.com,"CN=DigiCert SHA2 Secure Server CA, O=DigiCert Inc, C=US",DigiCert SHA2 Secure Server CA,DigiCert Inc,3e5363ca089bb6cd32f00c16e8c60c1d,722ffa737efee47ce8a79dd30a184c0967708de86a0c20d85e015d7c21075dee,ctls,login.microsoftonline.com,80,http://autodiscover.santos.com:80,http,text/html,GET,52.97.189.72,/,-1249852061,https://login.microsoftonline.com/common/oauth2/authorize?client_id=00000002-0000-0ff1-ce00-000000000000&redirect_uri=https%3a%2f%2foutlook.office365.com%2fowa%2f&resource=00000002-0000-0ff1-ce00-000000000000&response_mode=form_post&response_type=code+id_token&scope=openid&msafed=1&msaredir=1&client-request-id=01312a3f-0d42-bca8-5803-9c97952e2a6d&protectedtoken=true&claims=%7b%22id_token%22%3a%7b%22xms_cc%22%3a%7b%22values%22%3a%5b%22CP1%22%5d%7d%7d%7d&domain_hint=santos.com&nonce=638255082625887548.25bb474d-f8e6-4191-91fd-0f034e2aa2b3&state=DctBDoMgEEBRaO_iDoWBgXFhepZBIDHRkoja65fF-7svhRDv7tVJ3SOCtwSImsADEgV0NALG6IJLqlD2ypnZqNmUpHTR1mVghmhlf4ep_nj6nJn3Y2n8vWob13oMT1r4vmra2lqffP4B,2603:1026:c0d:2a::8,HSTS,95,False,,,,,,
aws.santos.com,Sign in to your account,200,50976,login.microsoftonline.com,443,True,tls12,TLS_ECDHE_RSA_WITH_AES_256_GCM_SHA384,2023-06-01T00:00:00Z,2024-06-01T23:59:59Z,"CN=stamp2.login.microsoftonline.com, O=Microsoft Corporation, L=Redmond, ST=Washington, C=US",stamp2.login.microsoftonline.com,Microsoft Corporation,stamp2.login.microsoftonline-int.com,"CN=DigiCert SHA2 Secure Server CA, O=DigiCert Inc, C=US",DigiCert SHA2 Secure Server CA,DigiCert Inc,3e5363ca089bb6cd32f00c16e8c60c1d,722ffa737efee47ce8a79dd30a184c0967708de86a0c20d85e015d7c21075dee,ctls,login.microsoftonline.com,443,https://aws.santos.com:443,https,text/html,GET,20.37.196.199,/,-1840324437,https://login.microsoftonline.com/447a9cb9-b230-46bf-b430-a7b9f50e3c1e/oauth2/authorize?client_id=0000000c-0000-0000-c000-000000000000&redirect_uri=https%3A%2F%2Faccount.activedirectory.windowsazure.com%2F&response_mode=form_post&response_type=code%20id_token&scope=openid%20profile&state=OpenIdConnect.AuthenticationProperties%3DAQAAAAMAAAAIVGVuYW50SWSrATBKbzFuTEZFbXlKRTBNZkw3ODRNN3B1dmhPRWJubVNKZDRaTHIyaXJwQ2VCc3kxWGRrcUZkSGJ6Vzg0R2NHUzdHOHc0bXJicWxvWlMySkxuemNsaUlhMDF5SFRYdWlTOTNMM1dFSGpIa3NVTS1vUzROMEtVMl9GV0xJa1BSd1oxZnpvM2k2eVJ4bU4tYTdmM0ZiTElmeGhvTUpBN1MyMXkycFF2dnVkZVV0dwkucmVkaXJlY3TQAWh0dHBzOi8vYWNjb3VudC5hY3RpdmVkaXJlY3Rvcnkud2luZG93c2F6dXJlLmNvbS9hcHBsaWNhdGlvbnMvcmVkaXJlY3R0b2FwcGxpY2F0aW9uLmFzcHg_T3BlcmF0aW9uPUxpbmtlZFNpZ25JbiZhcHBsaWNhdGlvbklkPWUyY2FkZTVkLTE1MTItNGYzNS05Yjk5LTM3YTVlYTFlYWU5YyZ0ZW5hbnRJZD00NDdhOWNiOS1iMjMwLTQ2YmYtYjQzMC1hN2I5ZjUwZTNjMWUeT3BlbklkQ29ubmVjdC5Db2RlLlJlZGlyZWN0VXJpwAFlTDJtTEQ1ODl3S1ZjcTJxRHVBdGgtUVhaMVk5OEdkbTJJZDRSUGVXaV93a0xRTV9WVkVTN2FjMlZQTmk5UjB2OUVfVEM0b1lkQzl1aktZaE0tcVYwdnpEbEk4eU1PMnJMVzJ0VU1MOEZodTEwSFlxcjI2WVVuZzRpR1pSeEgtSHVNVmF4QndJeXJaa0ZqMUJBa3VHUmRiUG9DZjFKeDNGWUhrd01pZ3RaWUtXMWVFcGtYTXhQMEtXSHVGMmJiaWU&nonce=1689911462.-_S3hpjvKvxoLL6QE2v17Q&nux=1,20.37.196.199,HSTS,95,False,azure,,True,,,
awsportal.santos.com,Sign in to your account,200,50832,login.microsoftonline.com,443,True,tls12,TLS_ECDHE_RSA_WITH_AES_256_GCM_SHA384,2023-06-01T00:00:00Z,2024-06-01T23:59:59Z,"CN=stamp2.login.microsoftonline.com, O=Microsoft Corporation, L=Redmond, ST=Washington, C=US",stamp2.login.microsoftonline.com,Microsoft Corporation,stamp2.login.microsoftonline-int.com,"CN=DigiCert SHA2 Secure Server CA, O=DigiCert Inc, C=US",DigiCert SHA2 Secure Server CA,DigiCert Inc,3e5363ca089bb6cd32f00c16e8c60c1d,722ffa737efee47ce8a79dd30a184c0967708de86a0c20d85e015d7c21075dee,ctls,login.microsoftonline.com,443,https://awsportal.santos.com:443,https,text/html,GET,20.37.196.199,/,-1840324437,https://login.microsoftonline.com/447a9cb9-b230-46bf-b430-a7b9f50e3c1e/oauth2/authorize?client_id=0000000c-0000-0000-c000-000000000000&redirect_uri=https%3A%2F%2Faccount.activedirectory.windowsazure.com%2F&response_mode=form_post&response_type=code%20id_token&scope=openid%20profile&state=OpenIdConnect.AuthenticationProperties%3DAQAAAAMAAAAIVGVuYW50SWSrAXRDcmFPMlRqdExmOUl3T0c2N2RiM3JSZGppaEFNQmdHek0xcHYza2c3dTUxNTBNQTJtaXh3SmZHOHcwUGstS3VpMzF6QVgzdjhpYTUyaFVmcWVuOTNxU1EwMXRYZ1I0MTUwMVRvejVtLS1ldUVJTW95a3RtbmtpY093VWxPYmtKbzFNRkFkZkh5SzlLWUF2Y3NweUU1NFR4RnJUazZ5NHZ3VEROTGpEQzA0WQkucmVkaXJlY3TQAWh0dHBzOi8vYWNjb3VudC5hY3RpdmVkaXJlY3Rvcnkud2luZG93c2F6dXJlLmNvbS9hcHBsaWNhdGlvbnMvcmVkaXJlY3R0b2FwcGxpY2F0aW9uLmFzcHg_T3BlcmF0aW9uPUxpbmtlZFNpZ25JbiZhcHBsaWNhdGlvbklkPTJhNTYyMDNmLWJiMDItNGQzMi04ZmM5LWQ4M2Y2OTAyMTE0MyZ0ZW5hbnRJZD00NDdhOWNiOS1iMjMwLTQ2YmYtYjQzMC1hN2I5ZjUwZTNjMWUeT3BlbklkQ29ubmVjdC5Db2RlLlJlZGlyZWN0VXJpwAFOY0NDN1JNcnlyRHNFYXo2N3k2Y1VTM01fRGkyaFhqak9RSFctN1U4Y0FUUk9GZFhvWmtINzMwel92d0djOHMwakVjRVZILV9kTFR6cGh1MHROZmxCdUJabU11T0pOMEsyaXc0YkFMZy16eHRxTzFiWnQ4dzE2dERkbG5fOEhFZUNzSmtoMDc1eVFWRDJrQi15S0dLWmluam1mN0VyMTRCQmdxajQxd2lvWlVmLTNRU1ZSZmlXNkthVFNWNXU5cHY&nonce=1689911462.UM4MZWu8viTpM83ub1E55Q&nux=1,20.37.196.199,HSTS,95,False,azure,,True,,,
bugcrowd.santos.com,Sign in to your account,200,50871,login.microsoftonline.com,443,True,tls12,TLS_ECDHE_RSA_WITH_AES_256_GCM_SHA384,2023-06-01T00:00:00Z,2024-06-01T23:59:59Z,"CN=stamp2.login.microsoftonline.com, O=Microsoft Corporation, L=Redmond, ST=Washington, C=US",stamp2.login.microsoftonline.com,Microsoft Corporation,stamp2.login.microsoftonline-int.com,"CN=DigiCert SHA2 Secure Server CA, O=DigiCert Inc, C=US",DigiCert SHA2 Secure Server CA,DigiCert Inc,3e5363ca089bb6cd32f00c16e8c60c1d,722ffa737efee47ce8a79dd30a184c0967708de86a0c20d85e015d7c21075dee,ctls,login.microsoftonline.com,443,https://bugcrowd.santos.com:443,https,text/html,GET,20.37.196.199,/,-1840324437,https://login.microsoftonline.com/447a9cb9-b230-46bf-b430-a7b9f50e3c1e/oauth2/authorize?client_id=0000000c-0000-0000-c000-000000000000&redirect_uri=https%3A%2F%2Faccount.activedirectory.windowsazure.com%2F&response_mode=form_post&response_type=code%20id_token&scope=openid%20profile&state=OpenIdConnect.AuthenticationProperties%3DAQAAAAMAAAAIVGVuYW50SWSrAVZYZmJUZVprNVpTeUg4b3ZHeWtSSDNTNWNCSUFQenZOcGt2cTJFWFZWTEVyY1hpTUlCck9BcFIweDVDU3dMVXJSb0M3YklOUFVSV05rUnRkdWhDU1J4R2xmb3psd3VDVjBhRTIySnhIMnhWTmpDb3JqQmxPQUZWUGtvMERnRWc1WHB3cUVIYlVTRS1DbHNaa2FtZTFKQXVLMU1Ud3NyaEVPbm5neXBLVWtJQQkucmVkaXJlY3TQAWh0dHBzOi8vYWNjb3VudC5hY3RpdmVkaXJlY3Rvcnkud2luZG93c2F6dXJlLmNvbS9hcHBsaWNhdGlvbnMvcmVkaXJlY3R0b2FwcGxpY2F0aW9uLmFzcHg_T3BlcmF0aW9uPUxpbmtlZFNpZ25JbiZhcHBsaWNhdGlvbklkPTViMGUxZjhiLTFkNmEtNGQ2Mi1iOTJhLWMwNzhiM2Q3NmViYSZ0ZW5hbnRJZD00NDdhOWNiOS1iMjMwLTQ2YmYtYjQzMC1hN2I5ZjUwZTNjMWUeT3BlbklkQ29ubmVjdC5Db2RlLlJlZGlyZWN0VXJpwAE2YmI5d0hCc3Voc3JGdUd5dmY1WVBBbEU2dHFQX3ZkYlBPTFZOOHZib1E5UXpqa1Y2LUlTalp3V3prRms1YVc2NnFlSGNZem93SW01eTh5d2h2cWhxRzBDSTNNN2JmN1ZEa0JjRDd0a3huSHlkS0I2MUQ2ZEQ1VEpfZnlPVnpvejdRVDBIcTF0VzJ6WHVOYUFBVVFVVXk5S0dwQVNGYjJ4S2RyYWR4WkJMd3NteUdrYVZKYk9CRVRlR3BRd2FscnU&nonce=1689911462.Xqkc7V5q_5Zx177KfrVmBQ&nux=1,20.37.196.199,HSTS,95,False,azure,,True,,,
coupa.santos.com,Sign in to your account,200,50846,login.microsoftonline.com,443,True,tls12,TLS_ECDHE_RSA_WITH_AES_256_GCM_SHA384,2023-06-01T00:00:00Z,2024-06-01T23:59:59Z,"CN=stamp2.login.microsoftonline.com, O=Microsoft Corporation, L=Redmond, ST=Washington, C=US",stamp2.login.microsoftonline.com,Microsoft Corporation,stamp2.login.microsoftonline-int.com,"CN=DigiCert SHA2 Secure Server CA, O=DigiCert Inc, C=US",DigiCert SHA2 Secure Server CA,DigiCert Inc,3e5363ca089bb6cd32f00c16e8c60c1d,722ffa737efee47ce8a79dd30a184c0967708de86a0c20d85e015d7c21075dee,ctls,login.microsoftonline.com,443,https://coupa.santos.com:443,https,text/html,GET,20.37.196.199,/,-1840324437,https://login.microsoftonline.com/447a9cb9-b230-46bf-b430-a7b9f50e3c1e/oauth2/authorize?client_id=0000000c-0000-0000-c000-000000000000&redirect_uri=https%3A%2F%2Faccount.activedirectory.windowsazure.com%2F&response_mode=form_post&response_type=code%20id_token&scope=openid%20profile&state=OpenIdConnect.AuthenticationProperties%3DAQAAAAMAAAAIVGVuYW50SWSrAUMwdVRZZ3NxZllKQ09xazY3NUl6OXFTUklXeGt2bTlMc0lldWJlZ016WWFDVWI1aHJfQkdROU5zd0NBaHMtT290Qm9mblZVamc1U3VldVJuUkhsdUdSVER2Y0F0Z0NtRDJ5T1ZhR3JNLTBwd1NBTXpBcDNEM3RZc1hyekplS0thODFjdTJXWWVuZzBMMU1CbU5KYmlydGtSMDdzMWhqSVVSdndhRWZqNkg3awkucmVkaXJlY3TQAWh0dHBzOi8vYWNjb3VudC5hY3RpdmVkaXJlY3Rvcnkud2luZG93c2F6dXJlLmNvbS9hcHBsaWNhdGlvbnMvcmVkaXJlY3R0b2FwcGxpY2F0aW9uLmFzcHg_T3BlcmF0aW9uPUxpbmtlZFNpZ25JbiZhcHBsaWNhdGlvbklkPWYzYzNlMzkxLTQ3NzAtNGMxMy05ZmUyLTI2NWE5ZTFiNGEyMyZ0ZW5hbnRJZD00NDdhOWNiOS1iMjMwLTQ2YmYtYjQzMC1hN2I5ZjUwZTNjMWUeT3BlbklkQ29ubmVjdC5Db2RlLlJlZGlyZWN0VXJpwAFUWHNpRmZ6MXA2bXR1M0NPTklXQk96MmVaZWM5cG14OVFQZTdZQno3ZW5oZVctYXdEejhOWTNHMXZFRGpuVUNWZ3BiMWhiN0oxTjJjTUVfOFBOZTllanp4TkF0M2F2TTRSUE5MNlpwYXZMcml4cVZ0cmR2ZjRJWmFYR1NuNFhTSVhTYTB3dDJLZDVKaU0xNEJiX3AtZ2NCbHVzLWd2OGNqZHk3Q1dvWUdoUWstMUw5a09peEZZNVl4SDBZd3U1UmY&nonce=1689911462.dojVY9LPlRoCvwa67SdNuQ&nux=1,20.37.196.199,HSTS,95,False,azure,,True,,,
covid19.santos.com,Web App - Unavailable,403,2342,covid19.santos.com,443,True,tls12,TLS_ECDHE_RSA_WITH_AES_256_GCM_SHA384,2023-04-17T00:00:00Z,2024-05-16T23:59:59Z,"CN=*.santos.com, O=Santos LTD, ST=South Australia, C=AU",*.santos.com,Santos LTD,santos.com,"CN=Sectigo RSA Organization Validation Secure Server CA, O=Sectigo Limited, L=Salford, ST=Greater Manchester, C=GB",Sectigo RSA Organization Validation Secure Server CA,Sectigo Limited,a1250bdc76c65b85975de41d1ce44cf1,5183b33f94c4692b093880bb178d38c8127b81540c4d8872a4ec38c2f30a91a3,ctls,covid19.santos.com,443,https://covid19.santos.com:443,https,text/html,GET,13.75.138.224,/,-1111039167,,13.75.138.224,,75,False,azure,,True,True,,
dashboard.santos.com,Dashboard,200,2454,dashboard.santos.com,443,True,tls12,TLS_ECDHE_RSA_WITH_AES_256_GCM_SHA384,2023-04-17T00:00:00Z,2024-05-16T23:59:59Z,"CN=*.santos.com, O=Santos LTD, ST=South Australia, C=AU",*.santos.com,Santos LTD,santos.com,"CN=Sectigo RSA Organization Validation Secure Server CA, O=Sectigo Limited, L=Salford, ST=Greater Manchester, C=GB",Sectigo RSA Organization Validation Secure Server CA,Sectigo Limited,a1250bdc76c65b85975de41d1ce44cf1,5183b33f94c4692b093880bb178d38c8127b81540c4d8872a4ec38c2f30a91a3,ctls,dashboard.santos.com,443,https://dashboard.santos.com:443,https,text/html,GET,13.75.138.224,/,-2041279747,,13.75.138.224,Windows Server,51,False,azure,Microsoft-IIS/10.0,True,True,,
digify.santos.com,Digify,200,25178,digify.santos.com,443,True,tls13,TLS_AES_128_GCM_SHA256,2023-02-28T00:00:00Z,2023-10-04T23:59:59Z,CN=digify.santos.com,digify.santos.com,,digify.santos.com,"CN=Amazon RSA 2048 M01, O=Amazon, C=US",Amazon RSA 2048 M01,Amazon,c18315a2207021c1b4d36d6a3d1ed736,9086be8217fefed3d7ecb15e27e5286d702e2902e16cb933f4e4e3bab615488d,ctls,digify.santos.com,443,https://digify.santos.com:443,https,text/html,GET,143.204.215.91,/,-20275242,,2600:9000:214f:1400:3:e3a5:d400:93a1,Windows Server,146,False,cloudfront,Microsoft-IIS/10.0,True,,,
docusign.santos.com,Sign in to your account,200,51036,login.microsoftonline.com,443,True,tls12,TLS_ECDHE_RSA_WITH_AES_256_GCM_SHA384,2023-06-01T00:00:00Z,2024-06-01T23:59:59Z,"CN=stamp2.login.microsoftonline.com, O=Microsoft Corporation, L=Redmond, ST=Washington, C=US",stamp2.login.microsoftonline.com,Microsoft Corporation,stamp2.login.microsoftonline-int.com,"CN=DigiCert SHA2 Secure Server CA, O=DigiCert Inc, C=US",DigiCert SHA2 Secure Server CA,DigiCert Inc,3e5363ca089bb6cd32f00c16e8c60c1d,722ffa737efee47ce8a79dd30a184c0967708de86a0c20d85e015d7c21075dee,ctls,login.microsoftonline.com,443,https://docusign.santos.com:443,https,text/html,GET,20.37.196.199,/,-1840324437,https://login.microsoftonline.com/447a9cb9-b230-46bf-b430-a7b9f50e3c1e/oauth2/authorize?client_id=0000000c-0000-0000-c000-000000000000&redirect_uri=https%3A%2F%2Faccount.activedirectory.windowsazure.com%2F&response_mode=form_post&response_type=code%20id_token&scope=openid%20profile&state=OpenIdConnect.AuthenticationProperties%3DAQAAAAMAAAAIVGVuYW50SWSrAUlVNHM2aVZ5Y3p6akgxdDhBaVdqTFlxRGg1bmM1cUtkdzJ3RFhpYUpJVjZ2N1dfUlhsM21ZUnVROEF4ODZEbHM2UVppaC1hQnozOHV5bjMyb0xVRjcwM1FuZ0tST0R2V2tKM1h2OXdneHRUV1p1dHpZSGhkd202MDBrOV9DUzRkRGhoYTB3R2I5YjlIM3hTTkdhTjRGQ3lQT3VfS1RtZGFLby1aWUI1WlFyVQkucmVkaXJlY3TQAWh0dHBzOi8vYWNjb3VudC5hY3RpdmVkaXJlY3Rvcnkud2luZG93c2F6dXJlLmNvbS9hcHBsaWNhdGlvbnMvcmVkaXJlY3R0b2FwcGxpY2F0aW9uLmFzcHg_T3BlcmF0aW9uPUxpbmtlZFNpZ25JbiZhcHBsaWNhdGlvbklkPTkyNTI5NjM3LWQ0N2QtNDdkMC04NDhjLTNhZDczNWQxMTRmYiZ0ZW5hbnRJZD00NDdhOWNiOS1iMjMwLTQ2YmYtYjQzMC1hN2I5ZjUwZTNjMWUeT3BlbklkQ29ubmVjdC5Db2RlLlJlZGlyZWN0VXJpwAFXYTlvY0o2RE1LeGtsTVhEMGV2OTQ4V1I4Q3BrYV8zQklOV0piMGJpZTBGSmVScTF1SkQ3QTVLSzdyN25lZGpRQ2RJZVVBcTl2MF92c3duemhsbEF0RXBROUM3OHZiS204d01sRUh5WkxNRUhBYTJLUjYzMExqa3FfRTJUQ2tMSmJVREFBU0FPYnc0RHFSYVVURXNwUjFteXVjREdWTXgyNFktaXdaNElmM0c0UHBtUlAwX041dnI3RkJlNWdRdEo&nonce=1689911462.96SJ_bH4jvINsYS5T3h49w&nux=1,20.37.196.199,HSTS,95,False,azure,,True,,,
ebb.santos.com,Santos Australia Gas Nomination Login,200,6726,ebb.santos.com,443,True,tls13,TLS_AES_128_GCM_SHA256,2023-05-02T08:32:47Z,2023-10-29T08:32:47Z,CN=imperva.com,imperva.com,,imperva.com,"CN=GlobalSign Atlas R3 DV TLS CA 2023 Q2, O=GlobalSign nv-sa, C=BE",GlobalSign Atlas R3 DV TLS CA 2023 Q2,GlobalSign nv-sa,558d234d8e674e5b833f02bce7cc7772,a19cd904e6b88b573466732aa62b70912d7fadae1168c5612f997705d2861f2e,ctls,ebb.santos.com,443,https://ebb.santos.com:443,https,text/html,GET,45.60.87.127,/,1504347595,https://ebb.santos.com/Site/EBB_Login.asp,45.60.87.127,Windows Server,124,False,incapsula,Microsoft-IIS/10.0,True,True,,
ec2power.santos.com,403 Forbidden,403,303,,,,,,,,,,,,,,,,,,,80,http://ec2power.santos.com:80,http,text/html,GET,52.95.130.159,/,1225322224,,52.95.128.189,Amazon Web Services,14,False,,AmazonS3,,,,
enterpriseenrollment.santos.com,Microsoft Intune admin center,200,42702,intune.microsoft.com,443,True,tls12,TLS_ECDHE_RSA_WITH_AES_128_GCM_SHA256,2023-07-15T23:09:38Z,2024-06-27T23:59:59Z,"CN=intune.microsoft.com, O=Microsoft Corporation, L=Redmond, ST=WA, C=US",intune.microsoft.com,Microsoft Corporation,intune.microsoft.com,"CN=Microsoft Azure TLS Issuing CA 05, O=Microsoft Corporation, C=US",Microsoft Azure TLS Issuing CA 05,Microsoft Corporation,cc05305937f68a7eea27d9d7af0caa65,110faef00876766ade3550f2f7525379d91c5b3f225fef3ca414db8c9620b49b,ctls,intune.microsoft.com,443,https://enterpriseenrollment.santos.com:443,https,text/html,GET,20.91.147.72,/,1631801191,https://intune.microsoft.com/,20.91.147.72,HSTS,4,False,,,,,,
externalperstorefront.santos.com,NetScaler AAA,200,42775,externalperstorefront.santos.com,443,True,tls13,TLS_CHACHA20_POLY1305_SHA256,2023-04-17T00:00:00Z,2024-05-16T23:59:59Z,"CN=*.santos.com, O=Santos LTD, ST=South Australia, C=AU",*.santos.com,Santos LTD,santos.com,"CN=Sectigo RSA Organization Validation Secure Server CA, O=Sectigo Limited, L=Salford, ST=Greater Manchester, C=GB",Sectigo RSA Organization Validation Secure Server CA,Sectigo Limited,a1250bdc76c65b85975de41d1ce44cf1,5183b33f94c4692b093880bb178d38c8127b81540c4d8872a4ec38c2f30a91a3,ctls,externalperstorefront.santos.com,443,https://externalperstorefront.santos.com:443,https,text/html,GET,103.54.238.204,/,12023395,https://externalperstorefront.santos.com/logon/LogonPoint/tmindex.html,103.54.238.204,HSTS,721,False,,Apache,,True,,
falcon.santos.com,Sign in to your account,200,50795,login.microsoftonline.com,443,True,tls12,TLS_ECDHE_RSA_WITH_AES_256_GCM_SHA384,2023-06-01T00:00:00Z,2024-06-01T23:59:59Z,"CN=stamp2.login.microsoftonline.com, O=Microsoft Corporation, L=Redmond, ST=Washington, C=US",stamp2.login.microsoftonline.com,Microsoft Corporation,stamp2.login.microsoftonline-int.com,"CN=DigiCert SHA2 Secure Server CA, O=DigiCert Inc, C=US",DigiCert SHA2 Secure Server CA,DigiCert Inc,3e5363ca089bb6cd32f00c16e8c60c1d,722ffa737efee47ce8a79dd30a184c0967708de86a0c20d85e015d7c21075dee,ctls,login.microsoftonline.com,443,https://falcon.santos.com:443,https,text/html,GET,20.37.196.199,/,-1840324437,https://login.microsoftonline.com/447a9cb9-b230-46bf-b430-a7b9f50e3c1e/oauth2/authorize?client_id=0000000c-0000-0000-c000-000000000000&redirect_uri=https%3A%2F%2Faccount.activedirectory.windowsazure.com%2F&response_mode=form_post&response_type=code%20id_token&scope=openid%20profile&state=OpenIdConnect.AuthenticationProperties%3DAQAAAAMAAAAIVGVuYW50SWSrAUhnYW1DYWhkUzRTVXB2WnZQWWZHc24zV1RrSG51VEwtSjNrZGdMNlY0eDRpa2EyS0dGTDRVYmluTUxLZ0JKTmljcEdpSXp4YUpNVjhQRlRrWlFQX3RPN0c4SGZWMjNCZXRsZ1daV2VLTzNwNXAzc1o2YXBTMjlZWV9fRFJHcFUzSHBzb0lPYjVaYl9rRjRkVlF2TC04a3EtZzZvN2RPZHJ5c2h0OFN3TjhpYwkucmVkaXJlY3TQAWh0dHBzOi8vYWNjb3VudC5hY3RpdmVkaXJlY3Rvcnkud2luZG93c2F6dXJlLmNvbS9hcHBsaWNhdGlvbnMvcmVkaXJlY3R0b2FwcGxpY2F0aW9uLmFzcHg_T3BlcmF0aW9uPUxpbmtlZFNpZ25JbiZhcHBsaWNhdGlvbklkPTI3YTFhMmZkLTA4NWItNGVmYi05NTg3LWJkZTA3NmIxNDNlOCZ0ZW5hbnRJZD00NDdhOWNiOS1iMjMwLTQ2YmYtYjQzMC1hN2I5ZjUwZTNjMWUeT3BlbklkQ29ubmVjdC5Db2RlLlJlZGlyZWN0VXJpwAF1ell4dU1pWDJad3QxME1SN1pTTTVUN0Y3QmhLY1VUdkFnYVJhWUQteV8wdXdRaFRTQjRBOGlieFJRcnRRdFJqd2tDMkZDZU9ZTVY3Qmlqb3RSZ3ZTeDRtM2ExQUh3Nmdsd2dteTZ4cW8yWWtqNGZuRlhnaFdKSVlsdm9zYVBNUnlHTU53Tm0yT3ZSU0ZERWpLVDF5QkVtcnMyUlE2Y1VtWndWbVJ3OTJTSTZqdGhzZWZaVzZNNlRvbElicDdTdEk&nonce=1689911462.2XAyzF2NUznNdUZzUFmpTw&nux=1,20.37.196.199,HSTS,95,False,azure,,True,,,
flp.santos.com,Sign in to your account,200,38813,login.microsoftonline.com,443,True,tls12,TLS_ECDHE_RSA_WITH_AES_256_GCM_SHA384,2023-06-01T00:00:00Z,2024-06-01T23:59:59Z,"CN=stamp2.login.microsoftonline.com, O=Microsoft Corporation, L=Redmond, ST=Washington, C=US",stamp2.login.microsoftonline.com,Microsoft Corporation,stamp2.login.microsoftonline-int.com,"CN=DigiCert SHA2 Secure Server CA, O=DigiCert Inc, C=US",DigiCert SHA2 Secure Server CA,DigiCert Inc,3e5363ca089bb6cd32f00c16e8c60c1d,722ffa737efee47ce8a79dd30a184c0967708de86a0c20d85e015d7c21075dee,ctls,login.microsoftonline.com,443,https://flp.santos.com:443,https,text/html,GET,45.60.87.127,/,-1028086690,https://login.microsoftonline.com/447a9cb9-b230-46bf-b430-a7b9f50e3c1e/saml2?SAMLRequest=fZFfS8MwFMW%2FSsl72qTt1i2shWERCipjEx98kTS9cYE0qUnqn29vW1Hmg75dzr3nnPzIzvNeD2w%2FhrM5wssIPkRNXaITSdO2aPkG07XgmEIHeLMFiTNOaAcyL%2BR6haIHcF5ZU6I0JihqvB%2BhMT5wEyaJpBkmBU7pPcnYijKSPaKonhqU4WFxnUMYPEsSbZ%2BViXslnPVWBmu0MhAL2yd5XvCtaLe4TTOC83UrcZtPEy%2FarVwRyASFZGZIUXRtnYCFpESSaw%2Fziw7ce%2FUKP8p7r41nC3WJRmeY5V55ZngPngXBTvvbGzbRsMHZYIXVqNrN12yBcxf%2B%2F%2B1TLbiZElXflPPu6XCsd8lF4Ff6wO6mhKY%2BWK3Ex0zS8%2FB3AY3poqgOy%2BWUjcYPIJRU0KFor7V9u3LAw8Qd3Agoqb5Kf%2F909Qk%3D&RelayState=oucqssbxbayorwcaoredeoyzefotaqrdefuxfwv&SigAlg=http%3A%2F%2Fwww.w3.org%2F2001%2F04%2Fxmldsig-more%23rsa-sha256&Signature=Z01v9vPvZp%2BTQPNMWeOrsEkMd5IjvegQ9c98JtWi9yBnGaryQpgN0G1ZKfLsO2DlDa2EjV868c2OSqujgH6cFsLwyPXLw36pxmP5L6zxZpXLm3%2FKXQInV2%2FgOSI2%2BIJAUm9DiVnseGOxRsR2uf4ORafwnp5RL8oL1WqC56Tk9xcl5HbNsqoEl%2FhwI2DlWFeh8HHt1vEDAzZJvDpo%2BYMn8leLuJYytBHBuwl0uB3d4B%2Ft0XTulP9x9t1RzqWjj%2B63cp8JbIWemsjzJjpN1RAfaG%2BzDma6TADwvsjAVbMn8QD%2FfHpjYFjdbauyUcL9eMVwrJ9CFaq1T7IYGoH8S9GLfXNJPQBqyyd7j3wIvJAFb4q03Sl8v3IMjSfNpgQVpoQlYVLonWhozg4B5cP%2B2F04WDlhHTMbxiwJUvassd6%2F%2BMGl4AkIUkkZZDYTK3CSl1KD3200FlYbCl2jd%2F2d13YTFthFeRtpL8sCdk4IDL%2BZvtV2dIh%2BgdSIG%2BAOhpSc7AYW,45.60.87.127,HSTS,95,False,incapsula,,True,,,
inside.santos.com,NetScaler AAA,200,42775,storefront.santos.com,443,True,tls13,TLS_CHACHA20_POLY1305_SHA256,2023-04-17T00:00:00Z,2024-05-16T23:59:59Z,"CN=*.santos.com, O=Santos LTD, ST=South Australia, C=AU",*.santos.com,Santos LTD,santos.com,"CN=Sectigo RSA Organization Validation Secure Server CA, O=Sectigo Limited, L=Salford, ST=Greater Manchester, C=GB",Sectigo RSA Organization Validation Secure Server CA,Sectigo Limited,a1250bdc76c65b85975de41d1ce44cf1,5183b33f94c4692b093880bb178d38c8127b81540c4d8872a4ec38c2f30a91a3,ctls,storefront.santos.com,443,https://inside.santos.com:443,https,text/html,GET,23.101.224.24,/,-59742318,https://storefront.santos.com/logon/LogonPoint/tmindex.html,23.101.224.24,HSTS,721,False,azure,Apache,True,True,,
insurance.santos.com,Log In ‹ Santos Insurance — WordPress,200,10780,insurance.santos.com,443,True,tls13,TLS_AES_128_GCM_SHA256,2023-03-28T00:00:00Z,2024-04-25T23:59:59Z,CN=insurance.santos.com,insurance.santos.com,,www.insurance.santos.com,"CN=Amazon RSA 2048 M01, O=Amazon, C=US",Amazon RSA 2048 M01,Amazon,b4f8151be57780d417ea386694391011,b7729ef69190729218d215d20562663c3f2170e2e28677a8af03e7df3250268b,ctls,insurance.santos.com,443,https://insurance.santos.com:443,https,text/html,GET,143.204.215.127,/,817049693,https://insurance.santos.com/wp-login.php?redirect_to=https%3A%2F%2Finsurance.santos.com%2F&reauth=1,2600:9000:214f:7800:16:40a4:6340:93a1,WordPress,168,False,cloudfront,nginx,True,,,
irr.santos.com,Integrated Risk Register,200,6150,irr.santos.com,443,True,tls12,TLS_ECDHE_RSA_WITH_AES_256_GCM_SHA384,2023-04-17T00:00:00Z,2024-05-16T23:59:59Z,"CN=*.santos.com, O=Santos LTD, ST=South Australia, C=AU",*.santos.com,Santos LTD,santos.com,"CN=Sectigo RSA Organization Validation Secure Server CA, O=Sectigo Limited, L=Salford, ST=Greater Manchester, C=GB",Sectigo RSA Organization Validation Secure Server CA,Sectigo Limited,a1250bdc76c65b85975de41d1ce44cf1,5183b33f94c4692b093880bb178d38c8127b81540c4d8872a4ec38c2f30a91a3,ctls,irr.santos.com,443,https://irr.santos.com:443,https,text/html,GET,13.75.138.224,/,549005556,,13.75.138.224,Windows Server,46,False,azure,Microsoft-IIS/10.0,True,True,,
kelvin-cooper.santos.com,Kelvin Maps,200,860,kelvin-cooper.santos.com,443,True,tls12,TLS_ECDHE_RSA_WITH_AES_128_GCM_SHA256,2023-05-17T00:00:00Z,2024-06-16T23:59:59Z,CN=kelvin-cooper.santos.com,kelvin-cooper.santos.com,,www.kelvin-cooper.santos.com,"CN=Sectigo RSA Domain Validation Secure Server CA, O=Sectigo Limited, L=Salford, ST=Greater Manchester, C=GB",Sectigo RSA Domain Validation Secure Server CA,Sectigo Limited,270ebf1612bffa27e09c5d0dc923426b,3269751ab0ece29d4c14b2a0c43d0dcc5ae989121c1af5ac0296d1f378301af7,ctls,kelvin-cooper.santos.com,443,https://kelvin-cooper.santos.com:443,https,text/html,GET,52.65.114.60,/,1080280624,https://kelvin-cooper.santos.com/maps/,3.25.6.152,HSTS,1,False,,,,,*.atlassian.com,
kelvin-csg.santos.com,SmartPCP™,200,7599,kelvin-csg.santos.com,443,True,tls12,TLS_ECDHE_RSA_WITH_AES_128_GCM_SHA256,2023-05-17T00:00:00Z,2024-06-16T23:59:59Z,CN=kelvin-csg.santos.com,kelvin-csg.santos.com,,www.kelvin-csg.santos.com,"CN=Sectigo RSA Domain Validation Secure Server CA, O=Sectigo Limited, L=Salford, ST=Greater Manchester, C=GB",Sectigo RSA Domain Validation Secure Server CA,Sectigo Limited,fe7716a3f1b3fdb74e39a19b8b76a671,fc5b47179af37d70763ae0af08171dec4dff6287c61b4b93d862a69f7cf846ef,ctls,kelvin-csg.santos.com,443,https://kelvin-csg.santos.com:443,https,text/html,GET,52.22.151.212,/,4809844,https://kelvin-csg.santos.com/smartpcp/login?callbackUrl=%2F,3.221.34.232,webpack,9,False,,,,,*.kelvin.ai,
lms-azure.santos.com,,200,679,lms-azure.santos.com,443,True,tls12,TLS_ECDHE_RSA_WITH_AES_128_GCM_SHA256,2023-04-10T00:00:00Z,2023-10-10T23:59:59Z,CN=lms-azure.santos.com,lms-azure.santos.com,,lms-azure.santos.com,"CN=GeoTrust Global TLS RSA4096 SHA256 2022 CA1, O=DigiCert\, Inc., C=US",GeoTrust Global TLS RSA4096 SHA256 2022 CA1,"DigiCert, Inc.",ddd64c5a436757b8fbec94f8cb193366,64c03878f070d542212eb3241077ea80ce4462df6ee4129e45a717b2d7b78816,ctls,lms-azure.santos.com,443,https://lms-azure.santos.com:443,https,text/html,GET,13.107.246.45,/,917302437,,2620:1ec:46::45,Azure Front Door,10,False,,,,,,
mimecast.santos.com,Sign in to your account,200,50896,login.microsoftonline.com,443,True,tls12,TLS_ECDHE_RSA_WITH_AES_256_GCM_SHA384,2023-06-01T00:00:00Z,2024-06-01T23:59:59Z,"CN=stamp2.login.microsoftonline.com, O=Microsoft Corporation, L=Redmond, ST=Washington, C=US",stamp2.login.microsoftonline.com,Microsoft Corporation,stamp2.login.microsoftonline-int.com,"CN=DigiCert SHA2 Secure Server CA, O=DigiCert Inc, C=US",DigiCert SHA2 Secure Server CA,DigiCert Inc,3e5363ca089bb6cd32f00c16e8c60c1d,722ffa737efee47ce8a79dd30a184c0967708de86a0c20d85e015d7c21075dee,ctls,login.microsoftonline.com,443,https://mimecast.santos.com:443,https,text/html,GET,20.37.196.199,/,-1840324437,https://login.microsoftonline.com/447a9cb9-b230-46bf-b430-a7b9f50e3c1e/oauth2/authorize?client_id=0000000c-0000-0000-c000-000000000000&redirect_uri=https%3A%2F%2Faccount.activedirectory.windowsazure.com%2F&response_mode=form_post&response_type=code%20id_token&scope=openid%20profile&state=OpenIdConnect.AuthenticationProperties%3DAQAAAAMAAAAIVGVuYW50SWSrATRJZnRpLUZ3bUprYXF6VkducXl3OW1hVkEwb2ltVHlId1FKZ2VGZHVCSllrUjMxOEZDQUhNcmdXaXB4UWdVSnI3eWc5bVhidjhDX2tCazIxUENkWVB2TlJ6eFYwQmUwMFkxRXotTWt0aDA0SnlHV3VNNG9wTDgzU1RtZUw0a3FibzlJcS13dXEtdXNuelFBN1dUQWduazZPa2tTcGZWd0NoUF8xeWdBZ29hVQkucmVkaXJlY3TQAWh0dHBzOi8vYWNjb3VudC5hY3RpdmVkaXJlY3Rvcnkud2luZG93c2F6dXJlLmNvbS9hcHBsaWNhdGlvbnMvcmVkaXJlY3R0b2FwcGxpY2F0aW9uLmFzcHg_T3BlcmF0aW9uPUxpbmtlZFNpZ25JbiZhcHBsaWNhdGlvbklkPThjMTEyZTk0LTJkZWUtNGE1Ni1iOWFiLWE1MTEwNzFmZDYyNyZ0ZW5hbnRJZD00NDdhOWNiOS1iMjMwLTQ2YmYtYjQzMC1hN2I5ZjUwZTNjMWUeT3BlbklkQ29ubmVjdC5Db2RlLlJlZGlyZWN0VXJpwAE2TDdlQ0w4YUpROTBQd0pPY2FuX2IxbXg3MlR1aHcxeVR3LXJEUHg0d2xnd2I5WHJxa1d6ZEtPRVdQTlFNRjN1TkFzMWVXcTlMeGtUYTVOOUo2VUg3cW0zdEt0TDl0Yjh0WW05bnFCbUtpMzRHVER0S0pGQXd5SWFERnlaQV9MMzBiM1U0WjdFQnJlZ3N6dmtfemVfWnI1X25KM0NMTE5TbEJJeVU0M2F6dzBxZlcxWEpJaEktOUFUSUdKZVktOVc&nonce=1689911462.RYw8pXcLH0v_uU3r1Mh7xw&nux=1,20.37.196.199,HSTS,95,False,azure,,True,,,
mobilevpn.santos.com,,200,170,mobilevpn.santos.com,443,True,tls12,TLS_RSA_WITH_AES_256_GCM_SHA384,2023-04-17T00:00:00Z,2024-05-16T23:59:59Z,"CN=*.santos.com, O=Santos LTD, ST=South Australia, C=AU",*.santos.com,Santos LTD,santos.com,"CN=Sectigo RSA Organization Validation Secure Server CA, O=Sectigo Limited, L=Salford, ST=Greater Manchester, C=GB",Sectigo RSA Organization Validation Secure Server CA,Sectigo Limited,a1250bdc76c65b85975de41d1ce44cf1,5183b33f94c4692b093880bb178d38c8127b81540c4d8872a4ec38c2f30a91a3,ctls,mobilevpn.santos.com,443,https://mobilevpn.santos.com:443,https,text/html,GET,52.64.23.170,/,593259606,,52.64.23.170,HSTS,4,False,,,,True,,
myflights.santos.com,My Flights,200,2446,myflights.santos.com,443,True,tls13,TLS_AES_128_GCM_SHA256,2023-05-02T08:32:47Z,2023-10-29T08:32:47Z,CN=imperva.com,imperva.com,,imperva.com,"CN=GlobalSign Atlas R3 DV TLS CA 2023 Q2, O=GlobalSign nv-sa, C=BE",GlobalSign Atlas R3 DV TLS CA 2023 Q2,GlobalSign nv-sa,558d234d8e674e5b833f02bce7cc7772,a19cd904e6b88b573466732aa62b70912d7fadae1168c5612f997705d2861f2e,ctls,myflights.santos.com,443,https://myflights.santos.com:443,https,text/html,GET,45.60.87.127,/,-816604958,https://myflights.santos.com/myflights/,45.60.87.127,Windows Server,72,False,incapsula,Apache/2.4.55 (Win64) OpenSSL/3.0.8,True,True,,
myhelp.santos.com,Santos myHelp,200,2245,myhelp.santos.com,443,True,tls13,TLS_AES_128_GCM_SHA256,2023-04-17T00:00:00Z,2024-05-16T23:59:59Z,"CN=*.santos.com, O=Santos LTD, ST=South Australia, C=AU",*.santos.com,Santos LTD,santos.com,"CN=Sectigo RSA Organization Validation Secure Server CA, O=Sectigo Limited, L=Salford, ST=Greater Manchester, C=GB",Sectigo RSA Organization Validation Secure Server CA,Sectigo Limited,a1250bdc76c65b85975de41d1ce44cf1,5183b33f94c4692b093880bb178d38c8127b81540c4d8872a4ec38c2f30a91a3,ctls,myhelp.santos.com,443,https://myhelp.santos.com:443,https,text/html,GET,52.222.236.32,/,-1370986417,,52.222.236.81,Amazon Web Services,53,False,cloudfront,AmazonS3,True,True,,
myservices.santos.com,Sign in to your account,200,38270,login.microsoftonline.com,443,True,tls12,TLS_ECDHE_RSA_WITH_AES_256_GCM_SHA384,2023-06-01T00:00:00Z,2024-06-01T23:59:59Z,"CN=stamp2.login.microsoftonline.com, O=Microsoft Corporation, L=Redmond, ST=Washington, C=US",stamp2.login.microsoftonline.com,Microsoft Corporation,stamp2.login.microsoftonline-int.com,"CN=DigiCert SHA2 Secure Server CA, O=DigiCert Inc, C=US",DigiCert SHA2 Secure Server CA,DigiCert Inc,3e5363ca089bb6cd32f00c16e8c60c1d,722ffa737efee47ce8a79dd30a184c0967708de86a0c20d85e015d7c21075dee,ctls,login.microsoftonline.com,443,https://myservices.santos.com:443,https,text/html,GET,13.225.78.67,/,1863950580,https://login.microsoftonline.com/447a9cb9-b230-46bf-b430-a7b9f50e3c1e/saml2?SAMLRequest=jVJNb9swDP0rhu62ZceJYyEOkCUoGqDrjCbrYTdJplsBsuSJctr%2B%2B7lKhnaHBb0J5CPfB7VC3ut8YJvRP5sH%2BD0C%2Bui11wbZuVOT0RlmOSpkhveAzEt22Hy%2FY3lC2eCst9JqEm0QwXllzdYaHHtwB3AnJeHnw11Nnr0fkKUpcuMtJnhuxca%2BJNL2KQ4k2k3EyvD3DR94bZ%2BUSXolnUXbeWu0MhBGiqLklRRVLPIZjYuF6GJRTC9eiqqbU5jJDNLggEQ31kkIBmvScY1Aov2uJof7LS9EJtqKLheVpMusXciF7JZlWUoqRNu2ExAbjqhO8DGKOMLeoJ%2B81CSn%2BSymZZxnRzpj84zRKZZ59YtEzSWab8q0yjxdz1GcQchuj8cmbn4cjmHBSbXg7if0lyJ8BIchvmkjWa%2BCexbkus8nva6E%2F70jWV%2BnXKWfCS50A3tXu981Viv5Fm20ti9bB9xPDrwbIRyj5%2F7%2FGrIkCxXVxl2AstHgAFJ1ClqSri%2B0%2F%2F7Y9R8%3D&RelayState=https%3A%2F%2Fsantos.service-now.com%2Fsp,13.225.78.115,HSTS,95,False,cloudfront,,True,,,
ncr.santos.com,NCR - Redirection ...,200,719,ncr.santos.com,443,True,tls13,TLS_AES_128_GCM_SHA256,2023-05-02T08:32:47Z,2023-10-29T08:32:47Z,CN=imperva.com,imperva.com,,imperva.com,"CN=GlobalSign Atlas R3 DV TLS CA 2023 Q2, O=GlobalSign nv-sa, C=BE",GlobalSign Atlas R3 DV TLS CA 2023 Q2,GlobalSign nv-sa,558d234d8e674e5b833f02bce7cc7772,a19cd904e6b88b573466732aa62b70912d7fadae1168c5612f997705d2861f2e,ctls,ncr.santos.com,443,https://ncr.santos.com:443,https,text/html,GET,45.60.87.127,/,1843447157,,45.60.87.127,Windows Server,19,False,incapsula,Microsoft-IIS/8.5,True,True,url=https://ncr.quadrantenergy.com.au/ncr,
prisma.santos.com,Sign in to your account,200,50825,login.microsoftonline.com,443,True,tls12,TLS_ECDHE_RSA_WITH_AES_256_GCM_SHA384,2023-06-01T00:00:00Z,2024-06-01T23:59:59Z,"CN=stamp2.login.microsoftonline.com, O=Microsoft Corporation, L=Redmond, ST=Washington, C=US",stamp2.login.microsoftonline.com,Microsoft Corporation,stamp2.login.microsoftonline-int.com,"CN=DigiCert SHA2 Secure Server CA, O=DigiCert Inc, C=US",DigiCert SHA2 Secure Server CA,DigiCert Inc,3e5363ca089bb6cd32f00c16e8c60c1d,722ffa737efee47ce8a79dd30a184c0967708de86a0c20d85e015d7c21075dee,ctls,login.microsoftonline.com,443,https://prisma.santos.com:443,https,text/html,GET,20.37.196.199,/,-1840324437,https://login.microsoftonline.com/447a9cb9-b230-46bf-b430-a7b9f50e3c1e/oauth2/authorize?client_id=0000000c-0000-0000-c000-000000000000&redirect_uri=https%3A%2F%2Faccount.activedirectory.windowsazure.com%2F&response_mode=form_post&response_type=code%20id_token&scope=openid%20profile&state=OpenIdConnect.AuthenticationProperties%3DAQAAAAMAAAAIVGVuYW50SWSrAW9sRUs4Ty1UcXVMRDluRlZBOWhXRTdmZlpjU29MZjlKTUJEUmNMTFE5RGZrbHFCTURqaXk5WUZReTVzTVBWQUtkWnYwUl9VV1c2Z3RONjF5WVE1MkRDUW1mVk9RZk94Wl9rWlZTbXdNOXJsT2pyaGtoUEtSZTl0SUZjdVdHS1M4NzY0b2lXVmV1RThMQmttYTNta0NUMDJEbUxZU3JHUWNoNnR2LTBKclQ2ZwkucmVkaXJlY3TQAWh0dHBzOi8vYWNjb3VudC5hY3RpdmVkaXJlY3Rvcnkud2luZG93c2F6dXJlLmNvbS9hcHBsaWNhdGlvbnMvcmVkaXJlY3R0b2FwcGxpY2F0aW9uLmFzcHg_T3BlcmF0aW9uPUxpbmtlZFNpZ25JbiZhcHBsaWNhdGlvbklkPTkzMmZjNTUzLTE5MmEtNDM5Yi04YjRjLWM1NzBlOTlhN2NjMCZ0ZW5hbnRJZD00NDdhOWNiOS1iMjMwLTQ2YmYtYjQzMC1hN2I5ZjUwZTNjMWUeT3BlbklkQ29ubmVjdC5Db2RlLlJlZGlyZWN0VXJpwAFXNE9HaksyTzNCQllkdnRDSVAxQk91Zk1UeFkzeXkyM1FHY1pQa19KVEEtZXNaWEhWWG5VMURoUVMyZVI2ZkVnNEJvNkVKQl9GNF94aUl5cEdYRFZvQjdmWS0tMEVyZ0hEZFgwd0FIaUxrSEN2SkM2UzRPcVZSU051WmpDSmh6QVV6TVpTamJfZndJNVk1TmxGVGdUQm1MdTBNOHJyMnlUbFpwSGdydWtsVThETHQtVUY1NmxyUGQ5ZDBSbFhHZVY&nonce=1689911462.Uw0SM8uCdPZDpZNb2iUrLg&nux=1,20.37.196.199,HSTS,95,False,azure,,True,,,
quicksight.santos.com,Sign in to your account,200,50825,login.microsoftonline.com,443,True,tls12,TLS_ECDHE_RSA_WITH_AES_256_GCM_SHA384,2023-06-01T00:00:00Z,2024-06-01T23:59:59Z,"CN=stamp2.login.microsoftonline.com, O=Microsoft Corporation, L=Redmond, ST=Washington, C=US",stamp2.login.microsoftonline.com,Microsoft Corporation,stamp2.login.microsoftonline-int.com,"CN=DigiCert SHA2 Secure Server CA, O=DigiCert Inc, C=US",DigiCert SHA2 Secure Server CA,DigiCert Inc,3e5363ca089bb6cd32f00c16e8c60c1d,722ffa737efee47ce8a79dd30a184c0967708de86a0c20d85e015d7c21075dee,ctls,login.microsoftonline.com,443,https://quicksight.santos.com:443,https,text/html,GET,20.37.196.199,/,-1840324437,https://login.microsoftonline.com/447a9cb9-b230-46bf-b430-a7b9f50e3c1e/oauth2/authorize?client_id=0000000c-0000-0000-c000-000000000000&redirect_uri=https%3A%2F%2Faccount.activedirectory.windowsazure.com%2F&response_mode=form_post&response_type=code%20id_token&scope=openid%20profile&state=OpenIdConnect.AuthenticationProperties%3DAQAAAAMAAAAIVGVuYW50SWSrAWpJN1hmWXJiUThhQXJIdENULVJNNHduaFloYTVuTU5JZ3o4RjJubElJTEoya3l4RHk5bTBncVJRbS1KTWVOcklLaVhzNDhfSkY4NUdPamctSHQ5dmQxZWs1WlYxcFg4MzM5TGt1YWNUVFNOTnJ2LWc4VFJnTXBuZVIydnlqbnMzR2t5S2hxWE1NYjdvSWpMNHN3YUlaOGNhMU5HaVVsVzBQbC0wY1cwWHhOMAkucmVkaXJlY3TQAWh0dHBzOi8vYWNjb3VudC5hY3RpdmVkaXJlY3Rvcnkud2luZG93c2F6dXJlLmNvbS9hcHBsaWNhdGlvbnMvcmVkaXJlY3R0b2FwcGxpY2F0aW9uLmFzcHg_T3BlcmF0aW9uPUxpbmtlZFNpZ25JbiZhcHBsaWNhdGlvbklkPTdjNTY5NDlkLWZjNjYtNGE5YS1hYmViLTZmZDNhYWE2NWIwOCZ0ZW5hbnRJZD00NDdhOWNiOS1iMjMwLTQ2YmYtYjQzMC1hN2I5ZjUwZTNjMWUeT3BlbklkQ29ubmVjdC5Db2RlLlJlZGlyZWN0VXJpwAFpQXVlWGl0V1I4NWMyUkhlZlNtYktuNWZDWDlPR0ZMOXdRM2lQMTllcDRtMDY4WDZXSExUM2dtakR0SzdoWnFmVWVwRWZyZkZMeXZVZ1pGd2plNFRoWGpiSTkyMEtmb1ZkZlNpTkhmQUJXSUxVcEItemlBWlNMbGZtQ2VWeXVxSlhocmg2b0hybkh1bzRHV19rWUl6VDMydGE2UURZdmZkNGlLX0EtaFNESldfNnNUay1iOWNLRVh3MkhmMWhsdzI&nonce=1689911462.CWze8NeNQUttrZUFIA1h_g&nux=1,20.37.196.199,HSTS,95,False,azure,,True,,,
recruitment.santos.com,Find Jobs - Careers,200,71550,recruitment.santos.com,443,True,tls12,TLS_ECDHE_RSA_WITH_AES_256_GCM_SHA384,2023-04-13T00:00:00Z,2024-03-22T23:59:59Z,CN=recruitment.santos.com,recruitment.santos.com,,www.recruitment.santos.com,"CN=Sectigo RSA Domain Validation Secure Server CA, O=Sectigo Limited, L=Salford, ST=Greater Manchester, C=GB",Sectigo RSA Domain Validation Secure Server CA,Sectigo Limited,ba64a109e68b62ab17de920ca1ea1ba6,ca33177e48cb1175069c31417874974aefaec3941ed9c74b06f00ef35c16b348,ctls,recruitment.santos.com,443,https://recruitment.santos.com:443,https,text/html,GET,13.236.132.89,/,-1231371013,,13.236.132.89,Nginx,1095,False,,nginx,,,,
remote.santos.com,Working Remote Guide 2020,200,2269,remote.santos.com,443,True,tls13,TLS_AES_128_GCM_SHA256,2023-04-17T00:00:00Z,2024-05-16T23:59:59Z,"CN=*.santos.com, O=Santos LTD, ST=South Australia, C=AU",*.santos.com,Santos LTD,santos.com,"CN=Sectigo RSA Organization Validation Secure Server CA, O=Sectigo Limited, L=Salford, ST=Greater Manchester, C=GB",Sectigo RSA Organization Validation Secure Server CA,Sectigo Limited,a1250bdc76c65b85975de41d1ce44cf1,5183b33f94c4692b093880bb178d38c8127b81540c4d8872a4ec38c2f30a91a3,ctls,remote.santos.com,443,https://remote.santos.com:443,https,text/html,GET,143.204.215.71,/,1308749735,,143.204.215.122,Amazon Web Services,53,False,cloudfront,AmazonS3,True,True,,
resources.santos.com,,403,255,resources.santos.com,443,True,tls13,TLS_AES_128_GCM_SHA256,2023-04-17T00:00:00Z,2024-05-16T23:59:59Z,"CN=*.santos.com, O=Santos LTD, ST=South Australia, C=AU",*.santos.com,Santos LTD,santos.com,"CN=Sectigo RSA Organization Validation Secure Server CA, O=Sectigo Limited, L=Salford, ST=Greater Manchester, C=GB",Sectigo RSA Organization Validation Secure Server CA,Sectigo Limited,a1250bdc76c65b85975de41d1ce44cf1,5183b33f94c4692b093880bb178d38c8127b81540c4d8872a4ec38c2f30a91a3,ctls,resources.santos.com,443,https://resources.santos.com:443,https,application/xml,GET,18.66.97.127,/,-1008753693,,18.66.97.112,Amazon Web Services,2,False,cloudfront,AmazonS3,True,True,,
santos.com,A Global Energy Pioneer,200,44084,www.santos.com,443,True,tls13,TLS_AES_128_GCM_SHA256,2023-03-12T00:00:00Z,2024-04-08T23:59:59Z,CN=santos.com,santos.com,,www.santos.com,"CN=Amazon RSA 2048 M01, O=Amazon, C=US",Amazon RSA 2048 M01,Amazon,1f52b557beaf40c27906f83c101f2fa8,9b085f9b8220027332d9b5f93fdb07914474710af80ffedcc76f4ddb37075c83,ctls,www.santos.com,443,https://santos.com:443,https,text/html,GET,18.66.147.127,/,-1840324437,https://www.santos.com/,18.66.147.98,WordPress,773,False,cloudfront,nginx,True,,,
santosforms.santos.com,Santos Forms,200,2456,santosforms.santos.com,443,True,tls12,TLS_ECDHE_RSA_WITH_AES_256_GCM_SHA384,2023-04-17T00:00:00Z,2024-05-16T23:59:59Z,"CN=*.santos.com, O=Santos LTD, ST=South Australia, C=AU",*.santos.com,Santos LTD,santos.com,"CN=Sectigo RSA Organization Validation Secure Server CA, O=Sectigo Limited, L=Salford, ST=Greater Manchester, C=GB",Sectigo RSA Organization Validation Secure Server CA,Sectigo Limited,a1250bdc76c65b85975de41d1ce44cf1,5183b33f94c4692b093880bb178d38c8127b81540c4d8872a4ec38c2f30a91a3,ctls,santosforms.santos.com,443,https://santosforms.santos.com:443,https,text/html,GET,13.75.138.224,/,-140812221,,13.75.138.224,Windows Server,48,False,azure,Microsoft-IIS/10.0,True,True,,
shib.santos.com,Sign in to your account,200,41260,login.microsoftonline.com,443,True,tls12,TLS_ECDHE_RSA_WITH_AES_256_GCM_SHA384,2023-06-01T00:00:00Z,2024-06-01T23:59:59Z,"CN=stamp2.login.microsoftonline.com, O=Microsoft Corporation, L=Redmond, ST=Washington, C=US",stamp2.login.microsoftonline.com,Microsoft Corporation,stamp2.login.microsoftonline-int.com,"CN=DigiCert SHA2 Secure Server CA, O=DigiCert Inc, C=US",DigiCert SHA2 Secure Server CA,DigiCert Inc,3e5363ca089bb6cd32f00c16e8c60c1d,722ffa737efee47ce8a79dd30a184c0967708de86a0c20d85e015d7c21075dee,ctls,login.microsoftonline.com,443,https://shib.santos.com:443,https,text/html,GET,13.70.151.195,/,-1517337687,https://login.microsoftonline.com/447a9cb9-b230-46bf-b430-a7b9f50e3c1e/oauth2/authorize?response_type=code&client_id=ff60cc16-2ef8-44be-b872-3404f6363a35&scope=openid&nonce=900cc2b8-5922-44a8-ae2b-f7a590ca6d50&redirect_uri=https%3a%2f%2fshib.santos.com%2f&state=AppProxyState%3a%7b%22InvalidTokenRetry%22%3anull%2c%22IsMsofba%22%3afalse%2c%22OriginalRawUrl%22%3a%22https%3a%5c%2f%5c%2fshib.santos.com%5c%2f%22%2c%22RequestProfileId%22%3anull%2c%22SessionId%22%3a%225830028f-a89d-416d-8bd0-feb4e0d2609d%22%7d%23EndOfStateParam%23&client-request-id=5830028f-a89d-416d-8bd0-feb4e0d2609d,13.70.151.195,HSTS,95,False,azure,,True,,,
splunk.santos.com,Sign in to your account,200,50825,login.microsoftonline.com,443,True,tls12,TLS_ECDHE_RSA_WITH_AES_256_GCM_SHA384,2023-06-01T00:00:00Z,2024-06-01T23:59:59Z,"CN=stamp2.login.microsoftonline.com, O=Microsoft Corporation, L=Redmond, ST=Washington, C=US",stamp2.login.microsoftonline.com,Microsoft Corporation,stamp2.login.microsoftonline-int.com,"CN=DigiCert SHA2 Secure Server CA, O=DigiCert Inc, C=US",DigiCert SHA2 Secure Server CA,DigiCert Inc,3e5363ca089bb6cd32f00c16e8c60c1d,722ffa737efee47ce8a79dd30a184c0967708de86a0c20d85e015d7c21075dee,ctls,login.microsoftonline.com,443,https://splunk.santos.com:443,https,text/html,GET,20.37.196.199,/,-1840324437,https://login.microsoftonline.com/447a9cb9-b230-46bf-b430-a7b9f50e3c1e/oauth2/authorize?client_id=0000000c-0000-0000-c000-000000000000&redirect_uri=https%3A%2F%2Faccount.activedirectory.windowsazure.com%2F&response_mode=form_post&response_type=code%20id_token&scope=openid%20profile&state=OpenIdConnect.AuthenticationProperties%3DAQAAAAMAAAAIVGVuYW50SWSrAU8ySXRMU0hJZ1ZhV1o2blpsVzdMb0JPaUNHUXpiNEFBdnQ0dnVaUG9OR1paT2ZPZVF2a0xZOEJBbGs1dmxCN1lITUYwSGxNMkozM3BjS0VTOWVpWDl4a20weUFyM2pxR09OanhDRmdOMUJBRkhUSFhKRHFiV1B1MHhiLXh2a1R5eDRNVXlRLU93VjVNenV6Q3pwcUhORW1XMG5DMGpEUVV2M0ktQTFkSk5lcwkucmVkaXJlY3TQAWh0dHBzOi8vYWNjb3VudC5hY3RpdmVkaXJlY3Rvcnkud2luZG93c2F6dXJlLmNvbS9hcHBsaWNhdGlvbnMvcmVkaXJlY3R0b2FwcGxpY2F0aW9uLmFzcHg_T3BlcmF0aW9uPUxpbmtlZFNpZ25JbiZhcHBsaWNhdGlvbklkPWVlOGI4MTU0LTk2YmItNGQyMS1hNWIyLThjNzNhNzVhNmQzZiZ0ZW5hbnRJZD00NDdhOWNiOS1iMjMwLTQ2YmYtYjQzMC1hN2I5ZjUwZTNjMWUeT3BlbklkQ29ubmVjdC5Db2RlLlJlZGlyZWN0VXJpwAFPSkFVT200VEg4OGV4VTZkUHVaY25Yc2VfYVY4eVRweGdlcjB0akF0SnR3TkM3VFktQnhuRC0zU2NRY2ZaSENKSkxHcFlkam9TZ1U0bEM4LVhLVnJxVi1xQUZUR0FlanpXMFhiRWhnRi14eEVfSllHNWxFM25GNVIyLUJjNVBILTRQRkNoSk1nMnZaVGVaT3ZrZW92QlpuZWRUU3luWTcyVW1fSklXUlpuclhqTjB5ZXRIRERDTk5oandhSUxUS08&nonce=1689911462.NS-0AEvvLHB88MK2z7sh5w&nux=1,20.37.196.199,HSTS,95,False,azure,,True,,,
starlink-portal.santos.com,Sign in to your account,200,50904,login.microsoftonline.com,443,True,tls12,TLS_ECDHE_RSA_WITH_AES_256_GCM_SHA384,2023-06-01T00:00:00Z,2024-06-01T23:59:59Z,"CN=stamp2.login.microsoftonline.com, O=Microsoft Corporation, L=Redmond, ST=Washington, C=US",stamp2.login.microsoftonline.com,Microsoft Corporation,stamp2.login.microsoftonline-int.com,"CN=DigiCert SHA2 Secure Server CA, O=DigiCert Inc, C=US",DigiCert SHA2 Secure Server CA,DigiCert Inc,3e5363ca089bb6cd32f00c16e8c60c1d,722ffa737efee47ce8a79dd30a184c0967708de86a0c20d85e015d7c21075dee,ctls,login.microsoftonline.com,443,https://starlink-portal.santos.com:443,https,text/html,GET,20.37.196.199,/,-1840324437,https://login.microsoftonline.com/447a9cb9-b230-46bf-b430-a7b9f50e3c1e/oauth2/authorize?client_id=0000000c-0000-0000-c000-000000000000&redirect_uri=https%3A%2F%2Faccount.activedirectory.windowsazure.com%2F&response_mode=form_post&response_type=code%20id_token&scope=openid%20profile&state=OpenIdConnect.AuthenticationProperties%3DAQAAAAMAAAAIVGVuYW50SWSrAUUtNUxIZTVsWFNEVjRFZzB1M21iSFI5TUFjVFFndGFwRGUyaDdDUTU1dk94RUc3Z2htTUhNSzVzZDg5SS15Wm0wV1l5N0gyakRMaDFILW5aYm5uQ21VTG1ncVFpczY0N1hpU0hpVnlmNEhhMWlqWTBKNlpLd1pVcmpiTVNoMk5JQnhQVWZoMUpUMXROMnlGUlZsTC1vMTZ4YmZyQ2Z0U3pIa1FDUGVieS1OSQkucmVkaXJlY3TQAWh0dHBzOi8vYWNjb3VudC5hY3RpdmVkaXJlY3Rvcnkud2luZG93c2F6dXJlLmNvbS9hcHBsaWNhdGlvbnMvcmVkaXJlY3R0b2FwcGxpY2F0aW9uLmFzcHg_T3BlcmF0aW9uPUxpbmtlZFNpZ25JbiZhcHBsaWNhdGlvbklkPTc2MzM3MDg1LTI5NDItNDFkZi1hNGQzLTE5ZTMzYjg2MTY1OSZ0ZW5hbnRJZD00NDdhOWNiOS1iMjMwLTQ2YmYtYjQzMC1hN2I5ZjUwZTNjMWUeT3BlbklkQ29ubmVjdC5Db2RlLlJlZGlyZWN0VXJpwAFFQVRnMnQ3OER2X1FQV0xHY0Naa1RBbTduNWhOQzdFQVQ0SmZDa0xDQmtYUXdvMl8yYmpOTHZSSzZFb25vOVhaY1AxQzQyN0k4YmRabkFlcG5XR0Nmd1R2UXJkU0Nla1BsRy03YkVIUldmRERsbTZUeGQxWmNUSmlqMUtzNTMzSXBLNC1EMW92bTJ6cVVvNTRPMzA0bTZNYVpNVHlKMWtUSTh1aGFRSVBVMUJ2OXl3OHA1ajBKZDhCcVlSeHU0M3M&nonce=1689911462.tQlmGdaCH6f4x09jq51OFQ&nux=1,20.37.196.199,HSTS,95,False,azure,,True,,,
starlink.santos.com,Login,200,6423,starlink.santos.com,443,True,tls13,TLS_AES_128_GCM_SHA256,2023-06-14T00:00:00Z,2024-07-14T23:59:59Z,CN=starlink.santos.com,starlink.santos.com,,starlinkfw.santos.com,"CN=Sectigo RSA Domain Validation Secure Server CA, O=Sectigo Limited, L=Salford, ST=Greater Manchester, C=GB",Sectigo RSA Domain Validation Secure Server CA,Sectigo Limited,42d5b22de38bcb9c8cfeab05cea77f25,85266e0c8d400f260e392f2066b8b7d0b361c670123c1f222a8a171081748bd7,ctls,starlink.santos.com,443,https://starlink.santos.com:443,https,text/html,GET,49.255.124.188,/,-1653412201,https://starlink.santos.com/login/?next=/,49.255.124.188,Python,249,False,,,,,,
starlinkportal.santos.com,Sign in to your account,200,50898,login.microsoftonline.com,443,True,tls12,TLS_ECDHE_RSA_WITH_AES_256_GCM_SHA384,2023-06-01T00:00:00Z,2024-06-01T23:59:59Z,"CN=stamp2.login.microsoftonline.com, O=Microsoft Corporation, L=Redmond, ST=Washington, C=US",stamp2.login.microsoftonline.com,Microsoft Corporation,stamp2.login.microsoftonline-int.com,"CN=DigiCert SHA2 Secure Server CA, O=DigiCert Inc, C=US",DigiCert SHA2 Secure Server CA,DigiCert Inc,3e5363ca089bb6cd32f00c16e8c60c1d,722ffa737efee47ce8a79dd30a184c0967708de86a0c20d85e015d7c21075dee,ctls,login.microsoftonline.com,443,https://starlinkportal.santos.com:443,https,text/html,GET,20.37.196.199,/,-1840324437,https://login.microsoftonline.com/447a9cb9-b230-46bf-b430-a7b9f50e3c1e/oauth2/authorize?client_id=0000000c-0000-0000-c000-000000000000&redirect_uri=https%3A%2F%2Faccount.activedirectory.windowsazure.com%2F&response_mode=form_post&response_type=code%20id_token&scope=openid%20profile&state=OpenIdConnect.AuthenticationProperties%3DAQAAAAMAAAAIVGVuYW50SWSrAU5GUXpUQWxCRmpOQkFSUVVRV0NNdWNXWHl1ajQ3TlEwNmVOVlpGZkpkYzJSTXJRNlh6bm95OEJFMGpuQ29kZW11MmVXRGV1UUw2MFpIQUpSWHhQWVdOWUoxSUZIZVRXQUg1ZjVCZ2RaMTRjbDFJNkpqX0NGWXI1R29LS1BRcE41WWQ3a3F4dmljdUtBbFQ1U3ltQ3RPZkNCa2tabXVDSzRCcXZxRS1qMzBYTQkucmVkaXJlY3TQAWh0dHBzOi8vYWNjb3VudC5hY3RpdmVkaXJlY3Rvcnkud2luZG93c2F6dXJlLmNvbS9hcHBsaWNhdGlvbnMvcmVkaXJlY3R0b2FwcGxpY2F0aW9uLmFzcHg_T3BlcmF0aW9uPUxpbmtlZFNpZ25JbiZhcHBsaWNhdGlvbklkPTc2MzM3MDg1LTI5NDItNDFkZi1hNGQzLTE5ZTMzYjg2MTY1OSZ0ZW5hbnRJZD00NDdhOWNiOS1iMjMwLTQ2YmYtYjQzMC1hN2I5ZjUwZTNjMWUeT3BlbklkQ29ubmVjdC5Db2RlLlJlZGlyZWN0VXJpwAF1ZHprREtILTAyU1pjc19zbmRaTS0yS3JqTzc1QjlkM1BHcDlHR1VTUWJEc000a1ByQnBzV2hFd2owQ2ZKWTBQN2JQaEZVR1FYRERSS215UlBpUXg5dmtaUmJTclFnVW1WMFl0aTEyY3RqMF8tMWdlQzdvQ09EekZBZ1l2YnF0M0dscE9OQXk5MTdOSldrS2pPQWVjdk14cTYtaFpyMG5razdwYV9Rck13TFNrQTZTeEVRT0lQeUV2SktrRGNZLTU&nonce=1689911462.jj3J9YwiuoUmjmNVY59G8w&nux=1,20.37.196.199,HSTS,95,False,azure,,True,,,
storefront.santos.com,NetScaler AAA,200,42775,storefront.santos.com,443,True,tls13,TLS_CHACHA20_POLY1305_SHA256,2023-04-17T00:00:00Z,2024-05-16T23:59:59Z,"CN=*.santos.com, O=Santos LTD, ST=South Australia, C=AU",*.santos.com,Santos LTD,santos.com,"CN=Sectigo RSA Organization Validation Secure Server CA, O=Sectigo Limited, L=Salford, ST=Greater Manchester, C=GB",Sectigo RSA Organization Validation Secure Server CA,Sectigo Limited,a1250bdc76c65b85975de41d1ce44cf1,5183b33f94c4692b093880bb178d38c8127b81540c4d8872a4ec38c2f30a91a3,ctls,storefront.santos.com,443,https://storefront.santos.com:443,https,text/html,GET,103.54.238.204,/,12023395,https://storefront.santos.com/logon/LogonPoint/tmindex.html,103.54.238.204,HSTS,721,False,,Apache,,True,,
successfactors.santos.com,,200,1573,performancemanager10.successfactors.com,443,True,tls12,TLS_ECDHE_RSA_WITH_AES_256_GCM_SHA384,2023-02-14T00:00:00Z,2024-02-13T23:59:59Z,"CN=*.successfactors.com, O=SAP SE, L=Walldorf, ST=Baden-Württemberg, C=DE",*.successfactors.com,SAP SE,successfactors.com,"CN=DigiCert TLS RSA SHA256 2020 CA1, O=DigiCert Inc, C=US",DigiCert TLS RSA SHA256 2020 CA1,DigiCert Inc,da0d4a6cf8ab9b92b388bc25b802fd3e,90cd46f1a907393aa5417214adc8b61c0a789f99d402b9202118e5dda78f8d8d,ctls,performancemanager10.successfactors.com,443,https://successfactors.santos.com:443,https,text/html,GET,23.101.224.24,/,,https://performancemanager10.successfactors.com/saml2/Login?company=santosltd&RelayState=%2Flogin%3Fcompany%3Dsantosltd%26loginMethod%3DSSO&_s.crb=bjuKS3wjFuBDBCNjFG%252b5QCSxRY%252f3ti5EszMJN7a8LhU%253d,23.101.224.24,Java,6,False,azure,Successfactors,True,True,url=https://aowekonew.accounts.ondemand.com/saml2/idp/sso/?SAMLRequest=fZJBT9wwEIX%2FiuW7EydZdpG1WbRlhViphRWkPfRSOfakWCSe1OM08O8J2aWCQ7nOvJn35rPXF09dy%2F5CIIe%2B5FkiOQNv0Dr%2Fu%2BTfqytxzi82a9Jdm%2FdqO8QHfwd%2FBqDIpkFP6tgp%2BRC8Qk2OlNcdkIpG3W%2B%2FfVV5IlUfMKLBlrPdNOi8jrPZQ4w9qTTVOMIjehgTbQwOPlKC3kKnvU0MdulskTrbp0SYcnaFwcAcpeSNbgk42%2B9K%2FmtV17mWi1zAuV6JRbGqhbaZFKZoZL1slgtb5JOUaIC9p6h9LHku80LIlcizShbqLFOySIrF8idnh1PoL84fYXx2YX0UkbquqoM43N5XnP14gzoJ%2BAmhmt3De3afL9ZEEF5x8c0brnEcExqMAaJGm4iBTpR8RGqjXafvrf693c20e787YOvMM9u2LY6XAXSEkscwwEy10%2FH%2FabIkmyvOimaWqsFTD8Y1DixPNyfbj59k8wI%3D&RelayState=%2Flogin%3Fcompany%3Dsantosltd%26loginMethod%3DSSO&SigAlg=http%3A%2F%2Fwww.w3.org%2F2000%2F09%2Fxmldsig%23rsa-sha1&Signature=H9tlSAw7X83kSovUrIdERggQSzz0wU8kKOWabjSNT8F9rjhPKOAJFXPejIvs%2BMzrMCnHfkdO4JdAJzv%2BXQTP%2BDcfETPpzQ8tetqDbAPb4wSc2tAycFJ0MB2MwaR%2BF3hULwsLIV21jb5Is0xbaYHREUMLnOHF3V3Imo0Ln%2F7jdq8%3D,
vpob.santos.com,VantagePOB,200,4750,vpob.santos.com,443,True,tls13,TLS_AES_128_GCM_SHA256,2023-05-02T08:32:47Z,2023-10-29T08:32:47Z,CN=imperva.com,imperva.com,,imperva.com,"CN=GlobalSign Atlas R3 DV TLS CA 2023 Q2, O=GlobalSign nv-sa, C=BE",GlobalSign Atlas R3 DV TLS CA 2023 Q2,GlobalSign nv-sa,558d234d8e674e5b833f02bce7cc7772,a19cd904e6b88b573466732aa62b70912d7fadae1168c5612f997705d2861f2e,ctls,vpob.santos.com,443,https://vpob.santos.com:443,https,text/html,GET,45.60.87.127,/,-297069493,https://vpob.santos.com/pob/p_web_auth.draw_login,45.60.87.127,Windows Server,115,False,incapsula,Apache/2.4.55 (Win64) OpenSSL/3.0.8,True,True,,
waterportal.santos.com,Santos Water Portal,200,20572,waterportal.santos.com,443,True,tls13,TLS_AES_128_GCM_SHA256,2023-07-15T00:00:00Z,2024-08-11T23:59:59Z,CN=waterportal.santos.com,waterportal.santos.com,,www.waterportal.santos.com,"CN=Amazon RSA 2048 M02, O=Amazon, C=US",Amazon RSA 2048 M02,Amazon,0ac57cd0fceac8cbc466eb1e8e311bbb,084b80a3c46bc7fe4a2702b11b49761dc23368570a450a64a4f42961e9b5e268,ctls,waterportal.santos.com,443,https://waterportal.santos.com:443,https,text/html,GET,52.222.214.128,/,-1973424235,,52.222.214.120,WordPress,349,False,cloudfront,nginx,True,,,
www.insurance.santos.com,Log In ‹ Santos Insurance — WordPress,200,10784,insurance.santos.com,443,True,tls13,TLS_AES_128_GCM_SHA256,2023-03-28T00:00:00Z,2024-04-25T23:59:59Z,CN=insurance.santos.com,insurance.santos.com,,www.insurance.santos.com,"CN=Amazon RSA 2048 M01, O=Amazon, C=US",Amazon RSA 2048 M01,Amazon,b4f8151be57780d417ea386694391011,b7729ef69190729218d215d20562663c3f2170e2e28677a8af03e7df3250268b,ctls,insurance.santos.com,443,https://www.insurance.santos.com:443,https,text/html,GET,143.204.215.105,/,2045107754,https://insurance.santos.com/wp-login.php?redirect_to=https%3A%2F%2Fwww.insurance.santos.com%2F&reauth=1,2600:9000:214f:1e00:16:40a4:6340:93a1,WordPress,168,False,cloudfront,nginx,True,,,
www.santos.com,A Global Energy Pioneer,200,44084,www.santos.com,443,True,tls13,TLS_AES_128_GCM_SHA256,2023-03-12T00:00:00Z,2024-04-08T23:59:59Z,CN=santos.com,santos.com,,www.santos.com,"CN=Amazon RSA 2048 M01, O=Amazon, C=US",Amazon RSA 2048 M01,Amazon,1f52b557beaf40c27906f83c101f2fa8,9b085f9b8220027332d9b5f93fdb07914474710af80ffedcc76f4ddb37075c83,ctls,www.santos.com,443,https://www.santos.com:443,https,text/html,GET,143.204.215.122,/,-1840324437,,143.204.215.71,WordPress,773,False,cloudfront,nginx,True,,,
yammer.santos.com,Viva Engage,200,1293,web.yammer.com,443,True,tls12,TLS_ECDHE_RSA_WITH_AES_256_GCM_SHA384,2023-02-02T03:52:19Z,2024-01-28T03:52:19Z,"CN=*.yammer.com, O=Microsoft Corporation, L=Redmond, ST=WA, C=US",*.yammer.com,Microsoft Corporation,*.eu-1.yammer.com,"CN=Microsoft Azure TLS Issuing CA 05, O=Microsoft Corporation, C=US",Microsoft Azure TLS Issuing CA 05,Microsoft Corporation,8e29b087f008dba85070d069ae42ce43,40c8bbc33747bd035be5acb7c417e1766132a551bf5c6a75586e25da4632a743,ctls,web.yammer.com,443,https://yammer.santos.com:443,https,text/html,GET,20.37.196.199,/,-1840324437,https://web.yammer.com/main/org/santos.com/feed,20.37.196.199,HSTS,27,False,azure,,True,True,https://config.edge.skype.com/,True
yopass.santos.com,Sign in to your account,200,41327,login.microsoftonline.com,443,True,tls12,TLS_ECDHE_RSA_WITH_AES_256_GCM_SHA384,2023-06-01T00:00:00Z,2024-06-01T23:59:59Z,"CN=stamp2.login.microsoftonline.com, O=Microsoft Corporation, L=Redmond, ST=Washington, C=US",stamp2.login.microsoftonline.com,Microsoft Corporation,stamp2.login.microsoftonline-int.com,"CN=DigiCert SHA2 Secure Server CA, O=DigiCert Inc, C=US",DigiCert SHA2 Secure Server CA,DigiCert Inc,3e5363ca089bb6cd32f00c16e8c60c1d,722ffa737efee47ce8a79dd30a184c0967708de86a0c20d85e015d7c21075dee,ctls,login.microsoftonline.com,443,https://yopass.santos.com:443,https,text/html,GET,13.70.151.195,/,103600356,https://login.microsoftonline.com/447a9cb9-b230-46bf-b430-a7b9f50e3c1e/oauth2/authorize?response_type=code&client_id=ff36531a-15d7-4f24-a984-864280cd761c&scope=openid&nonce=df33bd2a-e2de-4151-8e2d-afa800a163e1&redirect_uri=https%3a%2f%2fyopass.santos.com%2f&state=AppProxyState%3a%7b%22InvalidTokenRetry%22%3anull%2c%22IsMsofba%22%3afalse%2c%22OriginalRawUrl%22%3a%22https%3a%5c%2f%5c%2fyopass.santos.com%5c%2f%22%2c%22RequestProfileId%22%3anull%2c%22SessionId%22%3a%22c6b6e23d-1097-46e4-a314-7f1773721c4a%22%7d%23EndOfStateParam%23&client-request-id=c6b6e23d-1097-46e4-a314-7f1773721c4a,13.70.151.195,HSTS,95,False,azure,,True,,,
