input,title,status_code,content_length,tls_host,tls_port,tls_probe_status,tls_tls_version,tls_cipher,tls_not_before,tls_not_after,tls_subject_dn,tls_subject_cn,tls_subject_org_,tls_subject_an_,tls_issuer_dn,tls_issuer_cn,tls_issuer_org_,tls_fingerprint_hash_md,tls_fingerprint_hash_sha,tls_wildcard_certificate,tls_tls_connection,tls_sni,cdn_name,port,url,scheme,webserver,content_type,method,host,path,favicon,a_,tech_,lines,failed,cdn,tls_mismatched,csp_domains_,final_url,tls_expired
advantagelearning.ivanti.com,Ivanti,200,64371,advantagelearning.ivanti.com,443,True,tls13,TLS_AES_128_GCM_SHA256,2023-03-01T00:00:00Z,2024-02-29T23:59:59Z,"CN=advantagelearning.ivanti.com, O=Cloudflare\, Inc., L=San Francisco, ST=California, C=US",advantagelearning.ivanti.com,"Cloudflare, Inc.",advantagelearning.ivanti.com,"CN=Cloudflare Inc ECC CA-3, O=Cloudflare\, Inc., C=US",Cloudflare Inc ECC CA-3,"Cloudflare, Inc.",fe1e4fb8423364ab0ba17c57679bddd8,ca34b787670cdcc29d7ae4b81c97197ebe462bece06c978454769d9bb140de36,,ctls,advantagelearning.ivanti.com,cloudflare,443,https://advantagelearning.ivanti.com:443,https,cloudflare,text/html,GET,104.18.3.172,/,-1132923558,2606:4700::6812:2ac,HSTS,145,False,True,,,,
afeenroll.ivanti.com,HTTP Status 404 – Not Found,404,751,afeenroll.ivanti.com,443,True,tls13,TLS_AES_128_GCM_SHA256,2022-09-08T00:00:00Z,2023-09-08T23:59:59Z,"CN=afeenroll.ivanti.com, O=Ivanti\, Inc., ST=Utah, C=US",afeenroll.ivanti.com,"Ivanti, Inc.",afeenroll.ivanti.com,"CN=Sectigo RSA Organization Validation Secure Server CA, O=Sectigo Limited, L=Salford, ST=Greater Manchester, C=GB",Sectigo RSA Organization Validation Secure Server CA,Sectigo Limited,031c4f30d704c61bad012163dbf0d885,149b5fc4b965a179f1e9bd2d6bc9dc8dc6a96f0f026a144167a78da5cdc66974,,ctls,afeenroll.ivanti.com,azure,443,https://afeenroll.ivanti.com:443,https,,text/html,GET,13.92.62.233,/,-297069493,13.92.62.233,,1,False,True,,,,
ams.ivanti.com,Origin DNS error | ams.ivanti.com | Cloudflare,530,6191,ams.ivanti.com,443,True,tls13,TLS_AES_128_GCM_SHA256,2023-03-18T00:00:00Z,2024-03-17T23:59:59Z,"CN=*.ivanti.com, O=Ivanti\, Inc., ST=Utah, C=US",*.ivanti.com,"Ivanti, Inc.",ivanti.com,"CN=Sectigo RSA Organization Validation Secure Server CA, O=Sectigo Limited, L=Salford, ST=Greater Manchester, C=GB",Sectigo RSA Organization Validation Secure Server CA,Sectigo Limited,820d4f3e2b0fcc02413ea8405358ce58,d3b5a1e9df9a88f92f38b3b1ac3fd4ae2c880dd66cfc3a4ad8d06d8fcf4be2c1,True,ctls,ams.ivanti.com,cloudflare,443,https://ams.ivanti.com:443,https,cloudflare,text/html,GET,104.17.137.107,/,-1315431533,2606:4700::6811:8a6b,Cloudflare,92,False,True,,,,
androidenterprisemanagement-staging.ivanti.com,,404,,androidenterprisemanagement-staging.ivanti.com,443,True,tls12,TLS_ECDHE_RSA_WITH_AES_128_GCM_SHA256,2023-06-01T00:00:00Z,2024-05-31T23:59:59Z,"CN=androidenterprisemanagement-staging.ivanti.com, O=Ivanti\, Inc., ST=Utah, C=US",androidenterprisemanagement-staging.ivanti.com,"Ivanti, Inc.",androidenterprisemanagement-staging.ivanti.com,"CN=Sectigo RSA Organization Validation Secure Server CA, O=Sectigo Limited, L=Salford, ST=Greater Manchester, C=GB",Sectigo RSA Organization Validation Secure Server CA,Sectigo Limited,9ee8fcc9c962faf9062d87da52a25336,dfc866365b4ce16d1ccd3a7233d72d90173a42e9c267f9682dcff8d7c8735912,,ctls,androidenterprisemanagement-staging.ivanti.com,,443,https://androidenterprisemanagement-staging.ivanti.com:443,https,Kestrel,,GET,23.20.179.97,/,1772087922,35.170.95.201,Microsoft ASP.NET,1,False,,,,,
anglo.csa.ivanti.com,Ivanti(R) Cloud Services Appliance,200,1624,anglo.csa.ivanti.com,443,True,tls12,TLS_ECDHE_RSA_WITH_AES_256_GCM_SHA384,1970-01-01T00:00:00Z,2030-07-17T08:05:34Z,"CN=anglo.csa.ivanti.com, OU=Copyright (C) 2020\, Ivanti\, Inc., O=Copyright (C) 2020\, Ivanti\, Inc., L=South Jordan, ST=Utah, C=US, dnQualifier=20230719020534, dnQualifier=20230719020534",anglo.csa.ivanti.com,"Copyright (C) 2020, Ivanti, Inc.",192.168.122.1,"CN=Cloud Services Appliance, OU=Copyright (C) 2020\, Ivanti\, Inc., O=Ivanti\, Inc., L=South Jordan, ST=Utah, C=US, dnQualifier=20210917201118, dnQualifier=20210917201118",Cloud Services Appliance,"Ivanti, Inc.",4ce4ff72d2ea675d552caa02b8279088,b94a74c79b43c1c04febaf834a99d227dff396a5451591f858744d0d0ef299e8,,ctls,anglo.csa.ivanti.com,,443,https://anglo.csa.ivanti.com:443,https,,text/html,GET,52.62.208.53,/,-1703592683,52.62.208.53,,50,False,,,,,
apns-request-signing.ivanti.com,,403,23,apns-request-signing.ivanti.com,443,True,tls13,TLS_AES_128_GCM_SHA256,2023-05-22T00:00:00Z,2024-05-21T23:59:59Z,"CN=apns-request-signing.ivanti.com, O=Ivanti\, Inc., ST=Utah, C=US",apns-request-signing.ivanti.com,"Ivanti, Inc.",apns-request-signing.ivanti.com,"CN=Sectigo RSA Organization Validation Secure Server CA, O=Sectigo Limited, L=Salford, ST=Greater Manchester, C=GB",Sectigo RSA Organization Validation Secure Server CA,Sectigo Limited,19dc74baaf440eb0db12fb67f0001dd0,20b70056146cdeb81a5420cde844d027fad91221afa9cadee958439d92c3d544,,ctls,apns-request-signing.ivanti.com,cloudfront,443,https://apns-request-signing.ivanti.com:443,https,,application/json,GET,13.32.99.49,/,968070783,13.32.99.9,Amazon Web Services,1,False,True,,,,
app-insider.ivanti.com,Open in Jive Mobile,200,2495,app-insider.ivanti.com,443,True,tls13,TLS_AES_128_GCM_SHA256,2023-05-17T00:00:00Z,2024-06-14T23:59:59Z,CN=*.jiveon.com,*.jiveon.com,,app-hub.jmfamily.com,"CN=Amazon RSA 2048 M01, O=Amazon, C=US",Amazon RSA 2048 M01,Amazon,a165a6803015a0b5491620659ec2f609,6f11622d9051e1fa26f38934b2459415174a3c2fa1f3fca2ecb1e0e923d77ed5,True,ctls,app-insider.ivanti.com,cloudfront,443,https://app-insider.ivanti.com:443,https,,text/html,GET,13.32.99.109,/,1151272394,2600:9000:2251:e000:1d:871e:bec0:93a1,Jive,51,False,True,True,,https://app-insider.ivanti.com/mobile/mobile-redirect.jspa?nativeURL=jivedailyn%3A%2F%2Fhome%3FinstanceUrl%3Dhttps%253A%252F%252Finsider.ivanti.com&webURL=%2F%3FforceNoRedirect%3Dtrue,
app.info.ivanti.com,404 - Not found or no permission to access,404,1330,app.info.ivanti.com,443,True,tls12,TLS_ECDHE_RSA_WITH_AES_256_GCM_SHA384,2022-10-24T00:00:00Z,2023-10-24T23:59:59Z,"CN=info.ivanti.com, O=Ivanti\, Inc., ST=Utah, C=US",info.ivanti.com,"Ivanti, Inc.",tracking.info.ivanti.com,"CN=Sectigo RSA Organization Validation Secure Server CA, O=Sectigo Limited, L=Salford, ST=Greater Manchester, C=GB",Sectigo RSA Organization Validation Secure Server CA,Sectigo Limited,d01c4d56865e1cd40208f0514377e1e2,8d485c0fb18d68bed5da65d7158eecae3839590e82bdf76cef5b5e7622a7a463,,ctls,app.info.ivanti.com,oracle,443,https://app.info.ivanti.com:443,https,,text/html,GET,140.86.220.9,/,-1270699277,140.86.220.9,Bootstrap,33,False,True,,,,
application.ivanti.com,,403,243,application.ivanti.com,443,True,tls13,TLS_AES_128_GCM_SHA256,2023-03-08T00:00:00Z,2024-04-05T23:59:59Z,CN=application.ivanti.com,application.ivanti.com,,application.ivanti.com,"CN=Amazon RSA 2048 M02, O=Amazon, C=US",Amazon RSA 2048 M02,Amazon,5117b5d7acf2fa742e0a73812fe566bc,e84c5e79c92b20f0534d5babe43b7c8c53a84eda1c02b703848531741b600a6f,,ctls,application.ivanti.com,cloudfront,443,https://application.ivanti.com:443,https,AmazonS3,application/xml,GET,52.222.214.58,/,1051703691,2600:9000:223d:de00:1c:a9b7:d840:93a1,Amazon Web Services,2,False,True,,,,
applicationqa.ivanti.com,,403,243,applicationqa.ivanti.com,443,True,tls13,TLS_AES_128_GCM_SHA256,2023-07-10T00:00:00Z,2024-08-06T23:59:59Z,CN=applicationqa.ivanti.com,applicationqa.ivanti.com,,applicationqa.ivanti.com,"CN=Amazon RSA 2048 M01, O=Amazon, C=US",Amazon RSA 2048 M01,Amazon,ab99b579644c40d3214bad489d064220,1a0fd86d34e31e12f008751a8fded487090d11c6e0cc5c345288d5fbed64e743,,ctls,applicationqa.ivanti.com,cloudfront,443,https://applicationqa.ivanti.com:443,https,AmazonS3,application/xml,GET,18.66.147.19,/,-2072546602,2600:9000:23d1:a600:1d:12e3:28c0:93a1,Amazon Web Services,2,False,True,,,,
autodiscover.ivanti.com,Sign in to Outlook,200,39261,login.microsoftonline.com,443,True,tls12,TLS_ECDHE_RSA_WITH_AES_256_GCM_SHA384,2023-06-01T00:00:00Z,2024-06-01T23:59:59Z,"CN=stamp2.login.microsoftonline.com, O=Microsoft Corporation, L=Redmond, ST=Washington, C=US",stamp2.login.microsoftonline.com,Microsoft Corporation,stamp2.login.microsoftonline-int.com,"CN=DigiCert SHA2 Secure Server CA, O=DigiCert Inc, C=US",DigiCert SHA2 Secure Server CA,DigiCert Inc,3e5363ca089bb6cd32f00c16e8c60c1d,722ffa737efee47ce8a79dd30a184c0967708de86a0c20d85e015d7c21075dee,,ctls,login.microsoftonline.com,,80,http://autodiscover.ivanti.com:80,http,,text/html,GET,52.97.189.72,/,-1249852061,2603:1026:c0d:807::8,HSTS,95,False,,,,https://login.microsoftonline.com/common/oauth2/authorize?client_id=00000002-0000-0ff1-ce00-000000000000&redirect_uri=https%3a%2f%2foutlook.office365.com%2fowa%2f&resource=00000002-0000-0ff1-ce00-000000000000&response_mode=form_post&response_type=code+id_token&scope=openid&msafed=1&msaredir=1&client-request-id=742cca0e-3c64-20f4-223b-12d84787d12e&protectedtoken=true&claims=%7b%22id_token%22%3a%7b%22xms_cc%22%3a%7b%22values%22%3a%5b%22CP1%22%5d%7d%7d%7d&domain_hint=ivanti.com&nonce=638255088101959931.81545547-eb59-4900-9e72-d7587ec06562&state=DcsxDsMgDEBRaO-SjcQQjO0h6lkIMCAlRUpTev0yvL99rZR6Do9Bw4iisLJDBGYLVlBktTNb9IieTNlRjBcAI4WcyYRMJUHA4PR4p6X94vK6SjzOrfb4vuuc2jn1vMXv3XL9pNbL9Qc,
bng-ics-gw1.ivanti.com,Ivanti Connect Secure,404,4157,bng-ics-gw1.ivanti.com,443,True,tls13,TLS_AES_256_GCM_SHA384,2023-02-06T00:00:00Z,2024-02-06T23:59:59Z,"CN=bng-ics-gw1.ivanti.com, O=Ivanti\, Inc., ST=Utah, C=US",bng-ics-gw1.ivanti.com,"Ivanti, Inc.",bng-ics-gw1.ivanti.com,"CN=Sectigo RSA Organization Validation Secure Server CA, O=Sectigo Limited, L=Salford, ST=Greater Manchester, C=GB",Sectigo RSA Organization Validation Secure Server CA,Sectigo Limited,8ffde98d338710bcd3c43c430392733a,dae1c9d6a7ffbc667e5c5c16b0b820e6e4025456190ea83cf2e3d5dc7c7c5b6f,,ctls,bng-ics-gw1.ivanti.com,,443,https://bng-ics-gw1.ivanti.com:443,https,,text/html,GET,14.97.95.237,/,716684477,2403:8600:80c0:61::f,HSTS,124,False,,,,,
bng-ics-gw3.ivanti.com,Sign in to your account,200,38670,login.microsoftonline.com,443,True,tls12,TLS_ECDHE_RSA_WITH_AES_256_GCM_SHA384,2023-06-01T00:00:00Z,2024-06-01T23:59:59Z,"CN=stamp2.login.microsoftonline.com, O=Microsoft Corporation, L=Redmond, ST=Washington, C=US",stamp2.login.microsoftonline.com,Microsoft Corporation,stamp2.login.microsoftonline-int.com,"CN=DigiCert SHA2 Secure Server CA, O=DigiCert Inc, C=US",DigiCert SHA2 Secure Server CA,DigiCert Inc,3e5363ca089bb6cd32f00c16e8c60c1d,722ffa737efee47ce8a79dd30a184c0967708de86a0c20d85e015d7c21075dee,,ctls,login.microsoftonline.com,,443,https://bng-ics-gw3.ivanti.com:443,https,,text/html,GET,14.97.95.254,/,-1574356813,14.97.95.254,HSTS,95,False,,,,https://login.microsoftonline.com/e5208e76-dd12-47f0-9541-c9b45afaffe6/saml2?SAMLRequest=rZLBbtswEER%2FReCdEkVLpk1YLtwYRQ0kqRG7PfRSUNRKISAtVZJy0r%2BvJKdocsmh6JnD2Zm3u%2FGqa3u5G8IjPsDPAXyInrsWvZwfCjI4lFZ54yWqDrwMWp52d7eSx0z2zgarbUuinffggrF4Y9EPHbgTuIvR8PXhtiCPIfReJkmJDTXa0%2BZpEZuLwmBibbukUqgoqkSNGZJpKtUvJrFuDIn2YyaDanL%2F69XaxmDcGe2st3Ww2BqE2Q5yzlYglrSqUk4zUTO6zrOU6nWZ5apWdQ3LeQwn0SfrNMzdC8JIdNgX5EfG6jxNc8FzUS7XWmViVStQYpHztViVYpR5P8ABfRgrFIQzvqBMUJ6eWSYZk0x8J9HxBc1Hg5XB5n2O5VXk5efz%2BUiPX07n2eBiKnD3o%2FofEAJWvTUYJoQf%2BsL3KYm%2BgfMzxHEm2W4mnZy7uFcrfz%2Bp%2BrNnsv0PkTbJqwzXQL2cCh%2F2R9sa%2FSvata19unGgwgghJcn2%2BuXtwW5%2FAw%3D%3D&RelayState=https%3A%2F%2Fbng-ics-gw3.ivanti.com&SigAlg=http%3A%2F%2Fwww.w3.org%2F2000%2F09%2Fxmldsig%23rsa-sha1&Signature=HLwoOiND8ntAs0kh7Pgz3OQ5PZ%2B6a3uSw38Ysa%2FyRtVUhwvYf4CH7vWZMJKn61C94bqU6KeXwxI3lsMaOTmCTYKVFFTT%2Bd9CIm2BoKIuuv7ZTenW5xJc3RzSsumNJFpGaPfNfDlT6T4oT1HTwmLPPbZvUbaD1THr2umsoTHMoL5YbR8y7s2QdVXQtJsTwmTH57EEKcy6tvny2%2Bo9MlCbgzOdjvmMO1SlEnCLQv0Vl7E4TjzL9WKeafN%2Bl3BL4MWF1m5iJFgOgPYp7CMlY2Kj9%2Fuu2ItkbNc8dMktLnDwtWS2MEKjWnpV8cKbAk14ztMwD46dChYCHW8W9IDqNZRdLQ%3D%3D,
bng-ics-secure-gateway.ivanti.com,Login,200,5034,bng-ics-secure-gateway.ivanti.com,443,True,tls12,TLS_RSA_WITH_AES_128_GCM_SHA256,2023-06-19T00:00:00Z,2024-06-18T23:59:59Z,"CN=bng-ics-secure-gateway.ivanti.com, O=Ivanti\, Inc., ST=Utah, C=US",bng-ics-secure-gateway.ivanti.com,"Ivanti, Inc.",bng-ics-secure-gw.ivanti.com,"CN=Sectigo RSA Organization Validation Secure Server CA, O=Sectigo Limited, L=Salford, ST=Greater Manchester, C=GB",Sectigo RSA Organization Validation Secure Server CA,Sectigo Limited,6577a68df367f185558fa35891e3ea5c,88e76fd3780793f78f708753744bc3fa23e3fc77f438a61306e5d46e33a6ae29,,ctls,bng-ics-secure-gateway.ivanti.com,,443,https://bng-ics-secure-gateway.ivanti.com:443,https,,text/html,GET,14.97.95.248,/,-826960788,14.97.95.248,HSTS,128,False,,,,https://bng-ics-secure-gateway.ivanti.com/dana-na/auth/url_default/welcome.cgi,
bng-ics-secure-gw.ivanti.com,Login,200,5034,bng-ics-secure-gw.ivanti.com,443,True,tls12,TLS_RSA_WITH_AES_128_GCM_SHA256,2023-06-19T00:00:00Z,2024-06-18T23:59:59Z,"CN=bng-ics-secure-gateway.ivanti.com, O=Ivanti\, Inc., ST=Utah, C=US",bng-ics-secure-gateway.ivanti.com,"Ivanti, Inc.",bng-ics-secure-gw.ivanti.com,"CN=Sectigo RSA Organization Validation Secure Server CA, O=Sectigo Limited, L=Salford, ST=Greater Manchester, C=GB",Sectigo RSA Organization Validation Secure Server CA,Sectigo Limited,6577a68df367f185558fa35891e3ea5c,88e76fd3780793f78f708753744bc3fa23e3fc77f438a61306e5d46e33a6ae29,,ctls,bng-ics-secure-gw.ivanti.com,,443,https://bng-ics-secure-gw.ivanti.com:443,https,,text/html,GET,14.97.95.248,/,-826960788,14.97.95.248,HSTS,128,False,,,,https://bng-ics-secure-gw.ivanti.com/dana-na/auth/url_default/welcome.cgi,
bng-vpn-stage.ivanti.com,Sign in to your account,200,38561,login.microsoftonline.com,443,True,tls12,TLS_ECDHE_RSA_WITH_AES_256_GCM_SHA384,2023-06-01T00:00:00Z,2024-06-01T23:59:59Z,"CN=stamp2.login.microsoftonline.com, O=Microsoft Corporation, L=Redmond, ST=Washington, C=US",stamp2.login.microsoftonline.com,Microsoft Corporation,stamp2.login.microsoftonline-int.com,"CN=DigiCert SHA2 Secure Server CA, O=DigiCert Inc, C=US",DigiCert SHA2 Secure Server CA,DigiCert Inc,3e5363ca089bb6cd32f00c16e8c60c1d,722ffa737efee47ce8a79dd30a184c0967708de86a0c20d85e015d7c21075dee,,ctls,login.microsoftonline.com,,443,https://bng-vpn-stage.ivanti.com:443,https,,text/html,GET,14.97.6.229,/,-1542267941,14.97.6.229,HSTS,95,False,,,,https://login.microsoftonline.com/e5208e76-dd12-47f0-9541-c9b45afaffe6/saml2?SAMLRequest=rZJBj5swEIX%2FCvLdYFwcghVSpRutNtK2jTZpD71UxgysJRhT22Tbf18gW3X3%0AsoeqZz%2B%2Fee%2Bb2XjVd4PcjeERH%2BDHCD5EP%2FsOvVweSjI6lFZ54yWqHrwMWp52%0AH%2B8lj5kcnA1W245EO%2B%2FBBWPxxqIfe3AncBej4cvDfUkeQxi8TJIKW3oZkPqg%0AWojNRWEwsbZ9UitUFFWiphTJPJfqZ5tYt4ZE%2BymVQTX7%2F3XrbGsw7o121tsm%0AWOwMwmIHgrM15Cta1ymnWd4wWogspbqoMqEa1TSwWsZwEt1ap2FpXxJGosO%2B%0AJN%2B1zpuibop8Jaq1BpGyrBJ8DY0QqmhENsm8H%2BGAUxEMJeGMv6Mspzw9s0wy%0AJlP%2BjUTHZzgfDNYG27dJVleRl3fn85EeP5%2FOi8HF1OA%2BTep%2FgghYD9ZgmCG%2B%0AH0o%2FpCT6Cs4vGKepZLuZdXJp416s%2Fe2s6s%2Buyfa%2FhNokL1JcIw1yLn3YH21n%0A9K9o13X26caBChOIlCTb65fXZ7v9DQ%3D%3D%0A&RelayState=https%3A%2F%2Fbng-vpn-stage.ivanti.com,
bp2.csa.ivanti.com,Ivanti(R) Cloud Services Appliance,200,1616,bp2.csa.ivanti.com,443,True,tls12,TLS_ECDHE_RSA_WITH_AES_256_GCM_SHA384,1970-01-01T00:00:00Z,2030-01-07T17:55:49Z,"CN=bp2.csa.ivanti.com, OU=Copyright (C) 2020\, Ivanti\, Inc., O=Copyright (C) 2020\, Ivanti\, Inc., L=South Jordan, ST=Utah, C=US, dnQualifier=20230109175549, dnQualifier=20230109175549",bp2.csa.ivanti.com,"Copyright (C) 2020, Ivanti, Inc.",bp2.csa.ivanti.com,"CN=Cloud Services Appliance, OU=Copyright (C) 2020\, Ivanti\, Inc., O=Ivanti\, Inc., L=South Jordan, ST=Utah, C=US, dnQualifier=20220106175234, dnQualifier=20220106175234",Cloud Services Appliance,"Ivanti, Inc.",fb4e7af9ce65abfc159aefe8c30ce702,8c0221c85aad5c83963c6a0fa7d92325accb4703bf09d0c3da554b3a22ed22ed,,ctls,bp2.csa.ivanti.com,,443,https://bp2.csa.ivanti.com:443,https,,text/html,GET,34.254.118.24,/,-1703592683,34.254.118.24,,50,False,,,,,
brk.vpn.ivanti.com,,200,315,brk.vpn.ivanti.com,443,True,tls12,TLS_ECDHE_RSA_WITH_AES_256_GCM_SHA384,2022-09-22T00:00:00Z,2023-09-22T23:59:59Z,"CN=uk.vpn.ivanti.com, O=Ivanti\, Inc., ST=Utah, C=US",uk.vpn.ivanti.com,"Ivanti, Inc.",uk.vpn.ivanti.com,"CN=Sectigo RSA Organization Validation Secure Server CA, O=Sectigo Limited, L=Salford, ST=Greater Manchester, C=GB",Sectigo RSA Organization Validation Secure Server CA,Sectigo Limited,b661b90c140d2ddc1bc9879019168ba2,497cf94ba5dd20e23c38402e2db44569bdc401bfd653f55e916ce67f7c2d3cbe,,ctls,brk.vpn.ivanti.com,,443,https://brk.vpn.ivanti.com:443,https,,text/html,GET,185.115.118.4,/,-1840324437,185.115.118.4,HSTS,9,False,,True,,,
capita.csa.ivanti.com,Ivanti(R) Cloud Services Appliance,200,1628,capita.csa.ivanti.com,443,True,tls12,TLS_ECDHE_RSA_WITH_AES_256_GCM_SHA384,2022-12-05T00:00:00Z,2023-12-05T23:59:59Z,"CN=capita.csa.ivanti.com, O=Ivanti\, Inc., ST=Utah, C=US",capita.csa.ivanti.com,"Ivanti, Inc.",capita.csa.ivanti.com,"CN=Sectigo RSA Organization Validation Secure Server CA, O=Sectigo Limited, L=Salford, ST=Greater Manchester, C=GB",Sectigo RSA Organization Validation Secure Server CA,Sectigo Limited,5798a434caa070499deec4f14cd778d7,71f9a41e6d600de445a30298d0e793697dc9bafb948ac5a0b58aade98ced15d1,,ctls,capita.csa.ivanti.com,,443,https://capita.csa.ivanti.com:443,https,,text/html,GET,34.252.230.210,/,-1703592683,34.252.230.210,,50,False,,,,,
capita2.csa.ivanti.com,Ivanti(R) Cloud Services Appliance,200,1632,capita2.csa.ivanti.com,443,True,tls12,TLS_ECDHE_RSA_WITH_AES_256_GCM_SHA384,2022-12-05T00:00:00Z,2023-12-05T23:59:59Z,"CN=capita2.csa.ivanti.com, O=Ivanti\, Inc., ST=Utah, C=US",capita2.csa.ivanti.com,"Ivanti, Inc.",capita2.csa.ivanti.com,"CN=Sectigo RSA Organization Validation Secure Server CA, O=Sectigo Limited, L=Salford, ST=Greater Manchester, C=GB",Sectigo RSA Organization Validation Secure Server CA,Sectigo Limited,3c4b976ada5b98d96fdb458ff3e109e3,4ded0fc3dc48bed91de6842161f0fb8a542215b56dfe417a9b1af26af00492f3,,ctls,capita2.csa.ivanti.com,,443,https://capita2.csa.ivanti.com:443,https,,text/html,GET,52.209.120.192,/,-1703592683,52.209.120.192,,50,False,,,,,
capita3.csa.ivanti.com,Ivanti(R) Cloud Services Appliance,200,1632,capita3.csa.ivanti.com,443,True,tls12,TLS_ECDHE_RSA_WITH_AES_256_GCM_SHA384,2022-12-05T00:00:00Z,2023-12-05T23:59:59Z,"CN=capita3.csa.ivanti.com, O=Ivanti\, Inc., ST=Utah, C=US",capita3.csa.ivanti.com,"Ivanti, Inc.",capita3.csa.ivanti.com,"CN=Sectigo RSA Organization Validation Secure Server CA, O=Sectigo Limited, L=Salford, ST=Greater Manchester, C=GB",Sectigo RSA Organization Validation Secure Server CA,Sectigo Limited,fcbbffc83d0d20d87f9d8e1a3f803007,ec04ce0dffa1c33cc214d59670a8277c62efe5c13dbe39cf9043f725b50040b8,,ctls,capita3.csa.ivanti.com,,443,https://capita3.csa.ivanti.com:443,https,,text/html,GET,34.252.19.255,/,-1703592683,34.252.19.255,,50,False,,,,,
capita4.csa.ivanti.com,Ivanti(R) Cloud Services Appliance,200,1632,capita4.csa.ivanti.com,443,True,tls12,TLS_ECDHE_RSA_WITH_AES_256_GCM_SHA384,2022-12-05T00:00:00Z,2023-12-05T23:59:59Z,"CN=capita4.csa.ivanti.com, O=Ivanti\, Inc., ST=Utah, C=US",capita4.csa.ivanti.com,"Ivanti, Inc.",capita4.csa.ivanti.com,"CN=Sectigo RSA Organization Validation Secure Server CA, O=Sectigo Limited, L=Salford, ST=Greater Manchester, C=GB",Sectigo RSA Organization Validation Secure Server CA,Sectigo Limited,f18012c24b9a3638405d0cf95d3984da,e058d3fc3498ecd82df6b569f33ec391ec6024f6daa24c699abb8a4d58e0d09f,,ctls,capita4.csa.ivanti.com,,443,https://capita4.csa.ivanti.com:443,https,,text/html,GET,52.16.54.210,/,-1703592683,52.16.54.210,,50,False,,,,,
cdn1.ivanti.com,Not Found,404,315,cdn1.ivanti.com,443,True,tls12,TLS_ECDHE_RSA_WITH_AES_256_CBC_SHA,2015-03-13T00:00:00Z,2018-07-11T12:00:00Z,"CN=*.landesk.com, O=LANDesk Software Inc, L=South Jordan, ST=Utah, C=US",*.landesk.com,LANDesk Software Inc,patchbej.landesk.com,"CN=DigiCert SHA2 High Assurance Server CA, OU=www.digicert.com, O=DigiCert Inc, C=US",DigiCert SHA2 High Assurance Server CA,DigiCert Inc,cb2bc29c7c6f6936cc8146b26cd0c6bc,46079bdc28e2bab733ca5f806cc3787be2fcd32da7855e00d3479f6ca8ba80d2,True,ctls,cdn1.ivanti.com,,443,https://cdn1.ivanti.com:443,https,Microsoft-HTTPAPI/2.0,text/html,GET,67.199.253.150,/,225052475,67.199.253.150,Microsoft HTTPAPI:2.0,7,False,,True,,,True
cftest.ivanti.com,,526,,cftest.ivanti.com,443,True,tls13,TLS_AES_128_GCM_SHA256,2023-03-18T00:00:00Z,2024-03-17T23:59:59Z,"CN=*.ivanti.com, O=Ivanti\, Inc., ST=Utah, C=US",*.ivanti.com,"Ivanti, Inc.",ivanti.com,"CN=Sectigo RSA Organization Validation Secure Server CA, O=Sectigo Limited, L=Salford, ST=Greater Manchester, C=GB",Sectigo RSA Organization Validation Secure Server CA,Sectigo Limited,820d4f3e2b0fcc02413ea8405358ce58,d3b5a1e9df9a88f92f38b3b1ac3fd4ae2c880dd66cfc3a4ad8d06d8fcf4be2c1,True,ctls,cftest.ivanti.com,cloudflare,443,https://cftest.ivanti.com:443,https,cloudflare,,GET,104.17.138.107,/,-1840324437,2606:4700::6811:8a6b,Cloudflare,1,False,True,,,,
china.ivanti.com,IT资产管理软件 | IT服务管理软件 | IT安全管理软件 - Ivanti 官网-英万齐软件技术有限公司,200,66443,www.ivanti.com.cn,443,True,tls13,TLS_AES_128_GCM_SHA256,2022-12-21T00:00:00Z,2023-12-21T23:59:59Z,"CN=*.ivanti.com.cn, O=Ivanti\, Inc., ST=Utah, C=US",*.ivanti.com.cn,"Ivanti, Inc.",ivanti.com.cn,"CN=Sectigo RSA Organization Validation Secure Server CA, O=Sectigo Limited, L=Salford, ST=Greater Manchester, C=GB",Sectigo RSA Organization Validation Secure Server CA,Sectigo Limited,b441a31180d78c09faeb691ce9108a2f,5c28935461a569e90bc56068fdc73e60778bbbebb2327c052334b583c400ed88,True,ctls,www.ivanti.com.cn,cloudflare,443,https://china.ivanti.com:443,https,cloudflare,text/html,GET,104.17.137.107,/,-1411610151,2606:4700::6811:8a6b,HTTP/3,996,False,True,,*.ivanti.com.cn,https://www.ivanti.com.cn,
cms.ivanti.com,Sign in ・ Cloudflare Access,200,30811,ivanti.cloudflareaccess.com,443,True,tls13,TLS_AES_128_GCM_SHA256,2022-11-11T00:00:00Z,2023-09-07T23:59:59Z,CN=ssl1075497.cloudflaressl.com,ssl1075497.cloudflaressl.com,,cloudflareaccess.com,"CN=COMODO ECC Domain Validation Secure Server CA 2, O=COMODO CA Limited, L=Salford, ST=Greater Manchester, C=GB",COMODO ECC Domain Validation Secure Server CA 2,COMODO CA Limited,87713b38da05acdabfe6e7ca7d9d65a8,20a161d033636d125bfd59b23b1d246dc3535ed149333b3dba97497ed105e8ad,True,ctls,ivanti.cloudflareaccess.com,cloudflare,443,https://cms.ivanti.com:443,https,cloudflare,text/html,GET,104.17.137.107,/,1872859682,2606:4700::6811:8a6b,HSTS,67,False,True,,https:,https://ivanti.cloudflareaccess.com/cdn-cgi/access/login/cms.ivanti.com?kid=d9d1266b4ba7524ccc26bd85557a0a493db3f19902fa3064b90003e77393291e&redirect_url=%2F&meta=eyJraWQiOiJhZjNmMjUwZjY3NTI1NDc0NDgzN2JjZDU4Zjc5ODA4Y2RkMDY1N2Q4NWU4NWEzMDZiNjMyZTZiZDQ3ZjEzYTZhIiwiYWxnIjoiUlMyNTYiLCJ0eXAiOiJKV1QifQ.eyJzZXJ2aWNlX3Rva2VuX3N0YXR1cyI6ZmFsc2UsImlhdCI6MTY4OTkxMjAwOCwic2VydmljZV90b2tlbl9pZCI6IiIsImF1ZCI6ImQ5ZDEyNjZiNGJhNzUyNGNjYzI2YmQ4NTU1N2EwYTQ5M2RiM2YxOTkwMmZhMzA2NGI5MDAwM2U3NzM5MzI5MWUiLCJob3N0bmFtZSI6ImNtcy5pdmFudGkuY29tIiwiYXBwX3Nlc3Npb25faGFzaCI6IjUxMmI4ZDA0MmExODM5NTFlMzVkMzJlMmM5MTk4OTFmZDExOWNlZGE1M2M3M2JkMTgzMTU2YjM3MTcxNDBiZmYiLCJuYmYiOjE2ODk5MTIwMDgsImlzX3dhcnAiOmZhbHNlLCJpc19nYXRld2F5IjpmYWxzZSwidHlwZSI6Im1ldGEiLCJyZWRpcmVjdF91cmwiOiJcLyIsIm10bHNfYXV0aCI6eyJjZXJ0X2lzc3Vlcl9za2kiOiIiLCJjZXJ0X3ByZXNlbnRlZCI6ZmFsc2UsImNlcnRfc2VyaWFsIjoiIiwiY2VydF9pc3N1ZXJfZG4iOiIiLCJhdXRoX3N0YXR1cyI6Ik5PTkUifSwiYXV0aF9zdGF0dXMiOiJOT05FIn0.Jtz-MDNPnzWmKVrN5MQwRnVS6DVxKTdlo5SdyHtzUiNNq_ydeNBCKvuZPH7m-H90dT4wAIruA8AXBeHxFodQxz8RDXpHX7naw5w-boboz5ywFT-VYTmoAWUH1PDvHMjd5rtSrJLftvl1yxI20BHkAR6LuaftjxvynNW9MXD5aFLWldhQOMGCYkISdVUVPqrFhvROX3QDEg2L8TxtH0tJxvp-FQ2YKxlQFmVA8HSEyKUX1bjrPpWXpnndPCbo1wUgiVDlQaELu9EbwIoF5GbLZ_wGsdox8ZE3Z5s5100mNQMQimuDUEy-_S3LqovsM2ru-awpdqQghx--DJm23_T8oA,
cncs.csa.ivanti.com,Ivanti(R) Cloud Services Appliance,200,1620,,,,,,,,,,,,,,,,,,,,,80,http://cncs.csa.ivanti.com:80,http,,text/html,GET,52.2.228.123,/,-1703592683,52.2.228.123,,50,False,,,,,
community.ivanti.com,,200,1153,community.ivanti.com,443,True,tls13,TLS_AES_128_GCM_SHA256,2023-03-18T00:00:00Z,2024-03-17T23:59:59Z,"CN=*.ivanti.com, O=Ivanti\, Inc., ST=Utah, C=US",*.ivanti.com,"Ivanti, Inc.",ivanti.com,"CN=Sectigo RSA Organization Validation Secure Server CA, O=Sectigo Limited, L=Salford, ST=Greater Manchester, C=GB",Sectigo RSA Organization Validation Secure Server CA,Sectigo Limited,820d4f3e2b0fcc02413ea8405358ce58,d3b5a1e9df9a88f92f38b3b1ac3fd4ae2c880dd66cfc3a4ad8d06d8fcf4be2c1,True,ctls,community.ivanti.com,cloudflare,443,https://community.ivanti.com:443,https,cloudflare,text/html,GET,104.17.137.107,/,1375683974,2606:4700::6811:8a6b,Microsoft ASP.NET:4.0.30319,28,False,True,,url=https://forums.ivanti.com,https://community.ivanti.com/redirect.aspx?url=https://forums.ivanti.com,
companystore.ivanti.com,Login Page - Ivanti,200,59584,us034.agstorefront.com,443,True,tls12,TLS_ECDHE_RSA_WITH_AES_256_GCM_SHA384,2022-07-31T18:40:14Z,2023-09-01T18:40:14Z,CN=*.agstorefront.com,*.agstorefront.com,,agstorefront.com,"CN=Go Daddy Secure Certificate Authority - G2, OU=http://certs.godaddy.com/repository/, O=GoDaddy.com\, Inc., L=Scottsdale, ST=Arizona, C=US",Go Daddy Secure Certificate Authority - G2,"GoDaddy.com, Inc.",1baa780e55178c7a471acbaac1fd3fa3,217d5e78486fa413125b379527eacc9a5069becb24a137509d01f1fd8705d010,True,ctls,us034.agstorefront.com,cloudflare,443,https://companystore.ivanti.com:443,https,,text/html,GET,104.17.137.107,/,-1968542283,2606:4700::6811:896b,Microsoft ASP.NET,1007,False,True,,http:,https://us034.agstorefront.com/uStore/login.aspx?ReturnUrl=%2fuStore%2f27%2fHome&StoreId=27,
connectors.ivanti.com,,403,243,connectors.ivanti.com,443,True,tls13,TLS_AES_128_GCM_SHA256,2023-02-28T00:00:00Z,2024-03-28T23:59:59Z,CN=connectors.ivanti.com,connectors.ivanti.com,,connectors.ivanti.com,"CN=Amazon RSA 2048 M02, O=Amazon, C=US",Amazon RSA 2048 M02,Amazon,cd9338d6673d053634e5dd1907137255,032ddb1a9b06648d9b219d88a6b76fea6a1326b91c9797befb0c16847d8682ca,,ctls,connectors.ivanti.com,cloudfront,443,https://connectors.ivanti.com:443,https,AmazonS3,application/xml,GET,13.224.189.95,/,2065725940,2600:9000:20eb:9600:1:e456:2380:93a1,Amazon Web Services,2,False,True,,,,
content.ivanti.com,,403,243,content.ivanti.com,443,True,tls13,TLS_AES_128_GCM_SHA256,2022-11-10T00:00:00Z,2023-12-09T23:59:59Z,CN=content.ivanti.com,content.ivanti.com,,content.ivanti.com,"CN=Amazon RSA 2048 M02, O=Amazon, C=US",Amazon RSA 2048 M02,Amazon,35edca426c668638cbe0d64d0157cbe1,00f80ae3a6afae38e9b793ee502d5d12f98daeb37187a610911170f681787c84,,ctls,content.ivanti.com,cloudfront,443,https://content.ivanti.com:443,https,AmazonS3,application/xml,GET,3.161.119.117,/,1462827319,3.161.119.78,Amazon Web Services,2,False,True,,,,
contentdev.ivanti.com,,403,243,,,,,,,,,,,,,,,,,,,,cloudfront,80,http://contentdev.ivanti.com:80,http,AmazonS3,application/xml,GET,108.138.7.36,/,1589668480,2600:9000:2490:7200:f:6ac1:ef80:93a1,Amazon Web Services,2,False,True,,,,
contentqa.ivanti.com,,403,255,contentqa.ivanti.com,443,True,tls13,TLS_AES_128_GCM_SHA256,2023-07-10T00:00:00Z,2024-08-07T23:59:59Z,CN=contentqa.ivanti.com,contentqa.ivanti.com,,contentqa.ivanti.com,"CN=Amazon RSA 2048 M01, O=Amazon, C=US",Amazon RSA 2048 M01,Amazon,aa2e43d2801dcadcaf8f649c2e898f05,9dc5d8d4be907abff57745c2de84a273edd42de7ef2c1d83aa2ed3a0c4831fd6,,ctls,contentqa.ivanti.com,cloudfront,443,https://contentqa.ivanti.com:443,https,AmazonS3,application/xml,GET,52.222.236.90,/,-793302985,2600:9000:223e:600:11:1fde:4000:93a1,Amazon Web Services,2,False,True,,,,
csapi-qa.ivanti.com,,404,,csapi-qa.ivanti.com,443,True,tls12,TLS_ECDHE_RSA_WITH_AES_256_GCM_SHA384,2022-07-25T00:00:00Z,2023-07-25T23:59:59Z,"CN=payment-qa.ivanti.com, O=Ivanti\, Inc., ST=Utah, C=US",payment-qa.ivanti.com,"Ivanti, Inc.",csapi-qa.ivanti.com,"CN=Sectigo RSA Organization Validation Secure Server CA, O=Sectigo Limited, L=Salford, ST=Greater Manchester, C=GB",Sectigo RSA Organization Validation Secure Server CA,Sectigo Limited,34efa06f4839b33dcffea2c27d11bdd2,f2f429b386e21417119f143254c544097888b785f717170ebeba2189abc9a441,,ctls,csapi-qa.ivanti.com,azure,443,https://csapi-qa.ivanti.com:443,https,Microsoft-IIS/10.0,,GET,13.66.138.97,/,-1840324437,13.66.138.97,Windows Server,1,False,True,,,,
csapi.ivanti.com,,404,,csapi.ivanti.com,443,True,tls12,TLS_ECDHE_RSA_WITH_AES_256_GCM_SHA384,2022-07-25T00:00:00Z,2023-07-25T23:59:59Z,"CN=payment.ivanti.com, O=Ivanti\, Inc., ST=Utah, C=US",payment.ivanti.com,"Ivanti, Inc.",www.payment.ivanti.com,"CN=Sectigo RSA Organization Validation Secure Server CA, O=Sectigo Limited, L=Salford, ST=Greater Manchester, C=GB",Sectigo RSA Organization Validation Secure Server CA,Sectigo Limited,a1a329f7b579262be10fa6f840c8fafc,4c7bffb0a6e8c9f15724e0f1fae4427379d595057dc73d0c7248634a3d39559c,,ctls,csapi.ivanti.com,azure,443,https://csapi.ivanti.com:443,https,Microsoft-IIS/10.0,,GET,13.66.138.106,/,-1840324437,13.66.138.106,Windows Server,1,False,True,,,,
derek.csa.ivanti.com,Ivanti(R) Cloud Services Appliance,200,1624,derek.csa.ivanti.com,443,True,tls12,TLS_ECDHE_RSA_WITH_AES_256_GCM_SHA384,1970-01-01T00:00:00Z,2028-09-19T18:15:33Z,"CN=derek.csa.ivanti.com, OU=Copyright (C) 2020\, Ivanti\, Inc., O=Copyright (C) 2020\, Ivanti\, Inc., L=South Jordan, ST=Utah, C=US, dnQualifier=20210921121533, dnQualifier=20210921121533",derek.csa.ivanti.com,"Copyright (C) 2020, Ivanti, Inc.",192.168.122.1,"CN=Cloud Services Appliance, OU=Copyright (C) 2020\, Ivanti\, Inc., O=Ivanti\, Inc., L=South Jordan, ST=Utah, C=US, dnQualifier=20210917201118, dnQualifier=20210917201118",Cloud Services Appliance,"Ivanti, Inc.",716e7cd980bf32ae58e1130a21c5f8e9,d6292035fd5580cf736eff435e09701dfcecab1ce5269551395eb9e736c0da52,,ctls,derek.csa.ivanti.com,,443,https://derek.csa.ivanti.com:443,https,,text/html,GET,44.197.254.181,/,-1703592683,44.197.254.181,,50,False,,,,,
derek.ivanti.com,,403,243,derek.ivanti.com,443,True,tls13,TLS_AES_128_GCM_SHA256,2023-06-17T00:00:00Z,2024-07-15T23:59:59Z,CN=derek.ivanti.com,derek.ivanti.com,,derek.ivanti.com,"CN=Amazon RSA 2048 M02, O=Amazon, C=US",Amazon RSA 2048 M02,Amazon,62231a69832c11ea4d8957b973aeba97,8841e751a3c17057045bcc2f7624aa07b13f10581d4175d1b664b49007f2e239,,ctls,derek.ivanti.com,cloudfront,443,https://derek.ivanti.com:443,https,AmazonS3,application/xml,GET,18.66.147.29,/,468161728,2600:9000:225e:8a00:e:c379:ce00:93a1,Amazon Web Services,2,False,True,,,,
dev.vpn.ivanti.com,,200,315,dev.vpn.ivanti.com,443,True,tls12,TLS_ECDHE_RSA_WITH_AES_256_GCM_SHA384,2023-05-24T00:00:00Z,2024-05-23T23:59:59Z,"CN=dev.vpn.ivanti.com, O=Ivanti\, Inc., ST=Utah, C=US",dev.vpn.ivanti.com,"Ivanti, Inc.",dev.vpn.ivanti.com,"CN=Sectigo RSA Organization Validation Secure Server CA, O=Sectigo Limited, L=Salford, ST=Greater Manchester, C=GB",Sectigo RSA Organization Validation Secure Server CA,Sectigo Limited,78257a96710d6b1678250ba2889ca132,bd9a85375179e0361e8415a224754ed04e7ff8ddcaf78d6c52bf174fc37ea763,,ctls,dev.vpn.ivanti.com,,443,https://dev.vpn.ivanti.com:443,https,,text/html,GET,67.199.253.10,/,-1840324437,67.199.253.10,HSTS,9,False,,,,,
developer.ivanti.com,Ivanti Developer Hub,200,620724,developer.ivanti.com,443,True,tls13,TLS_AES_128_GCM_SHA256,2023-03-18T00:00:00Z,2024-03-17T23:59:59Z,"CN=*.ivanti.com, O=Ivanti\, Inc., ST=Utah, C=US",*.ivanti.com,"Ivanti, Inc.",ivanti.com,"CN=Sectigo RSA Organization Validation Secure Server CA, O=Sectigo Limited, L=Salford, ST=Greater Manchester, C=GB",Sectigo RSA Organization Validation Secure Server CA,Sectigo Limited,820d4f3e2b0fcc02413ea8405358ce58,d3b5a1e9df9a88f92f38b3b1ac3fd4ae2c880dd66cfc3a4ad8d06d8fcf4be2c1,True,ctls,developer.ivanti.com,cloudflare,443,https://developer.ivanti.com:443,https,cloudflare,text/html,GET,104.17.137.107,/,-689498768,2606:4700::6811:8a6b,Vue.js,14964,False,True,,,https://developer.ivanti.com/hub,
download.ivanti.com,Ivanti Download Portal,200,85,download.ivanti.com,443,True,tls13,TLS_AES_128_GCM_SHA256,2023-03-18T00:00:00Z,2024-03-17T23:59:59Z,"CN=*.ivanti.com, O=Ivanti\, Inc., ST=Utah, C=US",*.ivanti.com,"Ivanti, Inc.",ivanti.com,"CN=Sectigo RSA Organization Validation Secure Server CA, O=Sectigo Limited, L=Salford, ST=Greater Manchester, C=GB",Sectigo RSA Organization Validation Secure Server CA,Sectigo Limited,820d4f3e2b0fcc02413ea8405358ce58,d3b5a1e9df9a88f92f38b3b1ac3fd4ae2c880dd66cfc3a4ad8d06d8fcf4be2c1,True,ctls,download.ivanti.com,cloudflare,443,https://download.ivanti.com:443,https,cloudflare,text/html,GET,104.17.137.107,/,-1912835773,2606:4700::6811:8a6b,Cloudflare,8,False,True,,,,
elearning.ivanti.com,Resource not available,404,649,elearning.ivanti.com,443,True,tls12,TLS_ECDHE_RSA_WITH_AES_128_GCM_SHA256,2023-03-06T00:00:00Z,2024-03-14T23:59:59Z,CN=*.learnupon.com,*.learnupon.com,,learnupon.com,"CN=RapidSSL Global TLS RSA4096 SHA256 2022 CA1, O=DigiCert\, Inc., C=US",RapidSSL Global TLS RSA4096 SHA256 2022 CA1,"DigiCert, Inc.",6f725cf8d95dd89b1ec2d9de775a117a,a3078aeb0fe089f0986cb6483f8ea6cce5253f01bd71299db082ddba566348b8,True,ctls,elearning.ivanti.com,,443,https://elearning.ivanti.com:443,https,nginx,text/html,GET,52.215.24.77,/,1979059704,34.248.115.14,Nginx,26,False,,True,,,
em.ivanti.com,,200,101,em.ivanti.com,443,True,tls13,TLS_AES_128_GCM_SHA256,2023-03-18T00:00:00Z,2024-03-17T23:59:59Z,"CN=*.ivanti.com, O=Ivanti\, Inc., ST=Utah, C=US",*.ivanti.com,"Ivanti, Inc.",ivanti.com,"CN=Sectigo RSA Organization Validation Secure Server CA, O=Sectigo Limited, L=Salford, ST=Greater Manchester, C=GB",Sectigo RSA Organization Validation Secure Server CA,Sectigo Limited,820d4f3e2b0fcc02413ea8405358ce58,d3b5a1e9df9a88f92f38b3b1ac3fd4ae2c880dd66cfc3a4ad8d06d8fcf4be2c1,True,ctls,em.ivanti.com,cloudflare,80,http://em.ivanti.com:80,http,cloudflare,text/html,GET,104.17.137.107,/,-1840324437,2606:4700::6811:8a6b,Cloudflare,7,False,True,,,https://em.ivanti.com/,
enable.ivanti.com,Sign in to your account,200,42375,login.microsoftonline.com,443,True,tls12,TLS_ECDHE_RSA_WITH_AES_256_GCM_SHA384,2023-06-01T00:00:00Z,2024-06-01T23:59:59Z,"CN=stamp2.login.microsoftonline.com, O=Microsoft Corporation, L=Redmond, ST=Washington, C=US",stamp2.login.microsoftonline.com,Microsoft Corporation,stamp2.login.microsoftonline-int.com,"CN=DigiCert SHA2 Secure Server CA, O=DigiCert Inc, C=US",DigiCert SHA2 Secure Server CA,DigiCert Inc,3e5363ca089bb6cd32f00c16e8c60c1d,722ffa737efee47ce8a79dd30a184c0967708de86a0c20d85e015d7c21075dee,,ctls,login.microsoftonline.com,cloudflare,443,https://enable.ivanti.com:443,https,,text/html,GET,104.17.138.107,/,-980659448,2606:4700::6811:8a6b,HSTS,95,False,True,,,https://login.microsoftonline.com:443/e5208e76-dd12-47f0-9541-c9b45afaffe6/oauth2/authorize?client%5Fid=00000003%2D0000%2D0ff1%2Dce00%2D000000000000&response%5Fmode=form%5Fpost&response%5Ftype=code%20id%5Ftoken&resource=00000003%2D0000%2D0ff1%2Dce00%2D000000000000&scope=openid&nonce=C9CA8C193F3C9B163DC957ECA048D35E186639302F3A0F90%2DD3FF8DB8A9EF9B19075302D6D29ECABA64649C2C3347E65041F3B0A57517E10F&redirect%5Furi=https%3A%2F%2Flandeskinc%2Esharepoint%2Ecom%2F%5Fforms%2Fdefault%2Easpx&state=OD0w&claims=%7B%22id%5Ftoken%22%3A%7B%22xms%5Fcc%22%3A%7B%22values%22%3A%5B%22CP1%22%5D%7D%7D%7D&wsucxt=1&cobrandid=11bd8083%2D87e0%2D41b5%2Dbb78%2D0bc43c8a8e8a&client%2Drequest%2Did=7d8cc8a0%2D9044%2D3000%2Ddca3%2D1d550bdb0966&popupui=1,
epmgapi.ivanti.com,,404,,epmgapi.ivanti.com,443,True,tls12,TLS_ECDHE_RSA_WITH_AES_128_GCM_SHA256,2023-05-23T00:00:00Z,2024-05-22T23:59:59Z,"CN=epmgapi.ivanti.com, O=Ivanti\, Inc., ST=Utah, C=US",epmgapi.ivanti.com,"Ivanti, Inc.",epmgapi.ivanti.com,"CN=Sectigo RSA Organization Validation Secure Server CA, O=Sectigo Limited, L=Salford, ST=Greater Manchester, C=GB",Sectigo RSA Organization Validation Secure Server CA,Sectigo Limited,e13800abace0cf7d5ab29943ca1e3e28,568971e205d924044b78d747882a5fea26cfa175649a3f559e79bf4c5c0dd026,,ctls,epmgapi.ivanti.com,,443,https://epmgapi.ivanti.com:443,https,Kestrel,,GET,23.22.81.113,/,1772087922,44.209.117.99,Microsoft ASP.NET,1,False,,,,,
everywhere.ivanti.com,,200,1935,ivantieverywhere.my.salesforce.com,443,True,tls12,TLS_ECDHE_RSA_WITH_AES_256_GCM_SHA384,2023-06-07T00:00:00Z,2024-06-05T23:59:59Z,"CN=fra.edge.my.salesforce.com, O=salesforce.com\, inc., L=San Francisco, ST=California, C=US",fra.edge.my.salesforce.com,"salesforce.com, inc.",*.sandbox.my.salesforce.com,"CN=DigiCert TLS RSA SHA256 2020 CA1, O=DigiCert Inc, C=US",DigiCert TLS RSA SHA256 2020 CA1,DigiCert Inc,f4ea59c6a234a210821ec8d42409128e,1782dad175e39916856871b541adbd6465f663b9228d0a1df0220435abddb9c9,True,ctls,ivantieverywhere.my.salesforce.com,,443,https://everywhere.ivanti.com:443,https,sfdcedge,text/html,GET,107.170.196.140,/,-2139334464,107.170.196.140,HSTS,51,False,,,,https://ivantieverywhere.my.salesforce.com/visualforce/session?url=https%3A%2F%2Fivantieverywhere.lightning.force.com%2Fvisualforce%2Fsession%3Furl%3Dhttps%253A%252F%252Fivantieverywhere--simpplr.vf.force.com%252Fapex%252Fsimpplr__app,
forum.ivanti.com,Ivanti Community,200,434946,forums.ivanti.com,443,True,tls13,TLS_AES_128_GCM_SHA256,2023-03-18T00:00:00Z,2024-03-17T23:59:59Z,"CN=*.ivanti.com, O=Ivanti\, Inc., ST=Utah, C=US",*.ivanti.com,"Ivanti, Inc.",ivanti.com,"CN=Sectigo RSA Organization Validation Secure Server CA, O=Sectigo Limited, L=Salford, ST=Greater Manchester, C=GB",Sectigo RSA Organization Validation Secure Server CA,Sectigo Limited,820d4f3e2b0fcc02413ea8405358ce58,d3b5a1e9df9a88f92f38b3b1ac3fd4ae2c880dd66cfc3a4ad8d06d8fcf4be2c1,True,ctls,forums.ivanti.com,cloudflare,443,https://forum.ivanti.com:443,https,cloudflare,text/html,GET,104.17.137.107,/,1157094477,2606:4700::6811:8a6b,HSTS,620,False,True,,https://selling.ivanti.com,https://forums.ivanti.com/s/?language=en_US,
forums.ivanti.com,Ivanti Community,200,434946,forums.ivanti.com,443,True,tls13,TLS_AES_128_GCM_SHA256,2023-03-18T00:00:00Z,2024-03-17T23:59:59Z,"CN=*.ivanti.com, O=Ivanti\, Inc., ST=Utah, C=US",*.ivanti.com,"Ivanti, Inc.",ivanti.com,"CN=Sectigo RSA Organization Validation Secure Server CA, O=Sectigo Limited, L=Salford, ST=Greater Manchester, C=GB",Sectigo RSA Organization Validation Secure Server CA,Sectigo Limited,820d4f3e2b0fcc02413ea8405358ce58,d3b5a1e9df9a88f92f38b3b1ac3fd4ae2c880dd66cfc3a4ad8d06d8fcf4be2c1,True,ctls,forums.ivanti.com,cloudflare,443,https://forums.ivanti.com:443,https,cloudflare,text/html,GET,104.17.137.107,/,1157094477,2606:4700::6811:8a6b,HSTS,620,False,True,,https://ivanti.my.salesforce.com,https://forums.ivanti.com/s/?language=en_US,
globalacademy.ivanti.com,Ivanti,200,64371,advantagelearning.ivanti.com,443,True,tls13,TLS_AES_128_GCM_SHA256,2023-03-01T00:00:00Z,2024-02-29T23:59:59Z,"CN=advantagelearning.ivanti.com, O=Cloudflare\, Inc., L=San Francisco, ST=California, C=US",advantagelearning.ivanti.com,"Cloudflare, Inc.",advantagelearning.ivanti.com,"CN=Cloudflare Inc ECC CA-3, O=Cloudflare\, Inc., C=US",Cloudflare Inc ECC CA-3,"Cloudflare, Inc.",fe1e4fb8423364ab0ba17c57679bddd8,ca34b787670cdcc29d7ae4b81c97197ebe462bece06c978454769d9bb140de36,,ctls,advantagelearning.ivanti.com,cloudflare,443,https://globalacademy.ivanti.com:443,https,cloudflare,text/html,GET,104.17.137.107,/,-141047447,2606:4700::6811:8a6b,HSTS,145,False,True,,,https://advantagelearning.ivanti.com,
go.ivanti.com,Ivanti - Everywhere Work. Elevated.,200,26998,www.ivanti.com,443,True,tls13,TLS_AES_128_GCM_SHA256,2023-03-18T00:00:00Z,2024-03-17T23:59:59Z,"CN=*.ivanti.com, O=Ivanti\, Inc., ST=Utah, C=US",*.ivanti.com,"Ivanti, Inc.",ivanti.com,"CN=Sectigo RSA Organization Validation Secure Server CA, O=Sectigo Limited, L=Salford, ST=Greater Manchester, C=GB",Sectigo RSA Organization Validation Secure Server CA,Sectigo Limited,820d4f3e2b0fcc02413ea8405358ce58,d3b5a1e9df9a88f92f38b3b1ac3fd4ae2c880dd66cfc3a4ad8d06d8fcf4be2c1,True,ctls,www.ivanti.com,cloudflare,443,https://go.ivanti.com:443,https,cloudflare,text/html,GET,104.17.137.107,/,-498306671,2606:4700::6811:8a6b,HSTS,196,False,True,,https://dash.cloudflare.com,https://www.ivanti.com/,
gslinki.ivanti.com,404 Not Found,404,162,gslinki.ivanti.com,443,True,tls12,TLS_ECDHE_RSA_WITH_AES_128_GCM_SHA256,2022-12-14T18:12:57Z,2024-01-15T17:57:31Z,CN=*.sendgrid.net,*.sendgrid.net,,sendgrid.net,"CN=Go Daddy Secure Certificate Authority - G2, OU=http://certs.godaddy.com/repository/, O=GoDaddy.com\, Inc., L=Scottsdale, ST=Arizona, C=US",Go Daddy Secure Certificate Authority - G2,"GoDaddy.com, Inc.",5b6add9e6e69e62589480ba3bd94b267,53aadc5910a6619d5102afbe44af32ecae87d4ef77fea8317be1ddc34b349e10,True,ctls,gslinki.ivanti.com,,443,https://gslinki.ivanti.com:443,https,nginx,text/html,GET,167.89.115.120,/,190856733,167.89.118.52,Nginx,8,False,,True,,,
hackathon.ivanti.com,Sign in ・ Cloudflare Access,200,30844,ivanti.cloudflareaccess.com,443,True,tls13,TLS_AES_128_GCM_SHA256,2022-11-11T00:00:00Z,2023-09-07T23:59:59Z,CN=ssl1075497.cloudflaressl.com,ssl1075497.cloudflaressl.com,,cloudflareaccess.com,"CN=COMODO ECC Domain Validation Secure Server CA 2, O=COMODO CA Limited, L=Salford, ST=Greater Manchester, C=GB",COMODO ECC Domain Validation Secure Server CA 2,COMODO CA Limited,87713b38da05acdabfe6e7ca7d9d65a8,20a161d033636d125bfd59b23b1d246dc3535ed149333b3dba97497ed105e8ad,True,ctls,ivanti.cloudflareaccess.com,cloudflare,443,https://hackathon.ivanti.com:443,https,cloudflare,text/html,GET,104.17.137.107,/,1088492352,2606:4700::6811:8a6b,HSTS,67,False,True,,https:,https://ivanti.cloudflareaccess.com/cdn-cgi/access/login/hackathon.ivanti.com?kid=d0c813044398ae76983b3ae54b602244180f2380a15be1e6f108725d6762e73d&redirect_url=%2F&meta=eyJraWQiOiJhZjNmMjUwZjY3NTI1NDc0NDgzN2JjZDU4Zjc5ODA4Y2RkMDY1N2Q4NWU4NWEzMDZiNjMyZTZiZDQ3ZjEzYTZhIiwiYWxnIjoiUlMyNTYiLCJ0eXAiOiJKV1QifQ.eyJzZXJ2aWNlX3Rva2VuX3N0YXR1cyI6ZmFsc2UsImlhdCI6MTY4OTkxMjAwOCwic2VydmljZV90b2tlbl9pZCI6IiIsImF1ZCI6ImQwYzgxMzA0NDM5OGFlNzY5ODNiM2FlNTRiNjAyMjQ0MTgwZjIzODBhMTViZTFlNmYxMDg3MjVkNjc2MmU3M2QiLCJob3N0bmFtZSI6ImhhY2thdGhvbi5pdmFudGkuY29tIiwiYXBwX3Nlc3Npb25faGFzaCI6Ijg3ZTMyOGUzZDZkZmZjYTEwZDkzNmZiZTExOWJkMDNkMTU4ZTQyMTYzNjJjZGQ2NjFiZWZiMTEwMzljOTE0MzEiLCJuYmYiOjE2ODk5MTIwMDgsImlzX3dhcnAiOmZhbHNlLCJpc19nYXRld2F5IjpmYWxzZSwidHlwZSI6Im1ldGEiLCJyZWRpcmVjdF91cmwiOiJcLyIsIm10bHNfYXV0aCI6eyJjZXJ0X2lzc3Vlcl9za2kiOiIiLCJjZXJ0X3ByZXNlbnRlZCI6ZmFsc2UsImNlcnRfc2VyaWFsIjoiIiwiY2VydF9pc3N1ZXJfZG4iOiIiLCJhdXRoX3N0YXR1cyI6Ik5PTkUifSwiYXV0aF9zdGF0dXMiOiJOT05FIn0.HZdXtzhNzSi7Q31OkmQ0cy9wt6gBUETubUkkPUtzBh6IpUvQDlg0C84M8F4C8H7mOZHJKNnAcKoYRVKXYUvEdAX7jPW-5MUGVphAHZdtMUXH6iGjeLdYZv0t0v7r7GwlPiirk5y3IDXyTw0GufK2PIJ9KQhJbla5srur_NnC17H-kMQdextXLWqQGI6xuCnsStbn78sCFKmiFoPp_Adra475tgUILpF_Ro_U4d-Ywa3By07WbWQFe3z15uPQ1sGkUpo6mv2VnfH1FgNaFe8THFz2MCPA0ahnIf1QXG7BUdzXfrbI1--d8p9npHe8423om0Sjye3tjoffg37Od1bZEg,
identity.ivanti.com,User Portal,200,6049,identity.ivanti.com,443,True,tls13,TLS_AES_128_GCM_SHA256,2023-03-18T00:00:00Z,2024-03-17T23:59:59Z,"CN=*.ivanti.com, O=Ivanti\, Inc., ST=Utah, C=US",*.ivanti.com,"Ivanti, Inc.",ivanti.com,"CN=Sectigo RSA Organization Validation Secure Server CA, O=Sectigo Limited, L=Salford, ST=Greater Manchester, C=GB",Sectigo RSA Organization Validation Secure Server CA,Sectigo Limited,820d4f3e2b0fcc02413ea8405358ce58,d3b5a1e9df9a88f92f38b3b1ac3fd4ae2c880dd66cfc3a4ad8d06d8fcf4be2c1,True,ctls,identity.ivanti.com,cloudflare,80,http://identity.ivanti.com:80,http,cloudflare,text/html,GET,104.17.138.107,/,1616832800,2606:4700::6811:896b,HSTS,159,False,True,,,https://identity.ivanti.com/Auth/IdentityBroker?returnUrl=%2FStore,
images.info.ivanti.com,404 - Not found or no permission to access,404,1330,images.info.ivanti.com,443,True,tls13,TLS_AES_256_GCM_SHA384,2022-10-13T00:00:00Z,2023-10-13T23:59:59Z,"CN=images.info.ivanti.com, O=Ivanti\, Inc., ST=Utah, C=US",images.info.ivanti.com,"Ivanti, Inc.",images.info.ivanti.com,"CN=Sectigo RSA Organization Validation Secure Server CA, O=Sectigo Limited, L=Salford, ST=Greater Manchester, C=GB",Sectigo RSA Organization Validation Secure Server CA,Sectigo Limited,5179a4b5d46ceaa7eb0fa1908cbe29b7,4ba50bfc089dd5562e3b7b8d35a911615606dc368861339da57391fde1bdf1e6,,ctls,images.info.ivanti.com,,443,https://images.info.ivanti.com:443,https,,text/html,GET,2.23.209.161,/,-723685921,2.23.209.160,Bootstrap,33,False,,,,,
innovators.ivanti.com,Ivanti Innovators,200,41983,innovators.ivanti.com,443,True,tls13,TLS_AES_256_GCM_SHA384,2023-05-27T13:09:35Z,2023-08-25T13:09:34Z,CN=innovators.ivanti.com,innovators.ivanti.com,,innovators.ivanti.com,"CN=R3, O=Let's Encrypt, C=US",R3,Let's Encrypt,cb6ab86dfaa5989a3f540ed6e14eff02,d564673bd92614bd8a7daf409f5ea0bfec39e69598ef642fc9b918e2ddadcc32,,ctls,innovators.ivanti.com,,443,https://innovators.ivanti.com:443,https,,text/html,GET,52.204.233.198,/,-812090311,34.192.229.91,Ruby on Rails,381,False,,,,https://innovators.ivanti.com/users/sign_in,
interactive.ivanti.com,Not Found,404,315,,,,,,,,,,,,,,,,,,,,,80,http://interactive.ivanti.com:80,http,Microsoft-HTTPAPI/2.0,text/html,GET,50.19.175.240,/,225052475,50.19.175.240,Microsoft HTTPAPI:2.0,7,False,,,,,
interchange.ivanti.com,Events and Conferences | Ivanti,200,26029,www.ivanti.com,443,True,tls13,TLS_AES_128_GCM_SHA256,2023-03-18T00:00:00Z,2024-03-17T23:59:59Z,"CN=*.ivanti.com, O=Ivanti\, Inc., ST=Utah, C=US",*.ivanti.com,"Ivanti, Inc.",ivanti.com,"CN=Sectigo RSA Organization Validation Secure Server CA, O=Sectigo Limited, L=Salford, ST=Greater Manchester, C=GB",Sectigo RSA Organization Validation Secure Server CA,Sectigo Limited,820d4f3e2b0fcc02413ea8405358ce58,d3b5a1e9df9a88f92f38b3b1ac3fd4ae2c880dd66cfc3a4ad8d06d8fcf4be2c1,True,ctls,www.ivanti.com,cloudflare,443,https://interchange.ivanti.com:443,https,cloudflare,text/html,GET,104.17.137.107,/,902563354,2606:4700::6811:896b,HSTS,477,False,True,,https://dash.cloudflare.com,https://www.ivanti.com/company/events,
internalcomms.ivanti.com,Internal Communications Email Platform for Outlook & Gmail,200,270837,www.contactmonkey.com,443,True,tls13,TLS_AES_128_GCM_SHA256,2023-07-19T00:00:00Z,2023-10-17T23:59:59Z,CN=www.contactmonkey.com,www.contactmonkey.com,,www.contactmonkey.com,"CN=cPanel\, Inc. Certification Authority, O=cPanel\, Inc., L=Houston, ST=TX, C=US","cPanel, Inc. Certification Authority","cPanel, Inc.",f0935ca1b54deba7eef46209a7d6465b,d33d009c0c97f78d67095b8b5a8b38dcbf420d2b42cd536d0aa8947e54f5addb,,ctls,www.contactmonkey.com,cloudflare,443,https://internalcomms.ivanti.com:443,https,Apache,text/html,GET,104.17.137.107,/,873014621,2606:4700::6811:8a6b,Yoast SEO:20.11,1062,False,True,,,https://www.contactmonkey.com,
itcsa.ivanti.com,Ivanti(R) Cloud Services Appliance,200,1608,itcsa.ivanti.com,443,True,tls12,TLS_ECDHE_RSA_WITH_AES_256_GCM_SHA384,2022-12-05T00:00:00Z,2023-12-05T23:59:59Z,"CN=itcsa.ivanti.com, O=Ivanti\, Inc., ST=Utah, C=US",itcsa.ivanti.com,"Ivanti, Inc.",itcsa.ivanti.com,"CN=Sectigo RSA Organization Validation Secure Server CA, O=Sectigo Limited, L=Salford, ST=Greater Manchester, C=GB",Sectigo RSA Organization Validation Secure Server CA,Sectigo Limited,24f92a755eed1b05c312cd8fdaf699b9,6f20bcdd4e19ded6cdaf435ba19062d2baf0a1b8e1e68720757b66e9222fc493,,ctls,itcsa.ivanti.com,,443,https://itcsa.ivanti.com:443,https,,text/html,GET,67.199.253.36,/,-1703592683,67.199.253.36,,50,False,,,,,
itcsa2.ivanti.com,Ivanti(R) Cloud Services Appliance,200,1612,itcsa2.ivanti.com,443,True,tls12,TLS_ECDHE_RSA_WITH_AES_256_GCM_SHA384,2022-11-21T00:00:00Z,2023-11-21T23:59:59Z,"CN=itcsa2.ivanti.com, O=Ivanti\, Inc., ST=Utah, C=US",itcsa2.ivanti.com,"Ivanti, Inc.",itcsa2.ivanti.com,"CN=Sectigo RSA Organization Validation Secure Server CA, O=Sectigo Limited, L=Salford, ST=Greater Manchester, C=GB",Sectigo RSA Organization Validation Secure Server CA,Sectigo Limited,a11b5cf35467eae1ad61fc9396c3ec05,75f491595cc430e4c79dcc0fba3384e7f789bbdd49684998b2273389e963e4d5,,ctls,itcsa2.ivanti.com,,443,https://itcsa2.ivanti.com:443,https,,text/html,GET,67.199.253.38,/,-1703592683,67.199.253.38,,50,False,,,,,
ivanti.com,Ivanti - Everywhere Work. Elevated.,200,26998,www.ivanti.com,443,True,tls13,TLS_AES_128_GCM_SHA256,2023-03-18T00:00:00Z,2024-03-17T23:59:59Z,"CN=*.ivanti.com, O=Ivanti\, Inc., ST=Utah, C=US",*.ivanti.com,"Ivanti, Inc.",ivanti.com,"CN=Sectigo RSA Organization Validation Secure Server CA, O=Sectigo Limited, L=Salford, ST=Greater Manchester, C=GB",Sectigo RSA Organization Validation Secure Server CA,Sectigo Limited,820d4f3e2b0fcc02413ea8405358ce58,d3b5a1e9df9a88f92f38b3b1ac3fd4ae2c880dd66cfc3a4ad8d06d8fcf4be2c1,True,ctls,www.ivanti.com,cloudflare,443,https://ivanti.com:443,https,cloudflare,text/html,GET,104.17.137.107,/,-1439222863,2606:4700::6811:8a6b,HSTS,196,False,True,,https://dash.cloudflare.com,https://www.ivanti.com/,
ivanti.csa.ivanti.com,LANDESK(R) Cloud Services Appliance,200,1631,ivanti.csa.ivanti.com,443,True,tls12,TLS_ECDHE_RSA_WITH_AES_256_GCM_SHA384,1970-01-01T00:00:00Z,2027-07-28T02:56:08Z,"CN=ivanti.csa.ivanti.com, OU=Copyright (C) 2009\, LANDesk Software Ltd., O=Copyright (C) 2009\, LANDesk Software Ltd., L=South Jordan, ST=Utah, C=US, dnQualifier=20200728205608, dnQualifier=20200728205608",ivanti.csa.ivanti.com,"Copyright (C) 2009, LANDesk Software Ltd.",172.16.5.28,"CN=Management Gateway (RA), OU=Copyright (C) 2009\, LANDesk Software Ltd., O=LANDesk(R) Software\, Ltd., L=South Jordan, ST=Utah, C=US, dnQualifier=20171205221619, dnQualifier=20171205221619",Management Gateway (RA),"LANDesk(R) Software, Ltd.",eb28c129500b8bdfe6bc639b9ace7895,ead7749c9b4cf8fe8323ad36188d9ad80cd3ea64265d1503d9fbbe652c977933,,ctls,ivanti.csa.ivanti.com,,443,https://ivanti.csa.ivanti.com:443,https,,text/html,GET,54.211.49.66,/,-1703592683,54.211.49.66,,50,False,,,,,
ivanti45-2.csa.ivanti.com,Ivanti(R) Cloud Services Appliance,200,1644,ivanti45-2.csa.ivanti.com,443,True,tls13,TLS_AES_256_GCM_SHA384,1970-01-01T00:00:00Z,2028-06-08T20:39:33Z,"CN=ivanti45-2.csa.ivanti.com, OU=Copyright (C) 2020\, Ivanti\, Inc., O=Copyright (C) 2020\, Ivanti\, Inc., L=South Jordan, ST=Utah, C=US, dnQualifier=20210610143933, dnQualifier=20210610143933",ivanti45-2.csa.ivanti.com,"Copyright (C) 2020, Ivanti, Inc.",192.168.122.1,"CN=Cloud Services Appliance, OU=Copyright (C) 2020\, Ivanti\, Inc., O=Ivanti\, Inc., L=South Jordan, ST=Utah, C=US, dnQualifier=20201221151225, dnQualifier=20201221151225",Cloud Services Appliance,"Ivanti, Inc.",4f8a945c9532dc9faa58d98ff88790c1,1cf044f8d26db5f1dae1ac5e3ae52e9129442cffb76db1c32aae90538fe9d0ba,,ctls,ivanti45-2.csa.ivanti.com,,443,https://ivanti45-2.csa.ivanti.com:443,https,,text/html,GET,3.222.130.12,/,-1703592683,3.222.130.12,,50,False,,,,,
kb.ivanti.com,Ivanti Community,200,434946,forums.ivanti.com,443,True,tls13,TLS_AES_128_GCM_SHA256,2023-03-18T00:00:00Z,2024-03-17T23:59:59Z,"CN=*.ivanti.com, O=Ivanti\, Inc., ST=Utah, C=US",*.ivanti.com,"Ivanti, Inc.",ivanti.com,"CN=Sectigo RSA Organization Validation Secure Server CA, O=Sectigo Limited, L=Salford, ST=Greater Manchester, C=GB",Sectigo RSA Organization Validation Secure Server CA,Sectigo Limited,820d4f3e2b0fcc02413ea8405358ce58,d3b5a1e9df9a88f92f38b3b1ac3fd4ae2c880dd66cfc3a4ad8d06d8fcf4be2c1,True,ctls,forums.ivanti.com,cloudflare,443,https://kb.ivanti.com:443,https,cloudflare,text/html,GET,104.17.137.107,/,,2606:4700::6811:8a6b,HSTS,620,False,True,,https://*.coveo.com,https://forums.ivanti.com/s/?language=en_US,
knowledge.ivanti.com,Ivanti Community,200,434946,forums.ivanti.com,443,True,tls13,TLS_AES_128_GCM_SHA256,2023-03-18T00:00:00Z,2024-03-17T23:59:59Z,"CN=*.ivanti.com, O=Ivanti\, Inc., ST=Utah, C=US",*.ivanti.com,"Ivanti, Inc.",ivanti.com,"CN=Sectigo RSA Organization Validation Secure Server CA, O=Sectigo Limited, L=Salford, ST=Greater Manchester, C=GB",Sectigo RSA Organization Validation Secure Server CA,Sectigo Limited,820d4f3e2b0fcc02413ea8405358ce58,d3b5a1e9df9a88f92f38b3b1ac3fd4ae2c880dd66cfc3a4ad8d06d8fcf4be2c1,True,ctls,forums.ivanti.com,cloudflare,443,https://knowledge.ivanti.com:443,https,cloudflare,text/html,GET,104.17.137.107,/,,2606:4700::6811:896b,HSTS,620,False,True,,https://ivanti--c.visualforce.com,https://forums.ivanti.com/s/?language=en_US,
login.ivanti.com,,200,576,success.ivanti.com,443,True,tls13,TLS_AES_128_GCM_SHA256,2023-03-18T00:00:00Z,2024-03-17T23:59:59Z,"CN=*.ivanti.com, O=Ivanti\, Inc., ST=Utah, C=US",*.ivanti.com,"Ivanti, Inc.",ivanti.com,"CN=Sectigo RSA Organization Validation Secure Server CA, O=Sectigo Limited, L=Salford, ST=Greater Manchester, C=GB",Sectigo RSA Organization Validation Secure Server CA,Sectigo Limited,820d4f3e2b0fcc02413ea8405358ce58,d3b5a1e9df9a88f92f38b3b1ac3fd4ae2c880dd66cfc3a4ad8d06d8fcf4be2c1,True,ctls,success.ivanti.com,cloudflare,443,https://login.ivanti.com:443,https,cloudflare,text/html,GET,104.17.137.107,/,1660777105,2606:4700::6811:8a6b,Salesforce,19,False,True,,,https://success.ivanti.com,
lyncdiscover.ivanti.com,,200,357,lyncdiscover.ivanti.com,443,True,tls12,TLS_ECDHE_RSA_WITH_AES_256_CBC_SHA,2023-02-03T18:41:36Z,2024-01-29T18:41:36Z,"CN=*.online.lync.com, O=Microsoft Corporation, L=Redmond, ST=WA, C=US",*.online.lync.com,Microsoft Corporation,*.lync.com,"CN=Microsoft Azure TLS Issuing CA 06, O=Microsoft Corporation, C=US",Microsoft Azure TLS Issuing CA 06,Microsoft Corporation,2caac3e97714f2cd46d17017c8f7ca9e,f38e6481f423e45388c4b40cabf45c6641d3131d29bed689eac88c27936a5618,True,ctls,lyncdiscover.ivanti.com,,443,https://lyncdiscover.ivanti.com:443,https,,application/json,GET,52.112.192.142,/,-1285037864,2603:1027:0:3::e,Azure,1,False,,True,,,
marketplace.ivanti.com,"Ivanti Marketplace
        | Packages",200,30366,marketplace.ivanticloud.com,443,True,tls12,TLS_ECDHE_RSA_WITH_AES_256_GCM_SHA384,2023-02-27T00:00:00Z,2024-03-29T23:59:59Z,"CN=*.ivanticloud.com, O=Ivanti\, Inc, ST=Utah, C=US",*.ivanticloud.com,"Ivanti, Inc",ivanticloud.com,"CN=Sectigo RSA Organization Validation Secure Server CA, O=Sectigo Limited, L=Salford, ST=Greater Manchester, C=GB",Sectigo RSA Organization Validation Secure Server CA,Sectigo Limited,4144c03b3e79e8c2a7b565a906429b63,f36561886d35795973f9c1b3698bfa25af4945cda53f86db80050b9dae963664,True,ctls,marketplace.ivanticloud.com,azure,80,http://marketplace.ivanti.com:80,http,Microsoft-IIS/10.0,text/html,GET,40.87.70.95,/,-20275242,40.87.70.95,Windows Server,629,False,True,,,https://marketplace.ivanticloud.com,
moveitus.ivanti.com,520 Origin Error,520,172,moveitus.ivanti.com,443,True,tls13,TLS_AES_128_GCM_SHA256,2023-03-18T00:00:00Z,2024-03-17T23:59:59Z,"CN=*.ivanti.com, O=Ivanti\, Inc., ST=Utah, C=US",*.ivanti.com,"Ivanti, Inc.",ivanti.com,"CN=Sectigo RSA Organization Validation Secure Server CA, O=Sectigo Limited, L=Salford, ST=Greater Manchester, C=GB",Sectigo RSA Organization Validation Secure Server CA,Sectigo Limited,820d4f3e2b0fcc02413ea8405358ce58,d3b5a1e9df9a88f92f38b3b1ac3fd4ae2c880dd66cfc3a4ad8d06d8fcf4be2c1,True,ctls,moveitus.ivanti.com,cloudflare,80,http://moveitus.ivanti.com:80,http,cloudflare,text/html,GET,104.17.137.107,/,1503344777,2606:4700::6811:8a6b,Cloudflare,8,False,True,,,https://moveitus.ivanti.com/,
msoid.ivanti.com,Sign in to your account,200,44175,login.microsoftonline.com,443,True,tls12,TLS_ECDHE_RSA_WITH_AES_256_GCM_SHA384,2023-06-01T00:00:00Z,2024-06-01T23:59:59Z,"CN=stamp2.login.microsoftonline.com, O=Microsoft Corporation, L=Redmond, ST=Washington, C=US",stamp2.login.microsoftonline.com,Microsoft Corporation,stamp2.login.microsoftonline-int.com,"CN=DigiCert SHA2 Secure Server CA, O=DigiCert Inc, C=US",DigiCert SHA2 Secure Server CA,DigiCert Inc,3e5363ca089bb6cd32f00c16e8c60c1d,722ffa737efee47ce8a79dd30a184c0967708de86a0c20d85e015d7c21075dee,,ctls,login.microsoftonline.com,azure,443,https://msoid.ivanti.com:443,https,,text/html,GET,20.190.160.20,/,-1840324437,2603:1026:3000:d0::b,HSTS,95,False,True,,,https://login.microsoftonline.com/common/oauth2/v2.0/authorize?client_id=4765445b-32c6-49b0-83e6-1d93765276ca&redirect_uri=https%3A%2F%2Fwww.office.com%2Flandingv2&response_type=code%20id_token&scope=openid%20profile%20https%3A%2F%2Fwww.office.com%2Fv2%2FOfficeHome.All&response_mode=form_post&nonce=638255088085666760.N2NmYjIwNTQtMjY1Zi00ZGU3LWEyYzctZTI5ZjEyMWQwMjk0MTJmY2Q2YmItNjdhNi00MjRiLTliNGYtNGFmMGNkOGUxN2I4&ui_locales=en-US&mkt=en-US&state=_tE2w50Sbj4CwBLD0Sr6bbkrtzJDzptUSO-FjucSgqt6H41F1_mmyOeF_Nmb6YO3m5gkkMqpFtAak5VLRAY1gFplOCPshgMnTNOCGX0jxH93wjcNr1Jg18I0UHTcVqQTo2gun-4-7f3W9WZhP-zUoZCIGQacl-UY4G09ak7-k9uLwmIH8wUF72PG37kfVhR_44_KOLsN2rYRaFQiZfeTAezMBD58sWLJTFxVFQi7kvfeUJKHePgeI3ZiAqXxGQA-cFWnLPfumEmtTW6ZkZ8NoQ&x-client-SKU=ID_NET6_0&x-client-ver=6.30.1.0,
navy5.csa.ivanti.com,Ivanti(R) Cloud Services Appliance,200,1624,navy5.csa.ivanti.com,443,True,tls12,TLS_ECDHE_RSA_WITH_AES_256_GCM_SHA384,2023-06-13T00:00:00Z,2024-06-12T23:59:59Z,"CN=navy5.csa.ivanti.com, O=Ivanti\, Inc., ST=Utah, C=US",navy5.csa.ivanti.com,"Ivanti, Inc.",navy5.csa.ivanti.com,"CN=Sectigo RSA Organization Validation Secure Server CA, O=Sectigo Limited, L=Salford, ST=Greater Manchester, C=GB",Sectigo RSA Organization Validation Secure Server CA,Sectigo Limited,338d5700528463109ebfd194e7655690,3ca4b8d038d5ac2ac55b7b41638f579740d6e6240eb81af9401b711913093518,,ctls,navy5.csa.ivanti.com,,443,https://navy5.csa.ivanti.com:443,https,,text/html,GET,44.194.12.221,/,-1703592683,44.194.12.221,,50,False,,,,,
oem-summit.ivanti.com,Events and Conferences | Ivanti,200,26029,www.ivanti.com,443,True,tls13,TLS_AES_128_GCM_SHA256,2023-03-18T00:00:00Z,2024-03-17T23:59:59Z,"CN=*.ivanti.com, O=Ivanti\, Inc., ST=Utah, C=US",*.ivanti.com,"Ivanti, Inc.",ivanti.com,"CN=Sectigo RSA Organization Validation Secure Server CA, O=Sectigo Limited, L=Salford, ST=Greater Manchester, C=GB",Sectigo RSA Organization Validation Secure Server CA,Sectigo Limited,820d4f3e2b0fcc02413ea8405358ce58,d3b5a1e9df9a88f92f38b3b1ac3fd4ae2c880dd66cfc3a4ad8d06d8fcf4be2c1,True,ctls,www.ivanti.com,cloudflare,80,http://oem-summit.ivanti.com:80,http,cloudflare,text/html,GET,104.17.137.107,/,902563354,2606:4700::6811:8a6b,HSTS,477,False,True,,https://dash.cloudflare.com,https://www.ivanti.com/company/events,
optiapi.ivanti.com,,404,48,optiapi.ivanti.com,443,True,tls13,TLS_AES_256_GCM_SHA384,2023-06-17T05:07:46Z,2023-09-15T05:07:45Z,CN=optiapi.ivanti.com,optiapi.ivanti.com,,optiapi.ivanti.com,"CN=R3, O=Let's Encrypt, C=US",R3,Let's Encrypt,afe99bbc560598d69726325cf1deca9a,3bd3b87251000ce6085fc6f2b651f410c155a865c769121cceb506b3fa31c2f2,,ctls,optiapi.ivanti.com,,443,https://optiapi.ivanti.com:443,https,kong/1.3.0,application/json,GET,178.128.135.118,/,834205737,104.248.111.229,,1,False,,,,,
opticdn.ivanti.com,,403,243,,,,,,,,,,,,,,,,,,,,,80,http://opticdn.ivanti.com:80,http,BunnyCDN-DE1-1082,application/xml,GET,169.150.247.39,/,418720926,2400:52e0:1e00::1081:1,Bunny,2,False,,,,,
partner.ivanti.com,,403,243,partner.ivanti.com,443,True,tls13,TLS_AES_128_GCM_SHA256,2023-03-08T00:00:00Z,2024-04-05T23:59:59Z,CN=partner.ivanti.com,partner.ivanti.com,,partner.ivanti.com,"CN=Amazon RSA 2048 M01, O=Amazon, C=US",Amazon RSA 2048 M01,Amazon,f59663e4c58a113bec56a2e660297c59,c41c48d376f03143aa711d07d9f4e149b4841d167090a9514b0d3dda3b893428,,ctls,partner.ivanti.com,cloudfront,443,https://partner.ivanti.com:443,https,AmazonS3,application/xml,GET,13.32.121.86,/,-1246010085,2600:9000:236e:6c00:9:ecd:fa00:93a1,Amazon Web Services,2,False,True,,,,
partners.ivanti.com,,200,23441,partners.ivanti.com,443,True,tls12,TLS_ECDHE_RSA_WITH_AES_128_GCM_SHA256,2023-02-28T00:00:00Z,2024-03-29T23:59:59Z,CN=partners.ivanti.com,partners.ivanti.com,,partners.ivanti.com,"CN=Amazon RSA 2048 M01, O=Amazon, C=US",Amazon RSA 2048 M01,Amazon,231cc6598d73da02b81ecbfdee353a3b,fbeb4df1fc610739aab35431e32b092cc8ea23c91af88bfb880ee2c1a31bfbcf,,ctls,partners.ivanti.com,,443,https://partners.ivanti.com:443,https,,text/html,GET,107.23.247.110,/,497701621,107.21.146.45,HSTS,632,False,,,ajax.googleapis.com,,
payment-qa.ivanti.com,Ivanti Payments,200,635,payment-qa.ivanti.com,443,True,tls12,TLS_ECDHE_RSA_WITH_AES_256_GCM_SHA384,2022-07-25T00:00:00Z,2023-07-25T23:59:59Z,"CN=payment-qa.ivanti.com, O=Ivanti\, Inc., ST=Utah, C=US",payment-qa.ivanti.com,"Ivanti, Inc.",csapi-qa.ivanti.com,"CN=Sectigo RSA Organization Validation Secure Server CA, O=Sectigo Limited, L=Salford, ST=Greater Manchester, C=GB",Sectigo RSA Organization Validation Secure Server CA,Sectigo Limited,34efa06f4839b33dcffea2c27d11bdd2,f2f429b386e21417119f143254c544097888b785f717170ebeba2189abc9a441,,ctls,payment-qa.ivanti.com,azure,443,https://payment-qa.ivanti.com:443,https,Microsoft-IIS/10.0,text/html,GET,13.66.138.97,/,-1439222863,13.66.138.97,Windows Server,16,False,True,,,,
payment.ivanti.com,Ivanti Payments,200,635,payment.ivanti.com,443,True,tls12,TLS_ECDHE_RSA_WITH_AES_256_GCM_SHA384,2022-07-25T00:00:00Z,2023-07-25T23:59:59Z,"CN=payment.ivanti.com, O=Ivanti\, Inc., ST=Utah, C=US",payment.ivanti.com,"Ivanti, Inc.",www.payment.ivanti.com,"CN=Sectigo RSA Organization Validation Secure Server CA, O=Sectigo Limited, L=Salford, ST=Greater Manchester, C=GB",Sectigo RSA Organization Validation Secure Server CA,Sectigo Limited,a1a329f7b579262be10fa6f840c8fafc,4c7bffb0a6e8c9f15724e0f1fae4427379d595057dc73d0c7248634a3d39559c,,ctls,payment.ivanti.com,azure,443,https://payment.ivanti.com:443,https,Microsoft-IIS/10.0,text/html,GET,13.66.138.106,/,-1439222863,13.66.138.106,Windows Server,16,False,True,,,,
pm-bounces.ivanti.com,Postmark — Email delivery for web apps,200,4374,,,,,,,,,,,,,,,,,,,,,80,http://pm-bounces.ivanti.com:80,http,nginx/1.25.1,text/html,GET,3.20.135.122,/,-1457628171,18.118.245.208,Nginx:1.25.1,85,False,,,,,
podcadence.ivanti.com,Sign in ・ Cloudflare Access,200,30869,ivanti.cloudflareaccess.com,443,True,tls13,TLS_AES_128_GCM_SHA256,2022-11-11T00:00:00Z,2023-09-07T23:59:59Z,CN=ssl1075497.cloudflaressl.com,ssl1075497.cloudflaressl.com,,cloudflareaccess.com,"CN=COMODO ECC Domain Validation Secure Server CA 2, O=COMODO CA Limited, L=Salford, ST=Greater Manchester, C=GB",COMODO ECC Domain Validation Secure Server CA 2,COMODO CA Limited,87713b38da05acdabfe6e7ca7d9d65a8,20a161d033636d125bfd59b23b1d246dc3535ed149333b3dba97497ed105e8ad,True,ctls,ivanti.cloudflareaccess.com,cloudflare,443,https://podcadence.ivanti.com:443,https,cloudflare,text/html,GET,104.17.137.107,/,1589413059,2606:4700::6811:8a6b,HSTS,67,False,True,,https:,https://ivanti.cloudflareaccess.com/cdn-cgi/access/login/podcadence.ivanti.com?kid=94229e4f1b75706847e96d2f653a162e015821e6cfba77b411471aea71d81240&redirect_url=%2F&meta=eyJraWQiOiJhZjNmMjUwZjY3NTI1NDc0NDgzN2JjZDU4Zjc5ODA4Y2RkMDY1N2Q4NWU4NWEzMDZiNjMyZTZiZDQ3ZjEzYTZhIiwiYWxnIjoiUlMyNTYiLCJ0eXAiOiJKV1QifQ.eyJzZXJ2aWNlX3Rva2VuX3N0YXR1cyI6ZmFsc2UsImlhdCI6MTY4OTkxMjAxMywic2VydmljZV90b2tlbl9pZCI6IiIsImF1ZCI6Ijk0MjI5ZTRmMWI3NTcwNjg0N2U5NmQyZjY1M2ExNjJlMDE1ODIxZTZjZmJhNzdiNDExNDcxYWVhNzFkODEyNDAiLCJob3N0bmFtZSI6InBvZGNhZGVuY2UuaXZhbnRpLmNvbSIsImFwcF9zZXNzaW9uX2hhc2giOiJkZjE4MzI3YjM0YmI4MDNlOGI3YTRlMjE3OTkwN2E4NDk2MGExZjRiNGI4NTM1NDg1ZTU5OWU3MGFjYzRlZTI2IiwibmJmIjoxNjg5OTEyMDEzLCJpc193YXJwIjpmYWxzZSwiaXNfZ2F0ZXdheSI6ZmFsc2UsInR5cGUiOiJtZXRhIiwicmVkaXJlY3RfdXJsIjoiXC8iLCJtdGxzX2F1dGgiOnsiY2VydF9pc3N1ZXJfc2tpIjoiIiwiY2VydF9wcmVzZW50ZWQiOmZhbHNlLCJjZXJ0X3NlcmlhbCI6IiIsImNlcnRfaXNzdWVyX2RuIjoiIiwiYXV0aF9zdGF0dXMiOiJOT05FIn0sImF1dGhfc3RhdHVzIjoiTk9ORSJ9.nUD7yQwldDlkoKu3Qa0qhAxe6G0RMrImspk3QBPsf6b9DuAq98WNHZraCNCpf8BBNCNrOspdJqQRis30ImzjaWcXl1GRXZbttA8VDVRnG0e1cQVvXKQsUeHQB2cRido5rTTPOPxv5oGdHFXRuUqcRlxVgVsapCGZpf1tD6bNDNHIRBQuLYpIscWgPzIIEsqUzaZjtcZPeuDSuwb5A08QP853qTId3q6nBNAIiOX4KJ5M5XqS7s_Z0beWX6HJeMfvt944rwCLtDRRrq5TqI8q0uD5D6BdFvZw-zs_YKUEr6jekmXlX2CPCJJatUurHtLBj2m1rDAcULmg9GJXoK3F9w,
portal.ivanti.com,Ivanti Software Licensing Portal,200,7851,portal.ivanti.com,443,True,tls13,TLS_AES_128_GCM_SHA256,2023-03-18T00:00:00Z,2024-03-17T23:59:59Z,"CN=*.ivanti.com, O=Ivanti\, Inc., ST=Utah, C=US",*.ivanti.com,"Ivanti, Inc.",ivanti.com,"CN=Sectigo RSA Organization Validation Secure Server CA, O=Sectigo Limited, L=Salford, ST=Greater Manchester, C=GB",Sectigo RSA Organization Validation Secure Server CA,Sectigo Limited,820d4f3e2b0fcc02413ea8405358ce58,d3b5a1e9df9a88f92f38b3b1ac3fd4ae2c880dd66cfc3a4ad8d06d8fcf4be2c1,True,ctls,portal.ivanti.com,cloudflare,443,https://portal.ivanti.com:443,https,cloudflare,text/html,GET,104.17.137.107,/,-1439222863,2606:4700::6811:8a6b,HSTS,16,False,True,,https:,,
portalidentity.ivanti.com,IdentityServer4,200,2506,portalidentity.ivanti.com,443,True,tls13,TLS_AES_128_GCM_SHA256,2023-03-18T00:00:00Z,2024-03-17T23:59:59Z,"CN=*.ivanti.com, O=Ivanti\, Inc., ST=Utah, C=US",*.ivanti.com,"Ivanti, Inc.",ivanti.com,"CN=Sectigo RSA Organization Validation Secure Server CA, O=Sectigo Limited, L=Salford, ST=Greater Manchester, C=GB",Sectigo RSA Organization Validation Secure Server CA,Sectigo Limited,820d4f3e2b0fcc02413ea8405358ce58,d3b5a1e9df9a88f92f38b3b1ac3fd4ae2c880dd66cfc3a4ad8d06d8fcf4be2c1,True,ctls,portalidentity.ivanti.com,cloudflare,443,https://portalidentity.ivanti.com:443,https,cloudflare,text/html,GET,104.17.137.107,/,-1058990382,2606:4700::6811:8a6b,HSTS,78,False,True,,,,
preview.ivanti.com,Sign in ・ Cloudflare Access,200,30858,ivanti.cloudflareaccess.com,443,True,tls13,TLS_AES_128_GCM_SHA256,2022-11-11T00:00:00Z,2023-09-07T23:59:59Z,CN=ssl1075497.cloudflaressl.com,ssl1075497.cloudflaressl.com,,cloudflareaccess.com,"CN=COMODO ECC Domain Validation Secure Server CA 2, O=COMODO CA Limited, L=Salford, ST=Greater Manchester, C=GB",COMODO ECC Domain Validation Secure Server CA 2,COMODO CA Limited,87713b38da05acdabfe6e7ca7d9d65a8,20a161d033636d125bfd59b23b1d246dc3535ed149333b3dba97497ed105e8ad,True,ctls,ivanti.cloudflareaccess.com,cloudflare,443,https://preview.ivanti.com:443,https,cloudflare,text/html,GET,104.17.137.107,/,1148663606,2606:4700::6811:8a6b,HSTS,67,False,True,,https:,https://ivanti.cloudflareaccess.com/cdn-cgi/access/login/preview.ivanti.com?kid=83401233745e0a1e13745d990ee6f8e0e8cbfca9eb69620de7820ff5a58c18c6&redirect_url=%2F&meta=eyJraWQiOiJhZjNmMjUwZjY3NTI1NDc0NDgzN2JjZDU4Zjc5ODA4Y2RkMDY1N2Q4NWU4NWEzMDZiNjMyZTZiZDQ3ZjEzYTZhIiwiYWxnIjoiUlMyNTYiLCJ0eXAiOiJKV1QifQ.eyJzZXJ2aWNlX3Rva2VuX3N0YXR1cyI6ZmFsc2UsImlhdCI6MTY4OTkxMjAwOSwic2VydmljZV90b2tlbl9pZCI6IiIsImF1ZCI6IjgzNDAxMjMzNzQ1ZTBhMWUxMzc0NWQ5OTBlZTZmOGUwZThjYmZjYTllYjY5NjIwZGU3ODIwZmY1YTU4YzE4YzYiLCJob3N0bmFtZSI6InByZXZpZXcuaXZhbnRpLmNvbSIsImFwcF9zZXNzaW9uX2hhc2giOiI2ZWVjOTIwYzZmMTdmNWU5Mzc5Zjc3Njk2YWYzMTFiZGEzNzkyZDJlMjc2ZGVmYzMyNTQzZDFmNGY2YjIyYzkyIiwibmJmIjoxNjg5OTEyMDA5LCJpc193YXJwIjpmYWxzZSwiaXNfZ2F0ZXdheSI6ZmFsc2UsInR5cGUiOiJtZXRhIiwicmVkaXJlY3RfdXJsIjoiXC8iLCJtdGxzX2F1dGgiOnsiY2VydF9pc3N1ZXJfc2tpIjoiIiwiY2VydF9wcmVzZW50ZWQiOmZhbHNlLCJjZXJ0X3NlcmlhbCI6IiIsImNlcnRfaXNzdWVyX2RuIjoiIiwiYXV0aF9zdGF0dXMiOiJOT05FIn0sImF1dGhfc3RhdHVzIjoiTk9ORSJ9.bsyNBRZITXMLUs9_Klyf0dzcp34E1UyBcsdWTSJRdWajV6HngCq8pMe64FIiISsOPEigbTomsolNg1SOU5mjiiyy1MYx_TuBs7Ze8LUoEzXKhJ0JUyAOU9W2elY7xlOaHm8eFukUeFbxJCDGboFwiBFzU9dkyQNQatx2EK2dv2NCR1ptpo5C_dKRJy_icE-uyGSuCYrsmlpKLeOgKO9bkVdzPe7yhS9LKCLgIke-QRCh0y345r4lnWRCvFuAM4h0nahxmYT9CW20CmqZ4fQ9_fmLX8tTQ2rrJLd4TgOAbPK3xePEopaLwdWdIHtiE_XH5NqPmlfbnpvDMvK8JuVgWA,
privacycenter.ivanti.com,,200,1651,privacycenter.ivanti.com,443,True,tls13,TLS_AES_128_GCM_SHA256,2023-05-05T00:00:00Z,2024-06-02T23:59:59Z,CN=privacycenter.ivanti.com,privacycenter.ivanti.com,,privacycenter.ivanti.com,"CN=Amazon RSA 2048 M02, O=Amazon, C=US",Amazon RSA 2048 M02,Amazon,5cd76d1ecbb9f60b6c90b453a76a48b1,bd5621aff61f2d1c9bd0c92e6140b3d0309a01c709b979221efe843c7b6b07ed,,ctls,privacycenter.ivanti.com,cloudfront,443,https://privacycenter.ivanti.com:443,https,AmazonS3,text/html,GET,52.222.214.17,/,2134298425,2600:9000:223d:6800:17:221d:5b80:93a1,Typekit,1,False,True,,,,
rapid.ivanti.com,Ivanti Rapid Platform | Ivanti Wavelink,200,18751,www.ivanti.com,443,True,tls13,TLS_AES_128_GCM_SHA256,2023-03-18T00:00:00Z,2024-03-17T23:59:59Z,"CN=*.ivanti.com, O=Ivanti\, Inc., ST=Utah, C=US",*.ivanti.com,"Ivanti, Inc.",ivanti.com,"CN=Sectigo RSA Organization Validation Secure Server CA, O=Sectigo Limited, L=Salford, ST=Greater Manchester, C=GB",Sectigo RSA Organization Validation Secure Server CA,Sectigo Limited,820d4f3e2b0fcc02413ea8405358ce58,d3b5a1e9df9a88f92f38b3b1ac3fd4ae2c880dd66cfc3a4ad8d06d8fcf4be2c1,True,ctls,www.ivanti.com,cloudflare,80,http://rapid.ivanti.com:80,http,cloudflare,text/html,GET,104.17.137.107,/,-292893796,2606:4700::6811:8a6b,HSTS,274,False,True,,https://dash.cloudflare.com,https://www.ivanti.com/partners/rapid,
rapidmigrate.ivanti.com,Ivanti Rapid Platform | Ivanti Wavelink,200,18751,www.ivanti.com,443,True,tls13,TLS_AES_128_GCM_SHA256,2023-03-18T00:00:00Z,2024-03-17T23:59:59Z,"CN=*.ivanti.com, O=Ivanti\, Inc., ST=Utah, C=US",*.ivanti.com,"Ivanti, Inc.",ivanti.com,"CN=Sectigo RSA Organization Validation Secure Server CA, O=Sectigo Limited, L=Salford, ST=Greater Manchester, C=GB",Sectigo RSA Organization Validation Secure Server CA,Sectigo Limited,820d4f3e2b0fcc02413ea8405358ce58,d3b5a1e9df9a88f92f38b3b1ac3fd4ae2c880dd66cfc3a4ad8d06d8fcf4be2c1,True,ctls,www.ivanti.com,cloudflare,443,https://rapidmigrate.ivanti.com:443,https,cloudflare,text/html,GET,104.17.137.107,/,-292893796,2606:4700::6811:896b,HSTS,274,False,True,,https://dash.cloudflare.com,https://www.ivanti.com/partners/rapid,
rapidmodern.ivanti.com,Ivanti Rapid Platform | Ivanti Wavelink,200,18751,www.ivanti.com,443,True,tls13,TLS_AES_128_GCM_SHA256,2023-03-18T00:00:00Z,2024-03-17T23:59:59Z,"CN=*.ivanti.com, O=Ivanti\, Inc., ST=Utah, C=US",*.ivanti.com,"Ivanti, Inc.",ivanti.com,"CN=Sectigo RSA Organization Validation Secure Server CA, O=Sectigo Limited, L=Salford, ST=Greater Manchester, C=GB",Sectigo RSA Organization Validation Secure Server CA,Sectigo Limited,820d4f3e2b0fcc02413ea8405358ce58,d3b5a1e9df9a88f92f38b3b1ac3fd4ae2c880dd66cfc3a4ad8d06d8fcf4be2c1,True,ctls,www.ivanti.com,cloudflare,443,https://rapidmodern.ivanti.com:443,https,cloudflare,text/html,GET,104.17.137.107,/,-292893796,2606:4700::6811:8a6b,HSTS,274,False,True,,https://dash.cloudflare.com,https://www.ivanti.com/partners/rapid,
rapidphp.ivanti.com,,200,55,rapidphp.ivanti.com,443,True,tls13,TLS_AES_128_GCM_SHA256,2023-03-18T00:00:00Z,2024-03-17T23:59:59Z,"CN=*.ivanti.com, O=Ivanti\, Inc., ST=Utah, C=US",*.ivanti.com,"Ivanti, Inc.",ivanti.com,"CN=Sectigo RSA Organization Validation Secure Server CA, O=Sectigo Limited, L=Salford, ST=Greater Manchester, C=GB",Sectigo RSA Organization Validation Secure Server CA,Sectigo Limited,820d4f3e2b0fcc02413ea8405358ce58,d3b5a1e9df9a88f92f38b3b1ac3fd4ae2c880dd66cfc3a4ad8d06d8fcf4be2c1,True,ctls,rapidphp.ivanti.com,cloudflare,443,https://rapidphp.ivanti.com:443,https,cloudflare,text/html,GET,104.17.137.107,/,-1171069591,2606:4700::6811:8a6b,Microsoft ASP.NET,6,False,True,,,,
rapidvalidation.ivanti.com,Velocity | Device Validation,200,601,rapidvalidation.ivanti.com,443,True,tls13,TLS_AES_128_GCM_SHA256,2023-03-18T00:00:00Z,2024-03-17T23:59:59Z,"CN=*.ivanti.com, O=Ivanti\, Inc., ST=Utah, C=US",*.ivanti.com,"Ivanti, Inc.",ivanti.com,"CN=Sectigo RSA Organization Validation Secure Server CA, O=Sectigo Limited, L=Salford, ST=Greater Manchester, C=GB",Sectigo RSA Organization Validation Secure Server CA,Sectigo Limited,820d4f3e2b0fcc02413ea8405358ce58,d3b5a1e9df9a88f92f38b3b1ac3fd4ae2c880dd66cfc3a4ad8d06d8fcf4be2c1,True,ctls,rapidvalidation.ivanti.com,cloudflare,443,https://rapidvalidation.ivanti.com:443,https,cloudflare,text/html,GET,104.17.137.107,/,-514109588,104.17.138.107,HSTS,1,False,True,,,,
rapidweb.ivanti.com,Ivanti Rapid Platform | Ivanti Wavelink,200,18751,www.ivanti.com,443,True,tls13,TLS_AES_128_GCM_SHA256,2023-03-18T00:00:00Z,2024-03-17T23:59:59Z,"CN=*.ivanti.com, O=Ivanti\, Inc., ST=Utah, C=US",*.ivanti.com,"Ivanti, Inc.",ivanti.com,"CN=Sectigo RSA Organization Validation Secure Server CA, O=Sectigo Limited, L=Salford, ST=Greater Manchester, C=GB",Sectigo RSA Organization Validation Secure Server CA,Sectigo Limited,820d4f3e2b0fcc02413ea8405358ce58,d3b5a1e9df9a88f92f38b3b1ac3fd4ae2c880dd66cfc3a4ad8d06d8fcf4be2c1,True,ctls,www.ivanti.com,cloudflare,443,https://rapidweb.ivanti.com:443,https,cloudflare,text/html,GET,104.17.137.107,/,-292893796,2606:4700::6811:8a6b,HSTS,274,False,True,,https://dash.cloudflare.com,https://www.ivanti.com/partners/rapid,
rapidzebra.ivanti.com,Ivanti Rapid Platform | Ivanti Wavelink,200,18751,www.ivanti.com,443,True,tls13,TLS_AES_128_GCM_SHA256,2023-03-18T00:00:00Z,2024-03-17T23:59:59Z,"CN=*.ivanti.com, O=Ivanti\, Inc., ST=Utah, C=US",*.ivanti.com,"Ivanti, Inc.",ivanti.com,"CN=Sectigo RSA Organization Validation Secure Server CA, O=Sectigo Limited, L=Salford, ST=Greater Manchester, C=GB",Sectigo RSA Organization Validation Secure Server CA,Sectigo Limited,820d4f3e2b0fcc02413ea8405358ce58,d3b5a1e9df9a88f92f38b3b1ac3fd4ae2c880dd66cfc3a4ad8d06d8fcf4be2c1,True,ctls,www.ivanti.com,cloudflare,443,https://rapidzebra.ivanti.com:443,https,cloudflare,text/html,GET,104.17.137.107,/,-292893796,2606:4700::6811:8a6b,HSTS,274,False,True,,https://dash.cloudflare.com,https://www.ivanti.com/partners/rapid,
request.ivanti.com,Sign in ・ Cloudflare Access,200,30847,ivanti.cloudflareaccess.com,443,True,tls13,TLS_AES_128_GCM_SHA256,2022-11-11T00:00:00Z,2023-09-07T23:59:59Z,CN=ssl1075497.cloudflaressl.com,ssl1075497.cloudflaressl.com,,cloudflareaccess.com,"CN=COMODO ECC Domain Validation Secure Server CA 2, O=COMODO CA Limited, L=Salford, ST=Greater Manchester, C=GB",COMODO ECC Domain Validation Secure Server CA 2,COMODO CA Limited,87713b38da05acdabfe6e7ca7d9d65a8,20a161d033636d125bfd59b23b1d246dc3535ed149333b3dba97497ed105e8ad,True,ctls,ivanti.cloudflareaccess.com,cloudflare,443,https://request.ivanti.com:443,https,cloudflare,text/html,GET,104.17.137.107,/,-1179090865,2606:4700::6811:8a6b,HSTS,67,False,True,,https:,https://ivanti.cloudflareaccess.com/cdn-cgi/access/login/request.ivanti.com?kid=e294d162098268c76271db59ac36172f66426f937b5adbea3fe7a090c046898b&redirect_url=%2F&meta=eyJraWQiOiJhZjNmMjUwZjY3NTI1NDc0NDgzN2JjZDU4Zjc5ODA4Y2RkMDY1N2Q4NWU4NWEzMDZiNjMyZTZiZDQ3ZjEzYTZhIiwiYWxnIjoiUlMyNTYiLCJ0eXAiOiJKV1QifQ.eyJzZXJ2aWNlX3Rva2VuX3N0YXR1cyI6ZmFsc2UsImlhdCI6MTY4OTkxMjAwOSwic2VydmljZV90b2tlbl9pZCI6IiIsImF1ZCI6ImUyOTRkMTYyMDk4MjY4Yzc2MjcxZGI1OWFjMzYxNzJmNjY0MjZmOTM3YjVhZGJlYTNmZTdhMDkwYzA0Njg5OGIiLCJob3N0bmFtZSI6InJlcXVlc3QuaXZhbnRpLmNvbSIsImFwcF9zZXNzaW9uX2hhc2giOiIwYzAzMGFiYTI2Mjk4NGZkODQyMzhhODdlYTU5ZDNiMDE5YzE0NjI3N2IyNmRmM2M2ZTczY2M4MzkxNjg3NGE3IiwibmJmIjoxNjg5OTEyMDA5LCJpc193YXJwIjpmYWxzZSwiaXNfZ2F0ZXdheSI6ZmFsc2UsInR5cGUiOiJtZXRhIiwicmVkaXJlY3RfdXJsIjoiXC8iLCJtdGxzX2F1dGgiOnsiY2VydF9pc3N1ZXJfc2tpIjoiIiwiY2VydF9wcmVzZW50ZWQiOmZhbHNlLCJjZXJ0X3NlcmlhbCI6IiIsImNlcnRfaXNzdWVyX2RuIjoiIiwiYXV0aF9zdGF0dXMiOiJOT05FIn0sImF1dGhfc3RhdHVzIjoiTk9ORSJ9.hBK5-8mVav_pRmFlB1cfl55uhnprX3DNKZL26Dhu9TpchYk6TfsgDPGreuEpWjOo-1fyFEIxDdQO4zbeC2KsXzjNcFEST02ptAJ_U9idBJxh8GXuKsyF14z4GHU1MWBSN7KPuf_GrpD7zkuY2PKI6L0UjKbMOljDQbd6YHllvHCzxKZ11T6njr5qszdAqlmZqTXxrQnnNCUToU7hNoM64QwEklcctUBIpQNo-SRyuR1ynEze4IkUfq9G4yjmb1rkyC21Ful_dxr2jIsWbWH-QUFh0TTb2Fme2kWBLQZS_1JIQCK_7Yp7mdwWtOp8CdhHOBXTblejVuKhJHm49JmGLg,
rs-vpn-abq.ivanti.com,Pre Sign-In Notification,200,5219,rs-vpn-abq.ivanti.com,443,True,tls12,TLS_RSA_WITH_AES_256_GCM_SHA384,2022-12-13T00:00:00Z,2023-12-13T23:59:59Z,"CN=rs-vpn-abq.ivanti.com, O=Ivanti\, Inc., ST=Utah, C=US",rs-vpn-abq.ivanti.com,"Ivanti, Inc.",rs-vpn-abq.ivanti.com,"CN=Sectigo RSA Organization Validation Secure Server CA, O=Sectigo Limited, L=Salford, ST=Greater Manchester, C=GB",Sectigo RSA Organization Validation Secure Server CA,Sectigo Limited,1622dd908231fc3963bba2d6c140c758,16f939f2ad0686f29d4624a73096cea24d36fcada6140e9c585b0b9d1ba22744,,ctls,rs-vpn-abq.ivanti.com,,443,https://rs-vpn-abq.ivanti.com:443,https,,text/html,GET,208.45.186.92,/,-5636335,208.45.186.92,HSTS,128,False,,,,https://rs-vpn-abq.ivanti.com/dana-na/auth/url_default/welcome.cgi,
rs-vpn.ivanti.com,Pre Sign-In Notification,200,5219,rs-vpn.ivanti.com,443,True,tls12,TLS_RSA_WITH_AES_256_GCM_SHA384,2022-12-13T00:00:00Z,2023-12-13T23:59:59Z,"CN=rs-vpn-abq.ivanti.com, O=Ivanti\, Inc., ST=Utah, C=US",rs-vpn-abq.ivanti.com,"Ivanti, Inc.",rs-vpn-abq.ivanti.com,"CN=Sectigo RSA Organization Validation Secure Server CA, O=Sectigo Limited, L=Salford, ST=Greater Manchester, C=GB",Sectigo RSA Organization Validation Secure Server CA,Sectigo Limited,1622dd908231fc3963bba2d6c140c758,16f939f2ad0686f29d4624a73096cea24d36fcada6140e9c585b0b9d1ba22744,,ctls,rs-vpn.ivanti.com,,443,https://rs-vpn.ivanti.com:443,https,,text/html,GET,208.45.186.92,/,-5636335,208.45.186.92,HSTS,128,False,,True,,https://rs-vpn.ivanti.com/dana-na/auth/url_default/welcome.cgi,
rs.ivanti.com,,404,213,rs.ivanti.com,443,True,tls13,TLS_AES_128_GCM_SHA256,2023-03-18T00:00:00Z,2024-03-17T23:59:59Z,"CN=*.ivanti.com, O=Ivanti\, Inc., ST=Utah, C=US",*.ivanti.com,"Ivanti, Inc.",ivanti.com,"CN=Sectigo RSA Organization Validation Secure Server CA, O=Sectigo Limited, L=Salford, ST=Greater Manchester, C=GB",Sectigo RSA Organization Validation Secure Server CA,Sectigo Limited,820d4f3e2b0fcc02413ea8405358ce58,d3b5a1e9df9a88f92f38b3b1ac3fd4ae2c880dd66cfc3a4ad8d06d8fcf4be2c1,True,ctls,rs.ivanti.com,cloudflare,443,https://rs.ivanti.com:443,https,cloudflare,application/xml,GET,104.17.137.107,/,1187203933,2606:4700::6811:8a6b,Cloudflare,3,False,True,,,,
selling.ivanti.com,Selling Ivanti,200,441464,selling.ivanti.com,443,True,tls13,TLS_AES_128_GCM_SHA256,2023-03-18T00:00:00Z,2024-03-17T23:59:59Z,"CN=*.ivanti.com, O=Ivanti\, Inc., ST=Utah, C=US",*.ivanti.com,"Ivanti, Inc.",ivanti.com,"CN=Sectigo RSA Organization Validation Secure Server CA, O=Sectigo Limited, L=Salford, ST=Greater Manchester, C=GB",Sectigo RSA Organization Validation Secure Server CA,Sectigo Limited,820d4f3e2b0fcc02413ea8405358ce58,d3b5a1e9df9a88f92f38b3b1ac3fd4ae2c880dd66cfc3a4ad8d06d8fcf4be2c1,True,ctls,selling.ivanti.com,cloudflare,443,https://selling.ivanti.com:443,https,cloudflare,text/html,GET,104.17.137.107,/,1157094477,2606:4700::6811:8a6b,HSTS,946,False,True,,https://players.brightcove.net,https://selling.ivanti.com/s/?language=en_US,
sip.ivanti.com,,404,75,sip.ivanti.com,443,True,tls12,TLS_ECDHE_RSA_WITH_AES_256_CBC_SHA,2023-03-28T19:00:19Z,2024-03-22T19:00:19Z,"CN=sipfed.online.lync.com, O=Microsoft Corporation, L=Redmond, ST=WA, C=US",sipfed.online.lync.com,Microsoft Corporation,*.lync.com,"CN=Microsoft Azure TLS Issuing CA 05, O=Microsoft Corporation, C=US",Microsoft Azure TLS Issuing CA 05,Microsoft Corporation,6e32f8be92e2cf4aff781cff883f13f7,c7f7a0fb5d80892059f25bab5abeb7ffbef9ec512abd9475cf96c0bacc21d3c7,True,ctls,sip.ivanti.com,,443,https://sip.ivanti.com:443,https,RTC/7.0,text/plain,GET,52.112.193.13,/,481094574,2603:1037:0:17::c,HSTS,4,False,,True,,,
slc.vpn.ivanti.com,,200,315,slc.vpn.ivanti.com,443,True,tls12,TLS_ECDHE_RSA_WITH_AES_256_GCM_SHA384,2022-12-15T00:00:00Z,2023-12-15T23:59:59Z,"CN=slc.vpn.ivanti.com, O=Ivanti\, Inc., ST=Utah, C=US",slc.vpn.ivanti.com,"Ivanti, Inc.",slc.vpn.ivanti.com,"CN=Sectigo RSA Organization Validation Secure Server CA, O=Sectigo Limited, L=Salford, ST=Greater Manchester, C=GB",Sectigo RSA Organization Validation Secure Server CA,Sectigo Limited,99211cf19f37b713f2d1f279a04a5673,56c96bd4100cd6daf5549d6914ad567db0e008daafa372b22183a32d059f10de,,ctls,slc.vpn.ivanti.com,,443,https://slc.vpn.ivanti.com:443,https,,text/html,GET,67.199.253.6,/,-1840324437,67.199.253.6,,9,False,,,,,
solutionsdirectory.ivanti.com,WaveLink Solutions Directory,200,5642,solutionsdirectory.ivanti.com,443,True,tls13,TLS_AES_128_GCM_SHA256,2023-03-18T00:00:00Z,2024-03-17T23:59:59Z,"CN=*.ivanti.com, O=Ivanti\, Inc., ST=Utah, C=US",*.ivanti.com,"Ivanti, Inc.",ivanti.com,"CN=Sectigo RSA Organization Validation Secure Server CA, O=Sectigo Limited, L=Salford, ST=Greater Manchester, C=GB",Sectigo RSA Organization Validation Secure Server CA,Sectigo Limited,820d4f3e2b0fcc02413ea8405358ce58,d3b5a1e9df9a88f92f38b3b1ac3fd4ae2c880dd66cfc3a4ad8d06d8fcf4be2c1,True,ctls,solutionsdirectory.ivanti.com,cloudflare,443,https://solutionsdirectory.ivanti.com:443,https,cloudflare,text/html,GET,104.17.137.107,/,966578491,2606:4700::6811:8a6b,Handlebars,196,False,True,,,,
static.ivanti.com,,400,351,static.ivanti.com,443,True,tls13,TLS_AES_128_GCM_SHA256,2023-03-18T00:00:00Z,2024-03-17T23:59:59Z,"CN=*.ivanti.com, O=Ivanti\, Inc., ST=Utah, C=US",*.ivanti.com,"Ivanti, Inc.",ivanti.com,"CN=Sectigo RSA Organization Validation Secure Server CA, O=Sectigo Limited, L=Salford, ST=Greater Manchester, C=GB",Sectigo RSA Organization Validation Secure Server CA,Sectigo Limited,820d4f3e2b0fcc02413ea8405358ce58,d3b5a1e9df9a88f92f38b3b1ac3fd4ae2c880dd66cfc3a4ad8d06d8fcf4be2c1,True,ctls,static.ivanti.com,cloudflare,443,https://static.ivanti.com:443,https,cloudflare,application/xml,GET,104.17.137.107,/,-84951760,2606:4700::6811:896b,Cloudflare,3,False,True,,,,
status.ivanti.com,Ivanti Cloud Status,200,1844596,status.ivanticloud.com,443,True,tls13,TLS_AES_256_GCM_SHA384,2023-06-28T11:44:10Z,2023-09-26T11:44:09Z,CN=alpaca.status.merchlogix.com,alpaca.status.merchlogix.com,,steampipe.wtf,"CN=R3, O=Let's Encrypt, C=US",R3,Let's Encrypt,6c5a2148473fa0ce1a3d1e5ad6e7f6aa,60cb1a76cc9f12e5cc9843a0beb6f2326b188c6882e8178149f12e4152b41a88,,ctls,status.ivanticloud.com,cloudflare,443,https://status.ivanti.com:443,https,,text/html,GET,104.17.137.107,/,-2100453994,2606:4700::6811:8a6b,HSTS,18394,False,True,,,https://status.ivanticloud.com,
supplychain.ivanti.com,Supply Chain Management Solutions | Ivanti Wavelink,200,22437,www.ivanti.com,443,True,tls13,TLS_AES_128_GCM_SHA256,2023-03-18T00:00:00Z,2024-03-17T23:59:59Z,"CN=*.ivanti.com, O=Ivanti\, Inc., ST=Utah, C=US",*.ivanti.com,"Ivanti, Inc.",ivanti.com,"CN=Sectigo RSA Organization Validation Secure Server CA, O=Sectigo Limited, L=Salford, ST=Greater Manchester, C=GB",Sectigo RSA Organization Validation Secure Server CA,Sectigo Limited,820d4f3e2b0fcc02413ea8405358ce58,d3b5a1e9df9a88f92f38b3b1ac3fd4ae2c880dd66cfc3a4ad8d06d8fcf4be2c1,True,ctls,www.ivanti.com,cloudflare,443,https://supplychain.ivanti.com:443,https,cloudflare,text/html,GET,104.17.137.107,/,1689431400,2606:4700::6811:8a6b,HSTS,194,False,True,,https://dash.cloudflare.com,https://www.ivanti.com/solutions/supply-chain,
test.csa.ivanti.com,Swagger UI,200,4765,test.csa.ivanti.com,443,True,tls12,TLS_ECDHE_RSA_WITH_AES_128_GCM_SHA256,2023-06-23T00:00:00Z,2024-07-21T23:59:59Z,CN=*.qa.arca-payments.network,*.qa.arca-payments.network,,*.qa.arca-payments.network,"CN=Amazon RSA 2048 M02, O=Amazon, C=US",Amazon RSA 2048 M02,Amazon,afa4fa1e8558318edc42a07f66fe2718,1029e5539cdafef2e84bf1b16b849c1982c7cff5dd2122745a6e323278e59603,True,ctls,test.csa.ivanti.com,,443,https://test.csa.ivanti.com:443,https,Microsoft-IIS/10.0,text/html,GET,52.19.153.59,/,-1840324437,52.19.153.59,Windows Server,118,False,,True,,https://test.csa.ivanti.com/index.html,
tracking.info.ivanti.com,404 - Not found or no permission to access,404,1330,tracking.info.ivanti.com,443,True,tls12,TLS_ECDHE_RSA_WITH_AES_256_GCM_SHA384,2022-10-24T00:00:00Z,2023-10-24T23:59:59Z,"CN=info.ivanti.com, O=Ivanti\, Inc., ST=Utah, C=US",info.ivanti.com,"Ivanti, Inc.",tracking.info.ivanti.com,"CN=Sectigo RSA Organization Validation Secure Server CA, O=Sectigo Limited, L=Salford, ST=Greater Manchester, C=GB",Sectigo RSA Organization Validation Secure Server CA,Sectigo Limited,d01c4d56865e1cd40208f0514377e1e2,8d485c0fb18d68bed5da65d7158eecae3839590e82bdf76cef5b5e7622a7a463,,ctls,tracking.info.ivanti.com,oracle,80,http://tracking.info.ivanti.com:80,http,,text/html,GET,147.154.45.177,/,-1270699277,147.154.45.177,Bootstrap,33,False,True,,,https://tracking.info.ivanti.com/,
trust.ivanti.com,Ivanti Cloud Status,200,1844596,status.ivanticloud.com,443,True,tls13,TLS_AES_256_GCM_SHA384,2023-06-28T11:44:10Z,2023-09-26T11:44:09Z,CN=alpaca.status.merchlogix.com,alpaca.status.merchlogix.com,,steampipe.wtf,"CN=R3, O=Let's Encrypt, C=US",R3,Let's Encrypt,6c5a2148473fa0ce1a3d1e5ad6e7f6aa,60cb1a76cc9f12e5cc9843a0beb6f2326b188c6882e8178149f12e4152b41a88,,ctls,status.ivanticloud.com,cloudflare,443,https://trust.ivanti.com:443,https,,text/html,GET,104.17.137.107,/,-144491326,2606:4700::6811:8a6b,HSTS,18394,False,True,,,https://status.ivanticloud.com,
uk.vpn.ivanti.com,,200,315,uk.vpn.ivanti.com,443,True,tls12,TLS_ECDHE_RSA_WITH_AES_256_GCM_SHA384,2022-09-22T00:00:00Z,2023-09-22T23:59:59Z,"CN=uk.vpn.ivanti.com, O=Ivanti\, Inc., ST=Utah, C=US",uk.vpn.ivanti.com,"Ivanti, Inc.",uk.vpn.ivanti.com,"CN=Sectigo RSA Organization Validation Secure Server CA, O=Sectigo Limited, L=Salford, ST=Greater Manchester, C=GB",Sectigo RSA Organization Validation Secure Server CA,Sectigo Limited,b661b90c140d2ddc1bc9879019168ba2,497cf94ba5dd20e23c38402e2db44569bdc401bfd653f55e916ce67f7c2d3cbe,,ctls,uk.vpn.ivanti.com,,443,https://uk.vpn.ivanti.com:443,https,,text/html,GET,185.115.118.4,/,-1840324437,185.115.118.4,HSTS,9,False,,,,,
usergroups.ivanti.com,Ivanti Innovators Connect | Ivanti Innovators Connect,200,242841,usergroups.ivanti.com,443,True,tls13,TLS_AES_128_GCM_SHA256,2023-05-23T10:30:15Z,2023-08-21T11:23:49Z,CN=usergroups.ivanti.com,usergroups.ivanti.com,,usergroups.ivanti.com,"CN=GTS CA 1D4, O=Google Trust Services LLC, C=US",GTS CA 1D4,Google Trust Services LLC,be162ed8435e608f1f9f91ab41468dc3,0e1dedd585d4a89dc9431936e8fbb7af1d83bacd2694b111d7cc6963787f7633,,ctls,usergroups.ivanti.com,google,80,http://usergroups.ivanti.com:80,http,nginx,text/html,GET,34.111.32.115,/,1494302000,34.111.32.115,Nginx,1262,False,True,,,https://usergroups.ivanti.com/,
view.ivanti.com,Sign In,200,293357,app.highspot.com,443,True,tls13,TLS_AES_128_GCM_SHA256,2023-02-27T00:00:00Z,2023-11-23T23:59:59Z,CN=*.highspot.com,*.highspot.com,,highspot-page.com,"CN=Amazon RSA 2048 M01, O=Amazon, C=US",Amazon RSA 2048 M01,Amazon,9d67ad9ea2775bc5ff853a9b7daab3b9,d0da59d8cff713719def24fac97ca14a245f2dd99589d57c0ba0f34f5af36987,True,ctls,app.highspot.com,cloudflare,443,https://view.ivanti.com:443,https,Apache,text/html,GET,104.18.43.152,/,-1182952389,2606:4700:4400::ac40:9068,Apache,2371,False,True,,,https://app.highspot.com:443/signin,
virtual.ivanti.com,Events and Conferences | Ivanti,200,26029,www.ivanti.com,443,True,tls13,TLS_AES_128_GCM_SHA256,2023-03-18T00:00:00Z,2024-03-17T23:59:59Z,"CN=*.ivanti.com, O=Ivanti\, Inc., ST=Utah, C=US",*.ivanti.com,"Ivanti, Inc.",ivanti.com,"CN=Sectigo RSA Organization Validation Secure Server CA, O=Sectigo Limited, L=Salford, ST=Greater Manchester, C=GB",Sectigo RSA Organization Validation Secure Server CA,Sectigo Limited,820d4f3e2b0fcc02413ea8405358ce58,d3b5a1e9df9a88f92f38b3b1ac3fd4ae2c880dd66cfc3a4ad8d06d8fcf4be2c1,True,ctls,www.ivanti.com,cloudflare,443,https://virtual.ivanti.com:443,https,cloudflare,text/html,GET,104.17.137.107,/,902563354,2606:4700::6811:8a6b,HSTS,477,False,True,,https://dash.cloudflare.com,https://www.ivanti.com/company/events,
vpn.ivanti.com,,200,315,slc.vpn.ivanti.com,443,True,tls12,TLS_ECDHE_RSA_WITH_AES_256_GCM_SHA384,2022-12-15T00:00:00Z,2023-12-15T23:59:59Z,"CN=slc.vpn.ivanti.com, O=Ivanti\, Inc., ST=Utah, C=US",slc.vpn.ivanti.com,"Ivanti, Inc.",slc.vpn.ivanti.com,"CN=Sectigo RSA Organization Validation Secure Server CA, O=Sectigo Limited, L=Salford, ST=Greater Manchester, C=GB",Sectigo RSA Organization Validation Secure Server CA,Sectigo Limited,99211cf19f37b713f2d1f279a04a5673,56c96bd4100cd6daf5549d6914ad567db0e008daafa372b22183a32d059f10de,,ctls,slc.vpn.ivanti.com,cloudflare,443,https://vpn.ivanti.com:443,https,,text/html,GET,104.17.137.107,/,1757515806,2606:4700::6811:8a6b,,9,False,True,,,https://slc.vpn.ivanti.com,
wavelinksolutions.ivanti.com,Page Redirection,200,553,wavelinksolutions.ivanti.com,443,True,tls13,TLS_AES_128_GCM_SHA256,2023-04-07T00:00:00Z,2024-04-06T23:59:59Z,"CN=wavelinksolutions.ivanti.com, O=Ivanti\, Inc., ST=Utah, C=US",wavelinksolutions.ivanti.com,"Ivanti, Inc.",wavelinksolutions.ivanti.com,"CN=Sectigo RSA Organization Validation Secure Server CA, O=Sectigo Limited, L=Salford, ST=Greater Manchester, C=GB",Sectigo RSA Organization Validation Secure Server CA,Sectigo Limited,d86e199a034afe2dd8bc73f91ff0c851,23abbe5d1157647686da4240a675e354fb0b08f40104748a6fbcd9272bfbda04,,ctls,wavelinksolutions.ivanti.com,cloudfront,443,https://wavelinksolutions.ivanti.com:443,https,AmazonS3,text/html,GET,143.204.215.22,/,232662,2600:9000:214f:f600:0:a48b:c280:93a1,Amazon Web Services,15,False,True,,url=http://ivanti.com,,
wrike.ivanti.com,Sign in ・ Cloudflare Access,200,30847,ivanti.cloudflareaccess.com,443,True,tls13,TLS_AES_128_GCM_SHA256,2022-11-11T00:00:00Z,2023-09-07T23:59:59Z,CN=ssl1075497.cloudflaressl.com,ssl1075497.cloudflaressl.com,,cloudflareaccess.com,"CN=COMODO ECC Domain Validation Secure Server CA 2, O=COMODO CA Limited, L=Salford, ST=Greater Manchester, C=GB",COMODO ECC Domain Validation Secure Server CA 2,COMODO CA Limited,87713b38da05acdabfe6e7ca7d9d65a8,20a161d033636d125bfd59b23b1d246dc3535ed149333b3dba97497ed105e8ad,True,ctls,ivanti.cloudflareaccess.com,cloudflare,443,https://wrike.ivanti.com:443,https,cloudflare,text/html,GET,104.17.138.107,/,-1314670680,2606:4700::6811:896b,HSTS,67,False,True,,https:,https://ivanti.cloudflareaccess.com/cdn-cgi/access/login/request.ivanti.com?kid=e294d162098268c76271db59ac36172f66426f937b5adbea3fe7a090c046898b&redirect_url=%2F&meta=eyJraWQiOiJhZjNmMjUwZjY3NTI1NDc0NDgzN2JjZDU4Zjc5ODA4Y2RkMDY1N2Q4NWU4NWEzMDZiNjMyZTZiZDQ3ZjEzYTZhIiwiYWxnIjoiUlMyNTYiLCJ0eXAiOiJKV1QifQ.eyJzZXJ2aWNlX3Rva2VuX3N0YXR1cyI6ZmFsc2UsImlhdCI6MTY4OTkxMjAxOCwic2VydmljZV90b2tlbl9pZCI6IiIsImF1ZCI6ImUyOTRkMTYyMDk4MjY4Yzc2MjcxZGI1OWFjMzYxNzJmNjY0MjZmOTM3YjVhZGJlYTNmZTdhMDkwYzA0Njg5OGIiLCJob3N0bmFtZSI6InJlcXVlc3QuaXZhbnRpLmNvbSIsImFwcF9zZXNzaW9uX2hhc2giOiI1OTQzNTdjMjM3OWFhMjYwODllMzFkM2NkMDE4MDBkYjQ0ZDUyYTUzOGEzMThlZmZkY2QwZDNiNTllNGEyNTk3IiwibmJmIjoxNjg5OTEyMDE4LCJpc193YXJwIjpmYWxzZSwiaXNfZ2F0ZXdheSI6ZmFsc2UsInR5cGUiOiJtZXRhIiwicmVkaXJlY3RfdXJsIjoiXC8iLCJtdGxzX2F1dGgiOnsiY2VydF9pc3N1ZXJfc2tpIjoiIiwiY2VydF9wcmVzZW50ZWQiOmZhbHNlLCJjZXJ0X3NlcmlhbCI6IiIsImNlcnRfaXNzdWVyX2RuIjoiIiwiYXV0aF9zdGF0dXMiOiJOT05FIn0sImF1dGhfc3RhdHVzIjoiTk9ORSJ9.ZJUgYiTjRzYailMuY4X89B9ISLqa7mo97U9HiqCQOUyqrhndUJHyRnseOzQAXdjBdt4F_sbwALB42AvobIgpnqfos6rD8Zs1IyxCIaYpbFsUU3qd-9sRDaiQn0OK_pK5YeJs_yeibpJ5u-1GeGFtPNFZvrtC1XxTjG8raB-4xuDUN-y4Alovd_WCSY8it4RVwxtOxTJfQkBSyY8YngdCNIUkL88Re4UMnAWh18wdtYRyBl6kc9Ag1t8JzJgr05NIrmd2izX8YRfsPsSDgenlM7gyLFBJOfahU4mOs-tnKsFjUt3lofHTcvudN58XFH1Uid6a5AJJ9lYEEULX7OyE6Q,
www.ivanti.com,Ivanti - Everywhere Work. Elevated.,200,26998,www.ivanti.com,443,True,tls13,TLS_AES_128_GCM_SHA256,2023-03-18T00:00:00Z,2024-03-17T23:59:59Z,"CN=*.ivanti.com, O=Ivanti\, Inc., ST=Utah, C=US",*.ivanti.com,"Ivanti, Inc.",ivanti.com,"CN=Sectigo RSA Organization Validation Secure Server CA, O=Sectigo Limited, L=Salford, ST=Greater Manchester, C=GB",Sectigo RSA Organization Validation Secure Server CA,Sectigo Limited,820d4f3e2b0fcc02413ea8405358ce58,d3b5a1e9df9a88f92f38b3b1ac3fd4ae2c880dd66cfc3a4ad8d06d8fcf4be2c1,True,ctls,www.ivanti.com,cloudflare,443,https://www.ivanti.com:443,https,cloudflare,text/html,GET,104.17.137.107,/,-1439222863,2606:4700::6811:8a6b,HSTS,196,False,True,,https://dash.cloudflare.com,,
xtraction.ivanti.com,,403,243,xtraction.ivanti.com,443,True,tls13,TLS_AES_128_GCM_SHA256,2023-04-18T00:00:00Z,2024-05-16T23:59:59Z,CN=xtraction.ivanti.com,xtraction.ivanti.com,,xtraction.ivanti.com,"CN=Amazon RSA 2048 M02, O=Amazon, C=US",Amazon RSA 2048 M02,Amazon,d27eab2459c087d3c69d0942d72e12f9,9d481dd712f15029885c8e5a185b5f011ac8cb8637ec9f2507e878097a84dcdd,,ctls,xtraction.ivanti.com,cloudfront,443,https://xtraction.ivanti.com:443,https,AmazonS3,application/xml,GET,108.138.7.118,/,-1358384786,2600:9000:2490:1200:7:2c12:ce40:93a1,Amazon Web Services,2,False,True,,,,
