new,host,ttl,a,aaaa,soa,status_code,txt,cname,mx,ns,caa,cdn,cdn-name
[x],api.opentech.fund,300,,"2606:4700:3108::ac42:2b69, 2606:4700:3108::ac42:2897","{'name': 'opentech.fund', 'ns': 'may.ns.cloudflare.com', 'mailbox': 'dns.cloudflare.com', 'serial': 2336539868, 'refresh': 10000, 'retry': 2400, 'expire': 604800, 'minttl': 1800}, {'name': 'opentech.fund', 'ns': 'may.ns.cloudflare.com', 'mailbox': 'dns.cloudflare.com', 'serial': 2336539868, 'refresh': 10000, 'retry': 2400, 'expire': 604800, 'minttl': 1800}, {'name': 'opentech.fund', 'ns': 'may.ns.cloudflare.com', 'mailbox': 'dns.cloudflare.com', 'serial': 2336539868, 'refresh': 10000, 'retry': 2400, 'expire': 604800, 'minttl': 1800}",NOERROR,,,,,,,
[x],apply.opentech.fund,300,"172.66.43.105, 172.66.40.151","2606:4700:3108::ac42:2b69, 2606:4700:3108::ac42:2897","{'name': 'opentech.fund', 'ns': 'may.ns.cloudflare.com', 'mailbox': 'dns.cloudflare.com', 'serial': 2336539868, 'refresh': 10000, 'retry': 2400, 'expire': 604800, 'minttl': 1800}, {'name': 'opentech.fund', 'ns': 'may.ns.cloudflare.com', 'mailbox': 'dns.cloudflare.com', 'serial': 2336539868, 'refresh': 10000, 'retry': 2400, 'expire': 604800, 'minttl': 1800}, {'name': 'opentech.fund', 'ns': 'may.ns.cloudflare.com', 'mailbox': 'dns.cloudflare.com', 'serial': 2336539868, 'refresh': 10000, 'retry': 2400, 'expire': 604800, 'minttl': 1800}",NOERROR,,,"mxb.mailgun.org, mxa.mailgun.org",,,,
[x],apply.reset.tech,300,,"2606:4700:20::ac43:4b35, 2606:4700:20::681a:ce4, 2606:4700:20::681a:de4","{'name': 'reset.tech', 'ns': 'guss.ns.cloudflare.com', 'mailbox': 'dns.cloudflare.com', 'serial': 2337011255, 'refresh': 10000, 'retry': 2400, 'expire': 604800, 'minttl': 1800}, {'name': 'reset.tech', 'ns': 'guss.ns.cloudflare.com', 'mailbox': 'dns.cloudflare.com', 'serial': 2337011255, 'refresh': 10000, 'retry': 2400, 'expire': 604800, 'minttl': 1800}, {'name': 'reset.tech', 'ns': 'guss.ns.cloudflare.com', 'mailbox': 'dns.cloudflare.com', 'serial': 2337011255, 'refresh': 10000, 'retry': 2400, 'expire': 604800, 'minttl': 1800}",NOERROR,,,,,,,
[x],au.reset.tech,300,"172.67.75.53, 104.26.13.228, 104.26.12.228",,"{'name': 'reset.tech', 'ns': 'guss.ns.cloudflare.com', 'mailbox': 'dns.cloudflare.com', 'serial': 2337011255, 'refresh': 10000, 'retry': 2400, 'expire': 604800, 'minttl': 1800}, {'name': 'reset.tech', 'ns': 'guss.ns.cloudflare.com', 'mailbox': 'dns.cloudflare.com', 'serial': 2337011255, 'refresh': 10000, 'retry': 2400, 'expire': 604800, 'minttl': 1800}, {'name': 'reset.tech', 'ns': 'guss.ns.cloudflare.com', 'mailbox': 'dns.cloudflare.com', 'serial': 2337011255, 'refresh': 10000, 'retry': 2400, 'expire': 604800, 'minttl': 1800}",NOERROR,,,"aspmx.l.google.com, alt1.aspmx.l.google.com, alt2.aspmx.l.google.com, alt3.aspmx.l.google.com, alt4.aspmx.l.google.com",,,,
[x],beta.opentech.fund,1800,,,"{'name': 'opentech.fund', 'ns': 'may.ns.cloudflare.com', 'mailbox': 'dns.cloudflare.com', 'serial': 2336539868, 'refresh': 10000, 'retry': 2400, 'expire': 604800, 'minttl': 1800}, {'name': 'opentech.fund', 'ns': 'may.ns.cloudflare.com', 'mailbox': 'dns.cloudflare.com', 'serial': 2336539868, 'refresh': 10000, 'retry': 2400, 'expire': 604800, 'minttl': 1800}, {'name': 'opentech.fund', 'ns': 'may.ns.cloudflare.com', 'mailbox': 'dns.cloudflare.com', 'serial': 2336539868, 'refresh': 10000, 'retry': 2400, 'expire': 604800, 'minttl': 1800}, {'name': 'opentech.fund', 'ns': 'may.ns.cloudflare.com', 'mailbox': 'dns.cloudflare.com', 'serial': 2336539868, 'refresh': 10000, 'retry': 2400, 'expire': 604800, 'minttl': 1800}, {'name': 'opentech.fund', 'ns': 'may.ns.cloudflare.com', 'mailbox': 'dns.cloudflare.com', 'serial': 2336539868, 'refresh': 10000, 'retry': 2400, 'expire': 604800, 'minttl': 1800}, {'name': 'opentech.fund', 'ns': 'may.ns.cloudflare.com', 'mailbox': 'dns.cloudflare.com', 'serial': 2336539868, 'refresh': 10000, 'retry': 2400, 'expire': 604800, 'minttl': 1800}, {'name': 'opentech.fund', 'ns': 'may.ns.cloudflare.com', 'mailbox': 'dns.cloudflare.com', 'serial': 2336539868, 'refresh': 10000, 'retry': 2400, 'expire': 604800, 'minttl': 1800}",NOERROR,,,,,,,
[x],beta.reset.tech,300,"104.26.12.228, 172.67.75.53, 104.26.13.228",,"{'name': 'reset.tech', 'ns': 'guss.ns.cloudflare.com', 'mailbox': 'dns.cloudflare.com', 'serial': 2337011255, 'refresh': 10000, 'retry': 2400, 'expire': 604800, 'minttl': 1800}, {'name': 'reset.tech', 'ns': 'guss.ns.cloudflare.com', 'mailbox': 'dns.cloudflare.com', 'serial': 2337011255, 'refresh': 10000, 'retry': 2400, 'expire': 604800, 'minttl': 1800}, {'name': 'reset.tech', 'ns': 'guss.ns.cloudflare.com', 'mailbox': 'dns.cloudflare.com', 'serial': 2337011255, 'refresh': 10000, 'retry': 2400, 'expire': 604800, 'minttl': 1800}, {'name': 'reset.tech', 'ns': 'guss.ns.cloudflare.com', 'mailbox': 'dns.cloudflare.com', 'serial': 2337011255, 'refresh': 10000, 'retry': 2400, 'expire': 604800, 'minttl': 1800}, {'name': 'reset.tech', 'ns': 'guss.ns.cloudflare.com', 'mailbox': 'dns.cloudflare.com', 'serial': 2337011255, 'refresh': 10000, 'retry': 2400, 'expire': 604800, 'minttl': 1800}, {'name': 'reset.tech', 'ns': 'guss.ns.cloudflare.com', 'mailbox': 'dns.cloudflare.com', 'serial': 2337011255, 'refresh': 10000, 'retry': 2400, 'expire': 604800, 'minttl': 1800}",NOERROR,,,,,,,
[x],contact.reset.tech,1800,,,"{'name': 'reset.tech', 'ns': 'guss.ns.cloudflare.com', 'mailbox': 'dns.cloudflare.com', 'serial': 2337011255, 'refresh': 10000, 'retry': 2400, 'expire': 604800, 'minttl': 1800}, {'name': 'reset.tech', 'ns': 'guss.ns.cloudflare.com', 'mailbox': 'dns.cloudflare.com', 'serial': 2337011255, 'refresh': 10000, 'retry': 2400, 'expire': 604800, 'minttl': 1800}, {'name': 'reset.tech', 'ns': 'guss.ns.cloudflare.com', 'mailbox': 'dns.cloudflare.com', 'serial': 2337011255, 'refresh': 10000, 'retry': 2400, 'expire': 604800, 'minttl': 1800}, {'name': 'reset.tech', 'ns': 'guss.ns.cloudflare.com', 'mailbox': 'dns.cloudflare.com', 'serial': 2337011255, 'refresh': 10000, 'retry': 2400, 'expire': 604800, 'minttl': 1800}, {'name': 'reset.tech', 'ns': 'guss.ns.cloudflare.com', 'mailbox': 'dns.cloudflare.com', 'serial': 2337011255, 'refresh': 10000, 'retry': 2400, 'expire': 604800, 'minttl': 1800}",NOERROR,,,,,,,
[x],councildsa.reset.tech,300,"104.26.12.228, 104.26.13.228, 172.67.75.53","2606:4700:20::681a:de4, 2606:4700:20::681a:ce4, 2606:4700:20::ac43:4b35","{'name': 'reset.tech', 'ns': 'guss.ns.cloudflare.com', 'mailbox': 'dns.cloudflare.com', 'serial': 2337011255, 'refresh': 10000, 'retry': 2400, 'expire': 604800, 'minttl': 1800}, {'name': 'reset.tech', 'ns': 'guss.ns.cloudflare.com', 'mailbox': 'dns.cloudflare.com', 'serial': 2337011255, 'refresh': 10000, 'retry': 2400, 'expire': 604800, 'minttl': 1800}, {'name': 'reset.tech', 'ns': 'guss.ns.cloudflare.com', 'mailbox': 'dns.cloudflare.com', 'serial': 2337011255, 'refresh': 10000, 'retry': 2400, 'expire': 604800, 'minttl': 1800}",NOERROR,,,,,,,
[x],cuckoo-au.reset.tech,300,"104.26.12.228, 104.26.13.228, 172.67.75.53",,"{'name': 'reset.tech', 'ns': 'guss.ns.cloudflare.com', 'mailbox': 'dns.cloudflare.com', 'serial': 2337011255, 'refresh': 10000, 'retry': 2400, 'expire': 604800, 'minttl': 1800}, {'name': 'reset.tech', 'ns': 'guss.ns.cloudflare.com', 'mailbox': 'dns.cloudflare.com', 'serial': 2337011255, 'refresh': 10000, 'retry': 2400, 'expire': 604800, 'minttl': 1800}, {'name': 'reset.tech', 'ns': 'guss.ns.cloudflare.com', 'mailbox': 'dns.cloudflare.com', 'serial': 2337011255, 'refresh': 10000, 'retry': 2400, 'expire': 604800, 'minttl': 1800}",NOERROR,,,,,,,
[x],cuckoo.reset.tech,300,"104.26.12.228, 104.26.13.228, 172.67.75.53",,"{'name': 'reset.tech', 'ns': 'guss.ns.cloudflare.com', 'mailbox': 'dns.cloudflare.com', 'serial': 2337011255, 'refresh': 10000, 'retry': 2400, 'expire': 604800, 'minttl': 1800}, {'name': 'reset.tech', 'ns': 'guss.ns.cloudflare.com', 'mailbox': 'dns.cloudflare.com', 'serial': 2337011255, 'refresh': 10000, 'retry': 2400, 'expire': 604800, 'minttl': 1800}, {'name': 'reset.tech', 'ns': 'guss.ns.cloudflare.com', 'mailbox': 'dns.cloudflare.com', 'serial': 2337011255, 'refresh': 10000, 'retry': 2400, 'expire': 604800, 'minttl': 1800}, {'name': 'reset.tech', 'ns': 'guss.ns.cloudflare.com', 'mailbox': 'dns.cloudflare.com', 'serial': 2337011255, 'refresh': 10000, 'retry': 2400, 'expire': 604800, 'minttl': 1800}",NOERROR,,,,,,,
[x],de.reset.tech,300,"172.67.75.53, 104.26.13.228, 104.26.12.228","2606:4700:20::681a:de4, 2606:4700:20::ac43:4b35, 2606:4700:20::681a:ce4","{'name': 'reset.tech', 'ns': 'guss.ns.cloudflare.com', 'mailbox': 'dns.cloudflare.com', 'serial': 2337011255, 'refresh': 10000, 'retry': 2400, 'expire': 604800, 'minttl': 1800}, {'name': 'reset.tech', 'ns': 'guss.ns.cloudflare.com', 'mailbox': 'dns.cloudflare.com', 'serial': 2337011255, 'refresh': 10000, 'retry': 2400, 'expire': 604800, 'minttl': 1800}, {'name': 'reset.tech', 'ns': 'guss.ns.cloudflare.com', 'mailbox': 'dns.cloudflare.com', 'serial': 2337011255, 'refresh': 10000, 'retry': 2400, 'expire': 604800, 'minttl': 1800}",NOERROR,"v=spf1 include:_spf.google.com ~all, notion-domain-verification=qN05XPQ9j2mcd4jozGUwYkqE9Gva5KMaU1eEGvpI0eR",,"aspmx.l.google.com, alt1.aspmx.l.google.com, alt2.aspmx.l.google.com, alt3.aspmx.l.google.com, alt4.aspmx.l.google.com",,,,
[x],deals-test.reset.tech,1800,,,"{'name': 'reset.tech', 'ns': 'guss.ns.cloudflare.com', 'mailbox': 'dns.cloudflare.com', 'serial': 2337011255, 'refresh': 10000, 'retry': 2400, 'expire': 604800, 'minttl': 1800}, {'name': 'reset.tech', 'ns': 'guss.ns.cloudflare.com', 'mailbox': 'dns.cloudflare.com', 'serial': 2337011255, 'refresh': 10000, 'retry': 2400, 'expire': 604800, 'minttl': 1800}, {'name': 'reset.tech', 'ns': 'guss.ns.cloudflare.com', 'mailbox': 'dns.cloudflare.com', 'serial': 2337011255, 'refresh': 10000, 'retry': 2400, 'expire': 604800, 'minttl': 1800}, {'name': 'reset.tech', 'ns': 'guss.ns.cloudflare.com', 'mailbox': 'dns.cloudflare.com', 'serial': 2337011255, 'refresh': 10000, 'retry': 2400, 'expire': 604800, 'minttl': 1800}, {'name': 'reset.tech', 'ns': 'guss.ns.cloudflare.com', 'mailbox': 'dns.cloudflare.com', 'serial': 2337011255, 'refresh': 10000, 'retry': 2400, 'expire': 604800, 'minttl': 1800}",NOERROR,,,,,,,
[x],deals.reset.tech,300,,,"{'name': 'reset.tech', 'ns': 'guss.ns.cloudflare.com', 'mailbox': 'dns.cloudflare.com', 'serial': 2337011255, 'refresh': 10000, 'retry': 2400, 'expire': 604800, 'minttl': 1800}, {'name': 'reset.tech', 'ns': 'guss.ns.cloudflare.com', 'mailbox': 'dns.cloudflare.com', 'serial': 2337011255, 'refresh': 10000, 'retry': 2400, 'expire': 604800, 'minttl': 1800}, {'name': 'reset.tech', 'ns': 'guss.ns.cloudflare.com', 'mailbox': 'dns.cloudflare.com', 'serial': 2337011255, 'refresh': 10000, 'retry': 2400, 'expire': 604800, 'minttl': 1800}, {'name': 'reset.tech', 'ns': 'guss.ns.cloudflare.com', 'mailbox': 'dns.cloudflare.com', 'serial': 2337011255, 'refresh': 10000, 'retry': 2400, 'expire': 604800, 'minttl': 1800}",NOERROR,v=spf1 include:mailgun.org ~all,,,,,,
[x],decidim.reset.tech,300,35.174.48.137,,"{'name': 'reset.tech', 'ns': 'guss.ns.cloudflare.com', 'mailbox': 'dns.cloudflare.com', 'serial': 2337011255, 'refresh': 10000, 'retry': 2400, 'expire': 604800, 'minttl': 1800}, {'name': 'reset.tech', 'ns': 'guss.ns.cloudflare.com', 'mailbox': 'dns.cloudflare.com', 'serial': 2337011255, 'refresh': 10000, 'retry': 2400, 'expire': 604800, 'minttl': 1800}, {'name': 'reset.tech', 'ns': 'guss.ns.cloudflare.com', 'mailbox': 'dns.cloudflare.com', 'serial': 2337011255, 'refresh': 10000, 'retry': 2400, 'expire': 604800, 'minttl': 1800}, {'name': 'reset.tech', 'ns': 'guss.ns.cloudflare.com', 'mailbox': 'dns.cloudflare.com', 'serial': 2337011255, 'refresh': 10000, 'retry': 2400, 'expire': 604800, 'minttl': 1800}, {'name': 'reset.tech', 'ns': 'guss.ns.cloudflare.com', 'mailbox': 'dns.cloudflare.com', 'serial': 2337011255, 'refresh': 10000, 'retry': 2400, 'expire': 604800, 'minttl': 1800}, {'name': 'reset.tech', 'ns': 'guss.ns.cloudflare.com', 'mailbox': 'dns.cloudflare.com', 'serial': 2337011255, 'refresh': 10000, 'retry': 2400, 'expire': 604800, 'minttl': 1800}",NOERROR,,,,,,,
[x],dev-api.opentech.fund,300,"172.66.40.151, 172.66.43.105",,"{'name': 'opentech.fund', 'ns': 'may.ns.cloudflare.com', 'mailbox': 'dns.cloudflare.com', 'serial': 2336539868, 'refresh': 10000, 'retry': 2400, 'expire': 604800, 'minttl': 1800}, {'name': 'opentech.fund', 'ns': 'may.ns.cloudflare.com', 'mailbox': 'dns.cloudflare.com', 'serial': 2336539868, 'refresh': 10000, 'retry': 2400, 'expire': 604800, 'minttl': 1800}, {'name': 'opentech.fund', 'ns': 'may.ns.cloudflare.com', 'mailbox': 'dns.cloudflare.com', 'serial': 2336539868, 'refresh': 10000, 'retry': 2400, 'expire': 604800, 'minttl': 1800}, {'name': 'opentech.fund', 'ns': 'may.ns.cloudflare.com', 'mailbox': 'dns.cloudflare.com', 'serial': 2336539868, 'refresh': 10000, 'retry': 2400, 'expire': 604800, 'minttl': 1800}",NOERROR,,,,,,,
[x],dev.opentech.fund,300,"172.66.40.151, 172.66.43.105","2a06:98c1:3123:e000::5, 2a06:98c1:3122:e000::5","{'name': 'opentech.fund', 'ns': 'may.ns.cloudflare.com', 'mailbox': 'dns.cloudflare.com', 'serial': 2336539868, 'refresh': 10000, 'retry': 2400, 'expire': 604800, 'minttl': 1800}, {'name': 'opentech.fund', 'ns': 'may.ns.cloudflare.com', 'mailbox': 'dns.cloudflare.com', 'serial': 2336539868, 'refresh': 10000, 'retry': 2400, 'expire': 604800, 'minttl': 1800}, {'name': 'opentech.fund', 'ns': 'may.ns.cloudflare.com', 'mailbox': 'dns.cloudflare.com', 'serial': 2336539868, 'refresh': 10000, 'retry': 2400, 'expire': 604800, 'minttl': 1800}, {'name': 'opentech.fund', 'ns': 'may.ns.cloudflare.com', 'mailbox': 'dns.cloudflare.com', 'serial': 2336539868, 'refresh': 10000, 'retry': 2400, 'expire': 604800, 'minttl': 1800}, {'name': 'opentech.fund', 'ns': 'may.ns.cloudflare.com', 'mailbox': 'dns.cloudflare.com', 'serial': 2336539868, 'refresh': 10000, 'retry': 2400, 'expire': 604800, 'minttl': 1800}",NOERROR,,,,,,,
[x],docs.opentech.fund,150,"188.114.99.229, 188.114.98.229",,"{'name': 'opentech.fund', 'ns': 'may.ns.cloudflare.com', 'mailbox': 'dns.cloudflare.com', 'serial': 2336539868, 'refresh': 10000, 'retry': 2400, 'expire': 604800, 'minttl': 1800}, {'name': 'opentech.fund', 'ns': 'may.ns.cloudflare.com', 'mailbox': 'dns.cloudflare.com', 'serial': 2336539868, 'refresh': 10000, 'retry': 2400, 'expire': 604800, 'minttl': 1800}, {'name': 'opentech.fund', 'ns': 'may.ns.cloudflare.com', 'mailbox': 'dns.cloudflare.com', 'serial': 2336539868, 'refresh': 10000, 'retry': 2400, 'expire': 604800, 'minttl': 1800}",NOERROR,,,,,,,
[x],docs.reset.tech,257,"188.114.99.229, 188.114.98.229","2606:4700:4400::6812:282f, 2606:4700:4400::ac40:93d1","{'name': 'gitbook.io', 'ns': 'dahlia.ns.cloudflare.com', 'mailbox': 'dns.cloudflare.com', 'serial': 2335905850, 'refresh': 10000, 'retry': 2400, 'expire': 604800, 'minttl': 1800}",NOERROR,,"hosting.gitbook.com, hosting.gitbook.io",,,,,
[x],email.deals.reset.tech,300,,"2606:4700:20::ac43:4b35, 2606:4700:20::681a:ce4, 2606:4700:20::681a:de4","{'name': 'reset.tech', 'ns': 'guss.ns.cloudflare.com', 'mailbox': 'dns.cloudflare.com', 'serial': 2337011255, 'refresh': 10000, 'retry': 2400, 'expire': 604800, 'minttl': 1800}, {'name': 'reset.tech', 'ns': 'guss.ns.cloudflare.com', 'mailbox': 'dns.cloudflare.com', 'serial': 2337011255, 'refresh': 10000, 'retry': 2400, 'expire': 604800, 'minttl': 1800}, {'name': 'reset.tech', 'ns': 'guss.ns.cloudflare.com', 'mailbox': 'dns.cloudflare.com', 'serial': 2337011255, 'refresh': 10000, 'retry': 2400, 'expire': 604800, 'minttl': 1800}, {'name': 'reset.tech', 'ns': 'guss.ns.cloudflare.com', 'mailbox': 'dns.cloudflare.com', 'serial': 2337011255, 'refresh': 10000, 'retry': 2400, 'expire': 604800, 'minttl': 1800}, {'name': 'reset.tech', 'ns': 'guss.ns.cloudflare.com', 'mailbox': 'dns.cloudflare.com', 'serial': 2337011255, 'refresh': 10000, 'retry': 2400, 'expire': 604800, 'minttl': 1800}",NOERROR,,,,,,,
[x],email.helpmail.reset.tech,300,,"2606:4700:20::681a:de4, 2606:4700:20::681a:ce4, 2606:4700:20::ac43:4b35","{'name': 'reset.tech', 'ns': 'guss.ns.cloudflare.com', 'mailbox': 'dns.cloudflare.com', 'serial': 2337011255, 'refresh': 10000, 'retry': 2400, 'expire': 604800, 'minttl': 1800}, {'name': 'reset.tech', 'ns': 'guss.ns.cloudflare.com', 'mailbox': 'dns.cloudflare.com', 'serial': 2337011255, 'refresh': 10000, 'retry': 2400, 'expire': 604800, 'minttl': 1800}, {'name': 'reset.tech', 'ns': 'guss.ns.cloudflare.com', 'mailbox': 'dns.cloudflare.com', 'serial': 2337011255, 'refresh': 10000, 'retry': 2400, 'expire': 604800, 'minttl': 1800}",NOERROR,,,,,,,
[x],email.social.reset.tech,300,34.111.99.212,,"{'name': 'eu.mailgun.org', 'ns': 'ns-508.awsdns-63.com', 'mailbox': 'awsdns-hostmaster.amazon.com', 'serial': 2, 'refresh': 7200, 'retry': 900, 'expire': 1209600, 'minttl': 86400}",NOERROR,"95jjgg5fltg8lypmhs7vt85ntc6349p1, v=spf1 include:_spf.eu.mailgun.org ~all",eu.mailgun.org,"mxa.eu.mailgun.org, mxb.eu.mailgun.org","ns-2026.awsdns-61.co.uk, ns-1452.awsdns-53.org, ns-508.awsdns-63.com, ns-619.awsdns-13.net","letsencrypt.org, digicert.com, ;",True,google
[x],enterpriseenrollment.reset.tech,3600,13.74.111.192,,"{'name': 'northeurope.cloudapp.azure.com', 'ns': 'ns1-201.azure-dns.com', 'mailbox': 'msnhst.microsoft.com', 'serial': 10001, 'refresh': 900, 'retry': 300, 'expire': 604800, 'minttl': 60}, {'name': 'northeurope.cloudapp.azure.com', 'ns': 'ns1-201.azure-dns.com', 'mailbox': 'msnhst.microsoft.com', 'serial': 10001, 'refresh': 900, 'retry': 300, 'expire': 604800, 'minttl': 60}, {'name': 'swedencentral.cloudapp.azure.com', 'ns': 'ns1-07.azure-dns.com', 'mailbox': 'azuredns-hostmaster.microsoft.com', 'serial': 1, 'refresh': 3600, 'retry': 300, 'expire': 2419200, 'minttl': 300}, {'name': 'westeurope.cloudapp.azure.com', 'ns': 'ns1-201.azure-dns.com', 'mailbox': 'msnhst.microsoft.com', 'serial': 10001, 'refresh': 900, 'retry': 300, 'expire': 604800, 'minttl': 60}, {'name': 'swedencentral.cloudapp.azure.com', 'ns': 'ns1-07.azure-dns.com', 'mailbox': 'azuredns-hostmaster.microsoft.com', 'serial': 1, 'refresh': 3600, 'retry': 300, 'expire': 2419200, 'minttl': 300}",NOERROR,,"enterpriseenrollment-s.manage.microsoft.com, manage-pe.trafficmanager.net, pexsucpeu01.northeurope.cloudapp.azure.com, pexsucpeu03.swedencentral.cloudapp.azure.com, pexsucpeu02.westeurope.cloudapp.azure.com",,,,,
[x],enterpriseregistration.reset.tech,3600,"40.126.32.129, 40.126.32.6, 40.126.32.66, 40.126.32.131","2603:1027:1:158::7, 2603:1026:3000:150::2, 2603:1026:3000:150::3, 2603:1027:1:148::b","{'name': 'akadns.net', 'ns': 'internal.akadns.net', 'mailbox': 'hostmaster.akamai.com', 'serial': 1712104200, 'refresh': 90000, 'retry': 90000, 'expire': 90000, 'minttl': 180}, {'name': 'akadns.net', 'ns': 'internal.akadns.net', 'mailbox': 'hostmaster.akamai.com', 'serial': 1712104200, 'refresh': 90000, 'retry': 90000, 'expire': 90000, 'minttl': 180}, {'name': 'trafficmanager.net', 'ns': 'tm1.dns-tm.com', 'mailbox': 'hostmaster.trafficmanager.net', 'serial': 2003080800, 'refresh': 900, 'retry': 300, 'expire': 2419200, 'minttl': 30}, {'name': 'akadns.net', 'ns': 'internal.akadns.net', 'mailbox': 'hostmaster.akamai.com', 'serial': 1712104200, 'refresh': 90000, 'retry': 90000, 'expire': 90000, 'minttl': 180}, {'name': 'akadns.net', 'ns': 'internal.akadns.net', 'mailbox': 'hostmaster.akamai.com', 'serial': 1712104200, 'refresh': 90000, 'retry': 90000, 'expire': 90000, 'minttl': 180}",NOERROR,,"enterpriseregistration.windows.net, na.privatelink.msidentity.com, prdf.aadg.msidentity.com, www.tm.f.prd.aadg.trafficmanager.net, www.tm.f.prd.aadg.akadns.net",,,,,
[x],eu.reset.tech,300,"104.26.13.228, 172.67.75.53, 104.26.12.228","2606:4700:20::ac43:4b35, 2606:4700:20::681a:de4, 2606:4700:20::681a:ce4","{'name': 'reset.tech', 'ns': 'guss.ns.cloudflare.com', 'mailbox': 'dns.cloudflare.com', 'serial': 2337011255, 'refresh': 10000, 'retry': 2400, 'expire': 604800, 'minttl': 1800}, {'name': 'reset.tech', 'ns': 'guss.ns.cloudflare.com', 'mailbox': 'dns.cloudflare.com', 'serial': 2337011255, 'refresh': 10000, 'retry': 2400, 'expire': 604800, 'minttl': 1800}, {'name': 'reset.tech', 'ns': 'guss.ns.cloudflare.com', 'mailbox': 'dns.cloudflare.com', 'serial': 2337011255, 'refresh': 10000, 'retry': 2400, 'expire': 604800, 'minttl': 1800}",NOERROR,,,"aspmx2.googlemail.com, aspmx.l.google.com, alt2.aspmx.l.google.com, aspmx3.googlemail.com, alt1.aspmx.l.google.com",,,,
[x],feedback.reset.tech,300,,"2606:4700:20::681a:ce4, 2606:4700:20::681a:de4, 2606:4700:20::ac43:4b35","{'name': 'reset.tech', 'ns': 'guss.ns.cloudflare.com', 'mailbox': 'dns.cloudflare.com', 'serial': 2337011255, 'refresh': 10000, 'retry': 2400, 'expire': 604800, 'minttl': 1800}, {'name': 'reset.tech', 'ns': 'guss.ns.cloudflare.com', 'mailbox': 'dns.cloudflare.com', 'serial': 2337011255, 'refresh': 10000, 'retry': 2400, 'expire': 604800, 'minttl': 1800}, {'name': 'reset.tech', 'ns': 'guss.ns.cloudflare.com', 'mailbox': 'dns.cloudflare.com', 'serial': 2337011255, 'refresh': 10000, 'retry': 2400, 'expire': 604800, 'minttl': 1800}",NOERROR,,,,,,,
[x],guide.opentech.fund,300,,"2606:4700:3108::ac42:2897, 2606:4700:3108::ac42:2b69","{'name': 'opentech.fund', 'ns': 'may.ns.cloudflare.com', 'mailbox': 'dns.cloudflare.com', 'serial': 2336539868, 'refresh': 10000, 'retry': 2400, 'expire': 604800, 'minttl': 1800}, {'name': 'opentech.fund', 'ns': 'may.ns.cloudflare.com', 'mailbox': 'dns.cloudflare.com', 'serial': 2336539868, 'refresh': 10000, 'retry': 2400, 'expire': 604800, 'minttl': 1800}, {'name': 'opentech.fund', 'ns': 'may.ns.cloudflare.com', 'mailbox': 'dns.cloudflare.com', 'serial': 2336539868, 'refresh': 10000, 'retry': 2400, 'expire': 604800, 'minttl': 1800}, {'name': 'opentech.fund', 'ns': 'may.ns.cloudflare.com', 'mailbox': 'dns.cloudflare.com', 'serial': 2336539868, 'refresh': 10000, 'retry': 2400, 'expire': 604800, 'minttl': 1800}",NOERROR,,,,,,,
[x],guide.reset.tech,300,"172.64.147.209, 104.18.40.47",,"{'name': 'gitbook.io', 'ns': 'dahlia.ns.cloudflare.com', 'mailbox': 'dns.cloudflare.com', 'serial': 2335905850, 'refresh': 10000, 'retry': 2400, 'expire': 604800, 'minttl': 1800}, {'name': 'gitbook.io', 'ns': 'dahlia.ns.cloudflare.com', 'mailbox': 'dns.cloudflare.com', 'serial': 2335905850, 'refresh': 10000, 'retry': 2400, 'expire': 604800, 'minttl': 1800}, {'name': 'gitbook.io', 'ns': 'dahlia.ns.cloudflare.com', 'mailbox': 'dns.cloudflare.com', 'serial': 2335905850, 'refresh': 10000, 'retry': 2400, 'expire': 604800, 'minttl': 1800}",NOERROR,,"hosting.gitbook.com, hosting.gitbook.io",,,"letsencrypt.org, pki.goog, digicert.com",,
[x],handbook.opentech.fund,1800,,,"{'name': 'opentech.fund', 'ns': 'may.ns.cloudflare.com', 'mailbox': 'dns.cloudflare.com', 'serial': 2336539868, 'refresh': 10000, 'retry': 2400, 'expire': 604800, 'minttl': 1800}, {'name': 'opentech.fund', 'ns': 'may.ns.cloudflare.com', 'mailbox': 'dns.cloudflare.com', 'serial': 2336539868, 'refresh': 10000, 'retry': 2400, 'expire': 604800, 'minttl': 1800}, {'name': 'opentech.fund', 'ns': 'may.ns.cloudflare.com', 'mailbox': 'dns.cloudflare.com', 'serial': 2336539868, 'refresh': 10000, 'retry': 2400, 'expire': 604800, 'minttl': 1800}, {'name': 'opentech.fund', 'ns': 'may.ns.cloudflare.com', 'mailbox': 'dns.cloudflare.com', 'serial': 2336539868, 'refresh': 10000, 'retry': 2400, 'expire': 604800, 'minttl': 1800}",NOERROR,,,,,,,
[x],hello.reset.tech,300,205.201.132.26,,"{'name': 'akadns.net', 'ns': 'internal.akadns.net', 'mailbox': 'hostmaster.akamai.com', 'serial': 1712104200, 'refresh': 90000, 'retry': 90000, 'expire': 90000, 'minttl': 180}, {'name': 'akadns.net', 'ns': 'internal.akadns.net', 'mailbox': 'hostmaster.akamai.com', 'serial': 1712104200, 'refresh': 90000, 'retry': 90000, 'expire': 90000, 'minttl': 180}, {'name': 'akadns.net', 'ns': 'internal.akadns.net', 'mailbox': 'hostmaster.akamai.com', 'serial': 1712104200, 'refresh': 90000, 'retry': 90000, 'expire': 90000, 'minttl': 180}, {'name': 'akadns.net', 'ns': 'internal.akadns.net', 'mailbox': 'hostmaster.akamai.com', 'serial': 1712104200, 'refresh': 90000, 'retry': 90000, 'expire': 90000, 'minttl': 180}",NOERROR,,"us4-3dbedd3f-8569c2a50489c6ef87ca271f2.pages.mailchi.mp, terminator.capstone.com.akadns.net",,,,,
[x],help.opentech.fund,1800,,,"{'name': 'opentech.fund', 'ns': 'may.ns.cloudflare.com', 'mailbox': 'dns.cloudflare.com', 'serial': 2336539868, 'refresh': 10000, 'retry': 2400, 'expire': 604800, 'minttl': 1800}, {'name': 'opentech.fund', 'ns': 'may.ns.cloudflare.com', 'mailbox': 'dns.cloudflare.com', 'serial': 2336539868, 'refresh': 10000, 'retry': 2400, 'expire': 604800, 'minttl': 1800}, {'name': 'opentech.fund', 'ns': 'may.ns.cloudflare.com', 'mailbox': 'dns.cloudflare.com', 'serial': 2336539868, 'refresh': 10000, 'retry': 2400, 'expire': 604800, 'minttl': 1800}, {'name': 'opentech.fund', 'ns': 'may.ns.cloudflare.com', 'mailbox': 'dns.cloudflare.com', 'serial': 2336539868, 'refresh': 10000, 'retry': 2400, 'expire': 604800, 'minttl': 1800}, {'name': 'opentech.fund', 'ns': 'may.ns.cloudflare.com', 'mailbox': 'dns.cloudflare.com', 'serial': 2336539868, 'refresh': 10000, 'retry': 2400, 'expire': 604800, 'minttl': 1800}, {'name': 'opentech.fund', 'ns': 'may.ns.cloudflare.com', 'mailbox': 'dns.cloudflare.com', 'serial': 2336539868, 'refresh': 10000, 'retry': 2400, 'expire': 604800, 'minttl': 1800}",NOERROR,,,,,,,
[x],help.reset.tech,300,,2a01:4f8:272:4cc5::2,"{'name': 'zammad.com', 'ns': 'ns1.dc.zammad.com', 'mailbox': 'hostmaster.zammad.com', 'serial': 1712391455, 'refresh': 3600, 'retry': 3600, 'expire': 604800, 'minttl': 3600}, {'name': 'zammad.com', 'ns': 'ns1.dc.zammad.com', 'mailbox': 'hostmaster.zammad.com', 'serial': 1712391455, 'refresh': 3600, 'retry': 3600, 'expire': 604800, 'minttl': 3600}, {'name': 'zammad.com', 'ns': 'ns1.dc.zammad.com', 'mailbox': 'hostmaster.zammad.com', 'serial': 1712391455, 'refresh': 3600, 'retry': 3600, 'expire': 604800, 'minttl': 3600}, {'name': 'zammad.com', 'ns': 'ns1.dc.zammad.com', 'mailbox': 'hostmaster.zammad.com', 'serial': 1712391455, 'refresh': 3600, 'retry': 3600, 'expire': 604800, 'minttl': 3600}, {'name': 'zammad.com', 'ns': 'ns1.dc.zammad.com', 'mailbox': 'hostmaster.zammad.com', 'serial': 1712391455, 'refresh': 3600, 'retry': 3600, 'expire': 604800, 'minttl': 3600}",NOERROR,,"rst-help.zammad.com, apn14024.dc.zammad.com",,,,,
[x],helpmail.reset.tech,300,52.200.176.205,,"{'name': 'reset.tech', 'ns': 'guss.ns.cloudflare.com', 'mailbox': 'dns.cloudflare.com', 'serial': 2337011255, 'refresh': 10000, 'retry': 2400, 'expire': 604800, 'minttl': 1800}, {'name': 'reset.tech', 'ns': 'guss.ns.cloudflare.com', 'mailbox': 'dns.cloudflare.com', 'serial': 2337011255, 'refresh': 10000, 'retry': 2400, 'expire': 604800, 'minttl': 1800}, {'name': 'reset.tech', 'ns': 'guss.ns.cloudflare.com', 'mailbox': 'dns.cloudflare.com', 'serial': 2337011255, 'refresh': 10000, 'retry': 2400, 'expire': 604800, 'minttl': 1800}, {'name': 'reset.tech', 'ns': 'guss.ns.cloudflare.com', 'mailbox': 'dns.cloudflare.com', 'serial': 2337011255, 'refresh': 10000, 'retry': 2400, 'expire': 604800, 'minttl': 1800}, {'name': 'reset.tech', 'ns': 'guss.ns.cloudflare.com', 'mailbox': 'dns.cloudflare.com', 'serial': 2337011255, 'refresh': 10000, 'retry': 2400, 'expire': 604800, 'minttl': 1800}, {'name': 'reset.tech', 'ns': 'guss.ns.cloudflare.com', 'mailbox': 'dns.cloudflare.com', 'serial': 2337011255, 'refresh': 10000, 'retry': 2400, 'expire': 604800, 'minttl': 1800}",NOERROR,v=spf1 include:mailgun.org ~all,,,,,,
[x],invidious.reset.tech,300,,"2606:4700:20::681a:de4, 2606:4700:20::ac43:4b35, 2606:4700:20::681a:ce4","{'name': 'reset.tech', 'ns': 'guss.ns.cloudflare.com', 'mailbox': 'dns.cloudflare.com', 'serial': 2337011255, 'refresh': 10000, 'retry': 2400, 'expire': 604800, 'minttl': 1800}, {'name': 'reset.tech', 'ns': 'guss.ns.cloudflare.com', 'mailbox': 'dns.cloudflare.com', 'serial': 2337011255, 'refresh': 10000, 'retry': 2400, 'expire': 604800, 'minttl': 1800}, {'name': 'reset.tech', 'ns': 'guss.ns.cloudflare.com', 'mailbox': 'dns.cloudflare.com', 'serial': 2337011255, 'refresh': 10000, 'retry': 2400, 'expire': 604800, 'minttl': 1800}, {'name': 'reset.tech', 'ns': 'guss.ns.cloudflare.com', 'mailbox': 'dns.cloudflare.com', 'serial': 2337011255, 'refresh': 10000, 'retry': 2400, 'expire': 604800, 'minttl': 1800}",NOERROR,,,,,,,
[x],live.opentech.fund,300,"172.66.40.151, 172.66.43.105","2606:4700:3108::ac42:2897, 2606:4700:3108::ac42:2b69","{'name': 'opentech.fund', 'ns': 'may.ns.cloudflare.com', 'mailbox': 'dns.cloudflare.com', 'serial': 2336539868, 'refresh': 10000, 'retry': 2400, 'expire': 604800, 'minttl': 1800}, {'name': 'opentech.fund', 'ns': 'may.ns.cloudflare.com', 'mailbox': 'dns.cloudflare.com', 'serial': 2336539868, 'refresh': 10000, 'retry': 2400, 'expire': 604800, 'minttl': 1800}, {'name': 'opentech.fund', 'ns': 'may.ns.cloudflare.com', 'mailbox': 'dns.cloudflare.com', 'serial': 2336539868, 'refresh': 10000, 'retry': 2400, 'expire': 604800, 'minttl': 1800}, {'name': 'opentech.fund', 'ns': 'may.ns.cloudflare.com', 'mailbox': 'dns.cloudflare.com', 'serial': 2336539868, 'refresh': 10000, 'retry': 2400, 'expire': 604800, 'minttl': 1800}, {'name': 'opentech.fund', 'ns': 'may.ns.cloudflare.com', 'mailbox': 'dns.cloudflare.com', 'serial': 2336539868, 'refresh': 10000, 'retry': 2400, 'expire': 604800, 'minttl': 1800}",NOERROR,,,,,,,
[x],meet.opentech.fund,300,"172.66.40.151, 172.66.43.105","2606:4700:3108::ac42:2b69, 2606:4700:3108::ac42:2897","{'name': 'opentech.fund', 'ns': 'may.ns.cloudflare.com', 'mailbox': 'dns.cloudflare.com', 'serial': 2336539868, 'refresh': 10000, 'retry': 2400, 'expire': 604800, 'minttl': 1800}, {'name': 'opentech.fund', 'ns': 'may.ns.cloudflare.com', 'mailbox': 'dns.cloudflare.com', 'serial': 2336539868, 'refresh': 10000, 'retry': 2400, 'expire': 604800, 'minttl': 1800}, {'name': 'opentech.fund', 'ns': 'may.ns.cloudflare.com', 'mailbox': 'dns.cloudflare.com', 'serial': 2336539868, 'refresh': 10000, 'retry': 2400, 'expire': 604800, 'minttl': 1800}",NOERROR,,,,,,,
[x],news.files.reset.tech,300,"104.26.12.228, 172.67.75.53, 104.26.13.228","2a06:98c1:3123:e000::5, 2a06:98c1:3122:e000::5","{'name': 'reset.tech', 'ns': 'guss.ns.cloudflare.com', 'mailbox': 'dns.cloudflare.com', 'serial': 2337011255, 'refresh': 10000, 'retry': 2400, 'expire': 604800, 'minttl': 1800}, {'name': 'reset.tech', 'ns': 'guss.ns.cloudflare.com', 'mailbox': 'dns.cloudflare.com', 'serial': 2337011255, 'refresh': 10000, 'retry': 2400, 'expire': 604800, 'minttl': 1800}, {'name': 'reset.tech', 'ns': 'guss.ns.cloudflare.com', 'mailbox': 'dns.cloudflare.com', 'serial': 2337011255, 'refresh': 10000, 'retry': 2400, 'expire': 604800, 'minttl': 1800}",NOERROR,,,,,,,
[x],old.opentech.fund,300,"172.66.43.105, 172.66.40.151","2606:4700:3108::ac42:2897, 2606:4700:3108::ac42:2b69","{'name': 'opentech.fund', 'ns': 'may.ns.cloudflare.com', 'mailbox': 'dns.cloudflare.com', 'serial': 2336539868, 'refresh': 10000, 'retry': 2400, 'expire': 604800, 'minttl': 1800}, {'name': 'opentech.fund', 'ns': 'may.ns.cloudflare.com', 'mailbox': 'dns.cloudflare.com', 'serial': 2336539868, 'refresh': 10000, 'retry': 2400, 'expire': 604800, 'minttl': 1800}, {'name': 'opentech.fund', 'ns': 'may.ns.cloudflare.com', 'mailbox': 'dns.cloudflare.com', 'serial': 2336539868, 'refresh': 10000, 'retry': 2400, 'expire': 604800, 'minttl': 1800}, {'name': 'opentech.fund', 'ns': 'may.ns.cloudflare.com', 'mailbox': 'dns.cloudflare.com', 'serial': 2336539868, 'refresh': 10000, 'retry': 2400, 'expire': 604800, 'minttl': 1800}",NOERROR,,,,,,,
[x],opentech.fund,300,"172.66.43.105, 172.66.40.151","2606:4700:3108::ac42:2b69, 2606:4700:3108::ac42:2897","{'name': 'opentech.fund', 'ns': 'may.ns.cloudflare.com', 'mailbox': 'dns.cloudflare.com', 'serial': 2336539868, 'refresh': 10000, 'retry': 2400, 'expire': 604800, 'minttl': 1800}, {'name': 'opentech.fund', 'ns': 'may.ns.cloudflare.com', 'mailbox': 'dns.cloudflare.com', 'serial': 2336539868, 'refresh': 10000, 'retry': 2400, 'expire': 604800, 'minttl': 1800}, {'name': 'opentech.fund', 'ns': 'may.ns.cloudflare.com', 'mailbox': 'dns.cloudflare.com', 'serial': 2336539868, 'refresh': 10000, 'retry': 2400, 'expire': 604800, 'minttl': 1800}",NOERROR,"91DA51E6A4, MS=ms90445798, v=spf1 include:_spf.google.com include:mailgun.org ~all, google-site-verification=AboyGuU8GwRMxrKPNyDUVWPf32uJ3ayybh5DBiKXLDo, google-site-verification=YNk3tjE6pzZ3J2Cr6NakDwnvJWm90Mbl2sxZdqNsFHA, keybase-site-verification=PZKfe18VM1xHZERg2U1defAbZC2DUFhHrEI-uBaELF8, keybase-site-verification=r6t3hwSQ_x5BdUqDBQhmIfBq66zI4Gcu1QeUuVGTeTI",,,,,,
[x],partner.reset.tech,300,"104.26.12.228, 172.67.75.53, 104.26.13.228",,"{'name': 'reset.tech', 'ns': 'guss.ns.cloudflare.com', 'mailbox': 'dns.cloudflare.com', 'serial': 2337011255, 'refresh': 10000, 'retry': 2400, 'expire': 604800, 'minttl': 1800}, {'name': 'reset.tech', 'ns': 'guss.ns.cloudflare.com', 'mailbox': 'dns.cloudflare.com', 'serial': 2337011255, 'refresh': 10000, 'retry': 2400, 'expire': 604800, 'minttl': 1800}, {'name': 'reset.tech', 'ns': 'guss.ns.cloudflare.com', 'mailbox': 'dns.cloudflare.com', 'serial': 2337011255, 'refresh': 10000, 'retry': 2400, 'expire': 604800, 'minttl': 1800}",NOERROR,"notion-domain-verification=iHnH4EAR11pYUQyQAZVDeL8jiMocw4hNvMhLl0IJavJ, slack-domain-verification=ghipbJ9Lq6xhE2dtBTSPCVxCIk5hgOX3uDUmAodp, v=spf1 include:_spf.google.com ~all",,"alt2.aspmx.l.google.com, aspmx.l.google.com, alt3.aspmx.l.google.com, alt4.aspmx.l.google.com, alt1.aspmx.l.google.com",,,,
[x],phishd.reset.tech,300,34.197.249.160,,"{'name': 'reset.tech', 'ns': 'guss.ns.cloudflare.com', 'mailbox': 'dns.cloudflare.com', 'serial': 2337011255, 'refresh': 10000, 'retry': 2400, 'expire': 604800, 'minttl': 1800}, {'name': 'reset.tech', 'ns': 'guss.ns.cloudflare.com', 'mailbox': 'dns.cloudflare.com', 'serial': 2337011255, 'refresh': 10000, 'retry': 2400, 'expire': 604800, 'minttl': 1800}, {'name': 'reset.tech', 'ns': 'guss.ns.cloudflare.com', 'mailbox': 'dns.cloudflare.com', 'serial': 2337011255, 'refresh': 10000, 'retry': 2400, 'expire': 604800, 'minttl': 1800}, {'name': 'reset.tech', 'ns': 'guss.ns.cloudflare.com', 'mailbox': 'dns.cloudflare.com', 'serial': 2337011255, 'refresh': 10000, 'retry': 2400, 'expire': 604800, 'minttl': 1800}, {'name': 'reset.tech', 'ns': 'guss.ns.cloudflare.com', 'mailbox': 'dns.cloudflare.com', 'serial': 2337011255, 'refresh': 10000, 'retry': 2400, 'expire': 604800, 'minttl': 1800}, {'name': 'reset.tech', 'ns': 'guss.ns.cloudflare.com', 'mailbox': 'dns.cloudflare.com', 'serial': 2337011255, 'refresh': 10000, 'retry': 2400, 'expire': 604800, 'minttl': 1800}",NOERROR,,,,,,,
[x],projects.reset.tech,300,"172.67.75.53, 104.26.12.228, 104.26.13.228","2606:4700:20::681a:ce4, 2606:4700:20::681a:de4, 2606:4700:20::ac43:4b35","{'name': 'reset.tech', 'ns': 'guss.ns.cloudflare.com', 'mailbox': 'dns.cloudflare.com', 'serial': 2337011255, 'refresh': 10000, 'retry': 2400, 'expire': 604800, 'minttl': 1800}, {'name': 'reset.tech', 'ns': 'guss.ns.cloudflare.com', 'mailbox': 'dns.cloudflare.com', 'serial': 2337011255, 'refresh': 10000, 'retry': 2400, 'expire': 604800, 'minttl': 1800}, {'name': 'reset.tech', 'ns': 'guss.ns.cloudflare.com', 'mailbox': 'dns.cloudflare.com', 'serial': 2337011255, 'refresh': 10000, 'retry': 2400, 'expire': 604800, 'minttl': 1800}, {'name': 'reset.tech', 'ns': 'guss.ns.cloudflare.com', 'mailbox': 'dns.cloudflare.com', 'serial': 2337011255, 'refresh': 10000, 'retry': 2400, 'expire': 604800, 'minttl': 1800}",NOERROR,,,,,,,
[x],public-au.reset.tech,300,"172.67.75.53, 104.26.13.228, 104.26.12.228","2606:4700:20::681a:ce4, 2606:4700:20::681a:de4, 2606:4700:20::ac43:4b35","{'name': 'reset.tech', 'ns': 'guss.ns.cloudflare.com', 'mailbox': 'dns.cloudflare.com', 'serial': 2337011255, 'refresh': 10000, 'retry': 2400, 'expire': 604800, 'minttl': 1800}, {'name': 'reset.tech', 'ns': 'guss.ns.cloudflare.com', 'mailbox': 'dns.cloudflare.com', 'serial': 2337011255, 'refresh': 10000, 'retry': 2400, 'expire': 604800, 'minttl': 1800}, {'name': 'reset.tech', 'ns': 'guss.ns.cloudflare.com', 'mailbox': 'dns.cloudflare.com', 'serial': 2337011255, 'refresh': 10000, 'retry': 2400, 'expire': 604800, 'minttl': 1800}, {'name': 'reset.tech', 'ns': 'guss.ns.cloudflare.com', 'mailbox': 'dns.cloudflare.com', 'serial': 2337011255, 'refresh': 10000, 'retry': 2400, 'expire': 604800, 'minttl': 1800}, {'name': 'reset.tech', 'ns': 'guss.ns.cloudflare.com', 'mailbox': 'dns.cloudflare.com', 'serial': 2337011255, 'refresh': 10000, 'retry': 2400, 'expire': 604800, 'minttl': 1800}",NOERROR,,,,,,,
[x],public.reset.tech,300,,"2606:4700:20::ac43:4b35, 2606:4700:20::681a:ce4, 2606:4700:20::681a:de4","{'name': 'reset.tech', 'ns': 'guss.ns.cloudflare.com', 'mailbox': 'dns.cloudflare.com', 'serial': 2337011255, 'refresh': 10000, 'retry': 2400, 'expire': 604800, 'minttl': 1800}, {'name': 'reset.tech', 'ns': 'guss.ns.cloudflare.com', 'mailbox': 'dns.cloudflare.com', 'serial': 2337011255, 'refresh': 10000, 'retry': 2400, 'expire': 604800, 'minttl': 1800}, {'name': 'reset.tech', 'ns': 'guss.ns.cloudflare.com', 'mailbox': 'dns.cloudflare.com', 'serial': 2337011255, 'refresh': 10000, 'retry': 2400, 'expire': 604800, 'minttl': 1800}, {'name': 'reset.tech', 'ns': 'guss.ns.cloudflare.com', 'mailbox': 'dns.cloudflare.com', 'serial': 2337011255, 'refresh': 10000, 'retry': 2400, 'expire': 604800, 'minttl': 1800}, {'name': 'reset.tech', 'ns': 'guss.ns.cloudflare.com', 'mailbox': 'dns.cloudflare.com', 'serial': 2337011255, 'refresh': 10000, 'retry': 2400, 'expire': 604800, 'minttl': 1800}",NOERROR,,,,,,,
[x],recode2.reset.tech,1800,,,"{'name': 'reset.tech', 'ns': 'guss.ns.cloudflare.com', 'mailbox': 'dns.cloudflare.com', 'serial': 2337011255, 'refresh': 10000, 'retry': 2400, 'expire': 604800, 'minttl': 1800}, {'name': 'reset.tech', 'ns': 'guss.ns.cloudflare.com', 'mailbox': 'dns.cloudflare.com', 'serial': 2337011255, 'refresh': 10000, 'retry': 2400, 'expire': 604800, 'minttl': 1800}, {'name': 'reset.tech', 'ns': 'guss.ns.cloudflare.com', 'mailbox': 'dns.cloudflare.com', 'serial': 2337011255, 'refresh': 10000, 'retry': 2400, 'expire': 604800, 'minttl': 1800}, {'name': 'reset.tech', 'ns': 'guss.ns.cloudflare.com', 'mailbox': 'dns.cloudflare.com', 'serial': 2337011255, 'refresh': 10000, 'retry': 2400, 'expire': 604800, 'minttl': 1800}, {'name': 'reset.tech', 'ns': 'guss.ns.cloudflare.com', 'mailbox': 'dns.cloudflare.com', 'serial': 2337011255, 'refresh': 10000, 'retry': 2400, 'expire': 604800, 'minttl': 1800}, {'name': 'reset.tech', 'ns': 'guss.ns.cloudflare.com', 'mailbox': 'dns.cloudflare.com', 'serial': 2337011255, 'refresh': 10000, 'retry': 2400, 'expire': 604800, 'minttl': 1800}",NOERROR,,,,,,,
[x],recode3.reset.tech,300,52.204.156.235,,"{'name': 'super.so', 'ns': 'ns-1462.awsdns-54.org', 'mailbox': 'awsdns-hostmaster.amazon.com', 'serial': 1, 'refresh': 7200, 'retry': 900, 'expire': 1209600, 'minttl': 86400}, {'name': 'super.so', 'ns': 'ns-1462.awsdns-54.org', 'mailbox': 'awsdns-hostmaster.amazon.com', 'serial': 1, 'refresh': 7200, 'retry': 900, 'expire': 1209600, 'minttl': 86400}, {'name': 'super.so', 'ns': 'ns-1462.awsdns-54.org', 'mailbox': 'awsdns-hostmaster.amazon.com', 'serial': 1, 'refresh': 7200, 'retry': 900, 'expire': 1209600, 'minttl': 86400}, {'name': 'super.so', 'ns': 'ns-1462.awsdns-54.org', 'mailbox': 'awsdns-hostmaster.amazon.com', 'serial': 1, 'refresh': 7200, 'retry': 900, 'expire': 1209600, 'minttl': 86400}, {'name': 'super.so', 'ns': 'ns-1462.awsdns-54.org', 'mailbox': 'awsdns-hostmaster.amazon.com', 'serial': 1, 'refresh': 7200, 'retry': 900, 'expire': 1209600, 'minttl': 86400}, {'name': 'super.so', 'ns': 'ns-1462.awsdns-54.org', 'mailbox': 'awsdns-hostmaster.amazon.com', 'serial': 1, 'refresh': 7200, 'retry': 900, 'expire': 1209600, 'minttl': 86400}",NOERROR,,alias.super.so,,,,,
[x],recoding.reset.tech,300,,"2606:4700:20::ac43:4b35, 2606:4700:20::681a:ce4, 2606:4700:20::681a:de4","{'name': 'reset.tech', 'ns': 'guss.ns.cloudflare.com', 'mailbox': 'dns.cloudflare.com', 'serial': 2337011255, 'refresh': 10000, 'retry': 2400, 'expire': 604800, 'minttl': 1800}, {'name': 'reset.tech', 'ns': 'guss.ns.cloudflare.com', 'mailbox': 'dns.cloudflare.com', 'serial': 2337011255, 'refresh': 10000, 'retry': 2400, 'expire': 604800, 'minttl': 1800}, {'name': 'reset.tech', 'ns': 'guss.ns.cloudflare.com', 'mailbox': 'dns.cloudflare.com', 'serial': 2337011255, 'refresh': 10000, 'retry': 2400, 'expire': 604800, 'minttl': 1800}, {'name': 'reset.tech', 'ns': 'guss.ns.cloudflare.com', 'mailbox': 'dns.cloudflare.com', 'serial': 2337011255, 'refresh': 10000, 'retry': 2400, 'expire': 604800, 'minttl': 1800}, {'name': 'reset.tech', 'ns': 'guss.ns.cloudflare.com', 'mailbox': 'dns.cloudflare.com', 'serial': 2337011255, 'refresh': 10000, 'retry': 2400, 'expire': 604800, 'minttl': 1800}, {'name': 'reset.tech', 'ns': 'guss.ns.cloudflare.com', 'mailbox': 'dns.cloudflare.com', 'serial': 2337011255, 'refresh': 10000, 'retry': 2400, 'expire': 604800, 'minttl': 1800}",NOERROR,,,,,,,
[x],report.opentech.fund,900,,,"{'name': 'report.opentech.fund', 'ns': 'ns-439.awsdns-54.com', 'mailbox': 'awsdns-hostmaster.amazon.com', 'serial': 1, 'refresh': 7200, 'retry': 900, 'expire': 1209600, 'minttl': 86400}, {'name': 'report.opentech.fund', 'ns': 'ns-439.awsdns-54.com', 'mailbox': 'awsdns-hostmaster.amazon.com', 'serial': 1, 'refresh': 7200, 'retry': 900, 'expire': 1209600, 'minttl': 86400}, {'name': 'report.opentech.fund', 'ns': 'ns-439.awsdns-54.com', 'mailbox': 'awsdns-hostmaster.amazon.com', 'serial': 1, 'refresh': 7200, 'retry': 900, 'expire': 1209600, 'minttl': 86400}, {'name': 'report.opentech.fund', 'ns': 'ns-439.awsdns-54.com', 'mailbox': 'awsdns-hostmaster.amazon.com', 'serial': 1, 'refresh': 7200, 'retry': 900, 'expire': 1209600, 'minttl': 86400}",NOERROR,,,inbound-smtp.us-east-1.amazonaws.com,"ns-1359.awsdns-41.org, ns-1657.awsdns-15.co.uk, ns-439.awsdns-54.com, ns-922.awsdns-51.net",,,
[x],reports.reset.tech,1800,,,"{'name': 'reset.tech', 'ns': 'guss.ns.cloudflare.com', 'mailbox': 'dns.cloudflare.com', 'serial': 2337011255, 'refresh': 10000, 'retry': 2400, 'expire': 604800, 'minttl': 1800}, {'name': 'reset.tech', 'ns': 'guss.ns.cloudflare.com', 'mailbox': 'dns.cloudflare.com', 'serial': 2337011255, 'refresh': 10000, 'retry': 2400, 'expire': 604800, 'minttl': 1800}, {'name': 'reset.tech', 'ns': 'guss.ns.cloudflare.com', 'mailbox': 'dns.cloudflare.com', 'serial': 2337011255, 'refresh': 10000, 'retry': 2400, 'expire': 604800, 'minttl': 1800}, {'name': 'reset.tech', 'ns': 'guss.ns.cloudflare.com', 'mailbox': 'dns.cloudflare.com', 'serial': 2337011255, 'refresh': 10000, 'retry': 2400, 'expire': 604800, 'minttl': 1800}",NOERROR,v=spf1 include:mailgun.org ~all,,"mxa.eu.mailgun.org, mxb.eu.mailgun.org",,,,
[x],reset.tech,300,"172.67.75.53, 104.26.12.228, 104.26.13.228","2606:4700:20::681a:de4, 2606:4700:20::ac43:4b35, 2606:4700:20::681a:ce4","{'name': 'reset.tech', 'ns': 'guss.ns.cloudflare.com', 'mailbox': 'dns.cloudflare.com', 'serial': 2337011255, 'refresh': 10000, 'retry': 2400, 'expire': 604800, 'minttl': 1800}, {'name': 'reset.tech', 'ns': 'guss.ns.cloudflare.com', 'mailbox': 'dns.cloudflare.com', 'serial': 2337011255, 'refresh': 10000, 'retry': 2400, 'expire': 604800, 'minttl': 1800}, {'name': 'reset.tech', 'ns': 'guss.ns.cloudflare.com', 'mailbox': 'dns.cloudflare.com', 'serial': 2337011255, 'refresh': 10000, 'retry': 2400, 'expire': 604800, 'minttl': 1800}",NOERROR,,,"alt2.aspmx.l.google.com, aspmx.l.google.com, alt3.aspmx.l.google.com, alt4.aspmx.l.google.com, h6i3cujxlmb77n6e5id5uow3sx3ckpednzljcvy2xevlquzdloxq.mx-verification.google.com, alt1.aspmx.l.google.com","guss.ns.cloudflare.com, kia.ns.cloudflare.com",,,
[x],sandbox-api.opentech.fund,300,"172.66.43.105, 172.66.40.151","2606:4700:3108::ac42:2b69, 2606:4700:3108::ac42:2897","{'name': 'opentech.fund', 'ns': 'may.ns.cloudflare.com', 'mailbox': 'dns.cloudflare.com', 'serial': 2336539868, 'refresh': 10000, 'retry': 2400, 'expire': 604800, 'minttl': 1800}, {'name': 'opentech.fund', 'ns': 'may.ns.cloudflare.com', 'mailbox': 'dns.cloudflare.com', 'serial': 2336539868, 'refresh': 10000, 'retry': 2400, 'expire': 604800, 'minttl': 1800}, {'name': 'opentech.fund', 'ns': 'may.ns.cloudflare.com', 'mailbox': 'dns.cloudflare.com', 'serial': 2336539868, 'refresh': 10000, 'retry': 2400, 'expire': 604800, 'minttl': 1800}, {'name': 'opentech.fund', 'ns': 'may.ns.cloudflare.com', 'mailbox': 'dns.cloudflare.com', 'serial': 2336539868, 'refresh': 10000, 'retry': 2400, 'expire': 604800, 'minttl': 1800}, {'name': 'opentech.fund', 'ns': 'may.ns.cloudflare.com', 'mailbox': 'dns.cloudflare.com', 'serial': 2336539868, 'refresh': 10000, 'retry': 2400, 'expire': 604800, 'minttl': 1800}",NOERROR,,,,,,,
[x],sandbox-apply.opentech.fund,300,"172.66.40.151, 172.66.43.105","2606:4700:3108::ac42:2897, 2606:4700:3108::ac42:2b69","{'name': 'opentech.fund', 'ns': 'may.ns.cloudflare.com', 'mailbox': 'dns.cloudflare.com', 'serial': 2336539868, 'refresh': 10000, 'retry': 2400, 'expire': 604800, 'minttl': 1800}, {'name': 'opentech.fund', 'ns': 'may.ns.cloudflare.com', 'mailbox': 'dns.cloudflare.com', 'serial': 2336539868, 'refresh': 10000, 'retry': 2400, 'expire': 604800, 'minttl': 1800}, {'name': 'opentech.fund', 'ns': 'may.ns.cloudflare.com', 'mailbox': 'dns.cloudflare.com', 'serial': 2336539868, 'refresh': 10000, 'retry': 2400, 'expire': 604800, 'minttl': 1800}, {'name': 'opentech.fund', 'ns': 'may.ns.cloudflare.com', 'mailbox': 'dns.cloudflare.com', 'serial': 2336539868, 'refresh': 10000, 'retry': 2400, 'expire': 604800, 'minttl': 1800}, {'name': 'opentech.fund', 'ns': 'may.ns.cloudflare.com', 'mailbox': 'dns.cloudflare.com', 'serial': 2336539868, 'refresh': 10000, 'retry': 2400, 'expire': 604800, 'minttl': 1800}, {'name': 'opentech.fund', 'ns': 'may.ns.cloudflare.com', 'mailbox': 'dns.cloudflare.com', 'serial': 2336539868, 'refresh': 10000, 'retry': 2400, 'expire': 604800, 'minttl': 1800}",NOERROR,,,,,,,
[x],sandbox.opentech.fund,300,"172.66.40.151, 172.66.43.105","2606:4700:3108::ac42:2b69, 2606:4700:3108::ac42:2897","{'name': 'opentech.fund', 'ns': 'may.ns.cloudflare.com', 'mailbox': 'dns.cloudflare.com', 'serial': 2336539868, 'refresh': 10000, 'retry': 2400, 'expire': 604800, 'minttl': 1800}, {'name': 'opentech.fund', 'ns': 'may.ns.cloudflare.com', 'mailbox': 'dns.cloudflare.com', 'serial': 2336539868, 'refresh': 10000, 'retry': 2400, 'expire': 604800, 'minttl': 1800}, {'name': 'opentech.fund', 'ns': 'may.ns.cloudflare.com', 'mailbox': 'dns.cloudflare.com', 'serial': 2336539868, 'refresh': 10000, 'retry': 2400, 'expire': 604800, 'minttl': 1800}, {'name': 'opentech.fund', 'ns': 'may.ns.cloudflare.com', 'mailbox': 'dns.cloudflare.com', 'serial': 2336539868, 'refresh': 10000, 'retry': 2400, 'expire': 604800, 'minttl': 1800}, {'name': 'opentech.fund', 'ns': 'may.ns.cloudflare.com', 'mailbox': 'dns.cloudflare.com', 'serial': 2336539868, 'refresh': 10000, 'retry': 2400, 'expire': 604800, 'minttl': 1800}",NOERROR,,,,,,,
[x],scim.reset.tech,1800,,,"{'name': 'reset.tech', 'ns': 'guss.ns.cloudflare.com', 'mailbox': 'dns.cloudflare.com', 'serial': 2337011255, 'refresh': 10000, 'retry': 2400, 'expire': 604800, 'minttl': 1800}, {'name': 'reset.tech', 'ns': 'guss.ns.cloudflare.com', 'mailbox': 'dns.cloudflare.com', 'serial': 2337011255, 'refresh': 10000, 'retry': 2400, 'expire': 604800, 'minttl': 1800}, {'name': 'reset.tech', 'ns': 'guss.ns.cloudflare.com', 'mailbox': 'dns.cloudflare.com', 'serial': 2337011255, 'refresh': 10000, 'retry': 2400, 'expire': 604800, 'minttl': 1800}, {'name': 'reset.tech', 'ns': 'guss.ns.cloudflare.com', 'mailbox': 'dns.cloudflare.com', 'serial': 2337011255, 'refresh': 10000, 'retry': 2400, 'expire': 604800, 'minttl': 1800}, {'name': 'reset.tech', 'ns': 'guss.ns.cloudflare.com', 'mailbox': 'dns.cloudflare.com', 'serial': 2337011255, 'refresh': 10000, 'retry': 2400, 'expire': 604800, 'minttl': 1800}",NOERROR,,,,,,,
[x],social.opentech.fund,1047,,,"{'name': 'opentech.fund', 'ns': 'may.ns.cloudflare.com', 'mailbox': 'dns.cloudflare.com', 'serial': 2336539868, 'refresh': 10000, 'retry': 2400, 'expire': 604800, 'minttl': 1800}, {'name': 'opentech.fund', 'ns': 'may.ns.cloudflare.com', 'mailbox': 'dns.cloudflare.com', 'serial': 2336539868, 'refresh': 10000, 'retry': 2400, 'expire': 604800, 'minttl': 1800}, {'name': 'opentech.fund', 'ns': 'may.ns.cloudflare.com', 'mailbox': 'dns.cloudflare.com', 'serial': 2336539868, 'refresh': 10000, 'retry': 2400, 'expire': 604800, 'minttl': 1800}, {'name': 'opentech.fund', 'ns': 'may.ns.cloudflare.com', 'mailbox': 'dns.cloudflare.com', 'serial': 2336539868, 'refresh': 10000, 'retry': 2400, 'expire': 604800, 'minttl': 1800}",NOERROR,v=spf1 include:mailgun.org ~all,,,,,,
[x],social.reset.tech,900,,,"{'name': 'social.reset.tech', 'ns': 'ns-999.awsdns-60.net', 'mailbox': 'awsdns-hostmaster.amazon.com', 'serial': 1, 'refresh': 7200, 'retry': 900, 'expire': 1209600, 'minttl': 86400}, {'name': 'social.reset.tech', 'ns': 'ns-999.awsdns-60.net', 'mailbox': 'awsdns-hostmaster.amazon.com', 'serial': 1, 'refresh': 7200, 'retry': 900, 'expire': 1209600, 'minttl': 86400}, {'name': 'social.reset.tech', 'ns': 'ns-999.awsdns-60.net', 'mailbox': 'awsdns-hostmaster.amazon.com', 'serial': 1, 'refresh': 7200, 'retry': 900, 'expire': 1209600, 'minttl': 86400}, {'name': 'social.reset.tech', 'ns': 'ns-999.awsdns-60.net', 'mailbox': 'awsdns-hostmaster.amazon.com', 'serial': 1, 'refresh': 7200, 'retry': 900, 'expire': 1209600, 'minttl': 86400}",NOERROR,v=spf1 include:mailgun.org ~all,,,"ns-1267.awsdns-30.org, ns-999.awsdns-60.net, ns-1748.awsdns-26.co.uk, ns-37.awsdns-04.com",,,
[x],status.opentech.fund,300,"34.251.254.58, 34.247.144.65, 46.137.152.200",,"{'name': 'pdint.net', 'ns': 'ns-1324.awsdns-37.org', 'mailbox': 'awsdns-hostmaster.amazon.com', 'serial': 1, 'refresh': 7200, 'retry': 900, 'expire': 1209600, 'minttl': 86400}, {'name': 'pdint.net', 'ns': 'ns-1324.awsdns-37.org', 'mailbox': 'awsdns-hostmaster.amazon.com', 'serial': 1, 'refresh': 7200, 'retry': 900, 'expire': 1209600, 'minttl': 86400}, {'name': 'pdint.net', 'ns': 'ns-1324.awsdns-37.org', 'mailbox': 'awsdns-hostmaster.amazon.com', 'serial': 1, 'refresh': 7200, 'retry': 900, 'expire': 1209600, 'minttl': 86400}, {'name': 'pdint.net', 'ns': 'ns-1324.awsdns-37.org', 'mailbox': 'awsdns-hostmaster.amazon.com', 'serial': 1, 'refresh': 7200, 'retry': 900, 'expire': 1209600, 'minttl': 86400}, {'name': 'pdint.net', 'ns': 'ns-1324.awsdns-37.org', 'mailbox': 'awsdns-hostmaster.amazon.com', 'serial': 1, 'refresh': 7200, 'retry': 900, 'expire': 1209600, 'minttl': 86400}",NOERROR,,"stats.pingdom.com, prod-public-reports.pdint.net",,,,,
[x],test-api.opentech.fund,300,"172.66.43.105, 172.66.40.151","2606:4700:3108::ac42:2897, 2606:4700:3108::ac42:2b69","{'name': 'opentech.fund', 'ns': 'may.ns.cloudflare.com', 'mailbox': 'dns.cloudflare.com', 'serial': 2336539868, 'refresh': 10000, 'retry': 2400, 'expire': 604800, 'minttl': 1800}, {'name': 'opentech.fund', 'ns': 'may.ns.cloudflare.com', 'mailbox': 'dns.cloudflare.com', 'serial': 2336539868, 'refresh': 10000, 'retry': 2400, 'expire': 604800, 'minttl': 1800}, {'name': 'opentech.fund', 'ns': 'may.ns.cloudflare.com', 'mailbox': 'dns.cloudflare.com', 'serial': 2336539868, 'refresh': 10000, 'retry': 2400, 'expire': 604800, 'minttl': 1800}, {'name': 'opentech.fund', 'ns': 'may.ns.cloudflare.com', 'mailbox': 'dns.cloudflare.com', 'serial': 2336539868, 'refresh': 10000, 'retry': 2400, 'expire': 604800, 'minttl': 1800}, {'name': 'opentech.fund', 'ns': 'may.ns.cloudflare.com', 'mailbox': 'dns.cloudflare.com', 'serial': 2336539868, 'refresh': 10000, 'retry': 2400, 'expire': 604800, 'minttl': 1800}",NOERROR,,,,,,,
[x],test-private.opentech.fund,300,"172.66.40.151, 172.66.43.105","2606:4700:3108::ac42:2897, 2606:4700:3108::ac42:2b69","{'name': 'opentech.fund', 'ns': 'may.ns.cloudflare.com', 'mailbox': 'dns.cloudflare.com', 'serial': 2336539868, 'refresh': 10000, 'retry': 2400, 'expire': 604800, 'minttl': 1800}, {'name': 'opentech.fund', 'ns': 'may.ns.cloudflare.com', 'mailbox': 'dns.cloudflare.com', 'serial': 2336539868, 'refresh': 10000, 'retry': 2400, 'expire': 604800, 'minttl': 1800}, {'name': 'opentech.fund', 'ns': 'may.ns.cloudflare.com', 'mailbox': 'dns.cloudflare.com', 'serial': 2336539868, 'refresh': 10000, 'retry': 2400, 'expire': 604800, 'minttl': 1800}, {'name': 'opentech.fund', 'ns': 'may.ns.cloudflare.com', 'mailbox': 'dns.cloudflare.com', 'serial': 2336539868, 'refresh': 10000, 'retry': 2400, 'expire': 604800, 'minttl': 1800}, {'name': 'opentech.fund', 'ns': 'may.ns.cloudflare.com', 'mailbox': 'dns.cloudflare.com', 'serial': 2336539868, 'refresh': 10000, 'retry': 2400, 'expire': 604800, 'minttl': 1800}",NOERROR,,,,,,,
[x],test-public.reset.tech,300,"172.67.75.53, 104.26.12.228, 104.26.13.228",,"{'name': 'reset.tech', 'ns': 'guss.ns.cloudflare.com', 'mailbox': 'dns.cloudflare.com', 'serial': 2337011255, 'refresh': 10000, 'retry': 2400, 'expire': 604800, 'minttl': 1800}, {'name': 'reset.tech', 'ns': 'guss.ns.cloudflare.com', 'mailbox': 'dns.cloudflare.com', 'serial': 2337011255, 'refresh': 10000, 'retry': 2400, 'expire': 604800, 'minttl': 1800}, {'name': 'reset.tech', 'ns': 'guss.ns.cloudflare.com', 'mailbox': 'dns.cloudflare.com', 'serial': 2337011255, 'refresh': 10000, 'retry': 2400, 'expire': 604800, 'minttl': 1800}, {'name': 'reset.tech', 'ns': 'guss.ns.cloudflare.com', 'mailbox': 'dns.cloudflare.com', 'serial': 2337011255, 'refresh': 10000, 'retry': 2400, 'expire': 604800, 'minttl': 1800}, {'name': 'reset.tech', 'ns': 'guss.ns.cloudflare.com', 'mailbox': 'dns.cloudflare.com', 'serial': 2337011255, 'refresh': 10000, 'retry': 2400, 'expire': 604800, 'minttl': 1800}",NOERROR,,,,,,,
[x],test.opentech.fund,300,"172.66.43.105, 172.66.40.151","2606:4700:3108::ac42:2b69, 2606:4700:3108::ac42:2897","{'name': 'opentech.fund', 'ns': 'may.ns.cloudflare.com', 'mailbox': 'dns.cloudflare.com', 'serial': 2336539868, 'refresh': 10000, 'retry': 2400, 'expire': 604800, 'minttl': 1800}, {'name': 'opentech.fund', 'ns': 'may.ns.cloudflare.com', 'mailbox': 'dns.cloudflare.com', 'serial': 2336539868, 'refresh': 10000, 'retry': 2400, 'expire': 604800, 'minttl': 1800}, {'name': 'opentech.fund', 'ns': 'may.ns.cloudflare.com', 'mailbox': 'dns.cloudflare.com', 'serial': 2336539868, 'refresh': 10000, 'retry': 2400, 'expire': 604800, 'minttl': 1800}, {'name': 'opentech.fund', 'ns': 'may.ns.cloudflare.com', 'mailbox': 'dns.cloudflare.com', 'serial': 2336539868, 'refresh': 10000, 'retry': 2400, 'expire': 604800, 'minttl': 1800}, {'name': 'opentech.fund', 'ns': 'may.ns.cloudflare.com', 'mailbox': 'dns.cloudflare.com', 'serial': 2336539868, 'refresh': 10000, 'retry': 2400, 'expire': 604800, 'minttl': 1800}, {'name': 'opentech.fund', 'ns': 'may.ns.cloudflare.com', 'mailbox': 'dns.cloudflare.com', 'serial': 2336539868, 'refresh': 10000, 'retry': 2400, 'expire': 604800, 'minttl': 1800}",NOERROR,,,,,,,
[x],update.reset.tech,1800,,,"{'name': 'reset.tech', 'ns': 'guss.ns.cloudflare.com', 'mailbox': 'dns.cloudflare.com', 'serial': 2337011255, 'refresh': 10000, 'retry': 2400, 'expire': 604800, 'minttl': 1800}, {'name': 'reset.tech', 'ns': 'guss.ns.cloudflare.com', 'mailbox': 'dns.cloudflare.com', 'serial': 2337011255, 'refresh': 10000, 'retry': 2400, 'expire': 604800, 'minttl': 1800}, {'name': 'reset.tech', 'ns': 'guss.ns.cloudflare.com', 'mailbox': 'dns.cloudflare.com', 'serial': 2337011255, 'refresh': 10000, 'retry': 2400, 'expire': 604800, 'minttl': 1800}, {'name': 'reset.tech', 'ns': 'guss.ns.cloudflare.com', 'mailbox': 'dns.cloudflare.com', 'serial': 2337011255, 'refresh': 10000, 'retry': 2400, 'expire': 604800, 'minttl': 1800}, {'name': 'reset.tech', 'ns': 'guss.ns.cloudflare.com', 'mailbox': 'dns.cloudflare.com', 'serial': 2337011255, 'refresh': 10000, 'retry': 2400, 'expire': 604800, 'minttl': 1800}, {'name': 'reset.tech', 'ns': 'guss.ns.cloudflare.com', 'mailbox': 'dns.cloudflare.com', 'serial': 2337011255, 'refresh': 10000, 'retry': 2400, 'expire': 604800, 'minttl': 1800}",NOERROR,,,,,,,
[x],we.opentech.fund,300,184.105.99.75,2602:fd3f:3:ff02::4b,"{'name': 'bydiscourse.com', 'ns': 'ns-885.awsdns-46.net', 'mailbox': 'awsdns-hostmaster.amazon.com', 'serial': 1, 'refresh': 7200, 'retry': 900, 'expire': 1209600, 'minttl': 86400}, {'name': 'bydiscourse.com', 'ns': 'ns-885.awsdns-46.net', 'mailbox': 'awsdns-hostmaster.amazon.com', 'serial': 1, 'refresh': 7200, 'retry': 900, 'expire': 1209600, 'minttl': 86400}",NOERROR,,opentech.bydiscourse.com,,,,,
[x],www.opentech.fund,300,"172.66.43.105, 172.66.40.151",,"{'name': 'opentech.fund', 'ns': 'may.ns.cloudflare.com', 'mailbox': 'dns.cloudflare.com', 'serial': 2336539868, 'refresh': 10000, 'retry': 2400, 'expire': 604800, 'minttl': 1800}, {'name': 'opentech.fund', 'ns': 'may.ns.cloudflare.com', 'mailbox': 'dns.cloudflare.com', 'serial': 2336539868, 'refresh': 10000, 'retry': 2400, 'expire': 604800, 'minttl': 1800}, {'name': 'opentech.fund', 'ns': 'may.ns.cloudflare.com', 'mailbox': 'dns.cloudflare.com', 'serial': 2336539868, 'refresh': 10000, 'retry': 2400, 'expire': 604800, 'minttl': 1800}, {'name': 'opentech.fund', 'ns': 'may.ns.cloudflare.com', 'mailbox': 'dns.cloudflare.com', 'serial': 2336539868, 'refresh': 10000, 'retry': 2400, 'expire': 604800, 'minttl': 1800}, {'name': 'opentech.fund', 'ns': 'may.ns.cloudflare.com', 'mailbox': 'dns.cloudflare.com', 'serial': 2336539868, 'refresh': 10000, 'retry': 2400, 'expire': 604800, 'minttl': 1800}",NOERROR,,,,,,,
[x],www.reset.tech,300,"104.26.12.228, 104.26.13.228, 172.67.75.53","2606:4700:20::681a:ce4, 2606:4700:20::681a:de4, 2606:4700:20::ac43:4b35","{'name': 'reset.tech', 'ns': 'guss.ns.cloudflare.com', 'mailbox': 'dns.cloudflare.com', 'serial': 2337011255, 'refresh': 10000, 'retry': 2400, 'expire': 604800, 'minttl': 1800}, {'name': 'reset.tech', 'ns': 'guss.ns.cloudflare.com', 'mailbox': 'dns.cloudflare.com', 'serial': 2337011255, 'refresh': 10000, 'retry': 2400, 'expire': 604800, 'minttl': 1800}, {'name': 'reset.tech', 'ns': 'guss.ns.cloudflare.com', 'mailbox': 'dns.cloudflare.com', 'serial': 2337011255, 'refresh': 10000, 'retry': 2400, 'expire': 604800, 'minttl': 1800}, {'name': 'reset.tech', 'ns': 'guss.ns.cloudflare.com', 'mailbox': 'dns.cloudflare.com', 'serial': 2337011255, 'refresh': 10000, 'retry': 2400, 'expire': 604800, 'minttl': 1800}, {'name': 'reset.tech', 'ns': 'guss.ns.cloudflare.com', 'mailbox': 'dns.cloudflare.com', 'serial': 2337011255, 'refresh': 10000, 'retry': 2400, 'expire': 604800, 'minttl': 1800}",NOERROR,,,,,,,
[x],www.we.opentech.fund,1800,,,"{'name': 'opentech.fund', 'ns': 'may.ns.cloudflare.com', 'mailbox': 'dns.cloudflare.com', 'serial': 2336539868, 'refresh': 10000, 'retry': 2400, 'expire': 604800, 'minttl': 1800}, {'name': 'opentech.fund', 'ns': 'may.ns.cloudflare.com', 'mailbox': 'dns.cloudflare.com', 'serial': 2336539868, 'refresh': 10000, 'retry': 2400, 'expire': 604800, 'minttl': 1800}, {'name': 'opentech.fund', 'ns': 'may.ns.cloudflare.com', 'mailbox': 'dns.cloudflare.com', 'serial': 2336539868, 'refresh': 10000, 'retry': 2400, 'expire': 604800, 'minttl': 1800}, {'name': 'opentech.fund', 'ns': 'may.ns.cloudflare.com', 'mailbox': 'dns.cloudflare.com', 'serial': 2336539868, 'refresh': 10000, 'retry': 2400, 'expire': 604800, 'minttl': 1800}, {'name': 'opentech.fund', 'ns': 'may.ns.cloudflare.com', 'mailbox': 'dns.cloudflare.com', 'serial': 2336539868, 'refresh': 10000, 'retry': 2400, 'expire': 604800, 'minttl': 1800}, {'name': 'opentech.fund', 'ns': 'may.ns.cloudflare.com', 'mailbox': 'dns.cloudflare.com', 'serial': 2336539868, 'refresh': 10000, 'retry': 2400, 'expire': 604800, 'minttl': 1800}",NOERROR,,,,,,,
