input,title,status_code,content_length,tls_host,tls_port,tls_probe_status,tls_tls_version,tls_cipher,tls_not_before,tls_not_after,tls_subject_dn,tls_subject_cn,tls_subject_an_,tls_issuer_dn,tls_issuer_cn,tls_issuer_org_,tls_fingerprint_hash_md,tls_fingerprint_hash_sha,tls_tls_connection,tls_sni,cdn_name,port,url,scheme,webserver,content_type,method,host,path,favicon,a_,tech_,lines,failed,cdn,csp_domains_,final_url,tls_subject_org_,tls_wildcard_certificate,tls_mismatched
admin-api.aiven.io,,503,107,,,,,,,,,,,,,,,,,,google,80,http://admin-api.aiven.io:80,http,,text/html,GET,35.210.175.101,/,-1654418437,35.206.153.232,,4,False,True,,,,,
aiven.io,Aiven - The trusted open source data platform for everyone,200,416639,aiven.io,443,True,tls13,TLS_AES_128_GCM_SHA256,2023-06-02T11:45:05Z,2023-08-31T11:45:04Z,CN=aiven.io,aiven.io,aiven.io,"CN=R3, O=Let's Encrypt, C=US",R3,Let's Encrypt,98d1b0b827b74eeda275b3972305d078,4318cdbc5ecf58101db6b346e4436b09cd6c978d156aa7489cea94187670ff00,ctls,aiven.io,,443,https://aiven.io:443,https,Fly/a0b91024 (2023-06-13),text/html,GET,66.241.125.81,/,1044270643,2a09:8280:1::37:4b0,HSTS,125,False,,https://sanity.avnsmarketingtest.net,,,,
api.aiven.io,Aiven Console,200,4628,api.aiven.io,443,True,tls13,TLS_AES_256_GCM_SHA384,2023-07-31T06:28:05Z,2023-10-29T06:28:04Z,CN=api.aiven.io,api.aiven.io,rest.aiven.io,"CN=R3, O=Let's Encrypt, C=US",R3,Let's Encrypt,248ae2e7596170afc15fd5fdedf354a2,6ca41bc74e304f9bf9a3eb6aa9f57a76d131e1733928dea3c3f8f37f4168399a,ctls,api.aiven.io,google,443,https://api.aiven.io:443,https,,text/html,GET,35.210.172.207,/,681264032,35.210.123.188,HSTS,43,False,True,https://code.jquery.com,https://api.aiven.io:443/index.html,,,
aquarium-library.aiven.io,@storybook/cli - Storybook,200,3281,aquarium-library.aiven.io,443,True,tls13,TLS_AES_128_GCM_SHA256,2023-07-27T11:32:52Z,2023-10-25T11:32:51Z,CN=aquarium-library.aiven.io,aquarium-library.aiven.io,aquarium-library.aiven.io,"CN=R3, O=Let's Encrypt, C=US",R3,Let's Encrypt,7ed2d33223b14b1c923eec52064bbc68,7d67f3e33179c794311cdea7524b65789daba5282ba407878e4362ad5127ef3c,ctls,aquarium-library.aiven.io,cloudflare,443,https://aquarium-library.aiven.io:443,https,cloudflare,text/html,GET,188.114.97.3,/,1328440712,2a06:98c1:3121::d,HTTP/3,133,False,True,,,,,
blog.aiven.io,Aiven Blog | What's on in open source?,200,618468,aiven.io,443,True,tls13,TLS_AES_128_GCM_SHA256,2023-06-02T11:45:05Z,2023-08-31T11:45:04Z,CN=aiven.io,aiven.io,aiven.io,"CN=R3, O=Let's Encrypt, C=US",R3,Let's Encrypt,98d1b0b827b74eeda275b3972305d078,4318cdbc5ecf58101db6b346e4436b09cd6c978d156aa7489cea94187670ff00,ctls,aiven.io,cloudfront,443,https://blog.aiven.io:443,https,Fly/a0b91024 (2023-06-13),text/html,GET,52.222.139.62,/,745042220,2600:9000:21f3:7c00:1a:a719:5e40:93a1,HSTS,126,False,True,https://sanity.avnsmarketingtest.net,https://aiven.io/blog,,,
cdnjs.cloudflare.com,cdnjs.cloudflare.com,200,8867,cdnjs.cloudflare.com,443,True,tls13,TLS_AES_128_GCM_SHA256,2023-07-03T00:00:00Z,2024-07-02T23:59:59Z,"CN=sni.cloudflaressl.com, O=Cloudflare\, Inc., L=San Francisco, ST=California, C=US",sni.cloudflaressl.com,sni.cloudflaressl.com,"CN=Cloudflare Inc ECC CA-3, O=Cloudflare\, Inc., C=US",Cloudflare Inc ECC CA-3,"Cloudflare, Inc.",380a56ffb036e768cf453e6f16eb5414,d99edad76f5ae08716f33ea0a8348b84b7b098302d18d853e63c090619480754,ctls,cdnjs.cloudflare.com,cloudflare,443,https://cdnjs.cloudflare.com:443,https,cloudflare,text/html,GET,104.17.24.14,/,2023033722,2606:4700::6811:180e,HTTP/3,169,False,True,,,"Cloudflare, Inc.",True,
console-beta.aiven.io,404 Not Found,404,538,console-beta.aiven.io,443,True,tls13,TLS_AES_128_GCM_SHA256,2023-02-17T00:00:00Z,2023-11-28T23:59:59Z,CN=console-beta.aiven.io,console-beta.aiven.io,console-beta.aiven.io,"CN=Amazon RSA 2048 M02, O=Amazon, C=US",Amazon RSA 2048 M02,Amazon,0289be6be835502bbd72ecf8b8799cae,022fc8ada71a360640acc4acd97b72fb405b176c91f5a3796345e15242c31c9a,ctls,console-beta.aiven.io,cloudfront,443,https://console-beta.aiven.io:443,https,AmazonS3,text/html,GET,65.9.86.89,/,1324430311,2600:9000:2104:2a00:8:ed70:4dc0:93a1,Amazon Web Services,21,False,True,,,,,
console.aiven.io,Aiven Console,200,5304,console.aiven.io,443,True,tls13,TLS_AES_128_GCM_SHA256,2023-04-05T00:00:00Z,2024-04-04T23:59:59Z,"CN=sni.cloudflaressl.com, O=Cloudflare\, Inc., L=San Francisco, ST=California, C=US",sni.cloudflaressl.com,sni.cloudflaressl.com,"CN=Cloudflare Inc ECC CA-3, O=Cloudflare\, Inc., C=US",Cloudflare Inc ECC CA-3,"Cloudflare, Inc.",d9ce2bdea876b7e30ce06d03bbebb6e4,495d50bf4247b2c460681b7644b9c849ada8c5246b14fc59ec800599da77eb9d,ctls,console.aiven.io,cloudflare,443,https://console.aiven.io:443,https,cloudflare,text/html,GET,104.18.14.222,/,681264032,2606:4700::6812:fde,HTTP/3,43,False,True,https://code.jquery.com,,"Cloudflare, Inc.",,
console.aws.aiven.io,Aiven Console,200,5144,console.aws.aiven.io,443,True,tls13,TLS_AES_128_GCM_SHA256,2023-05-11T00:00:00Z,2024-05-09T23:59:59Z,"CN=sni.cloudflaressl.com, O=Cloudflare\, Inc., L=San Francisco, ST=California, C=US",sni.cloudflaressl.com,console.aws.aiven.io,"CN=Cloudflare Inc ECC CA-3, O=Cloudflare\, Inc., C=US",Cloudflare Inc ECC CA-3,"Cloudflare, Inc.",f5cdd59b18d19d84fc37540c14eaae34,f2f73c10b2526a4d631cb6ae2f696ec157465336eb5877c66bd9e669fbc8521c,ctls,console.aws.aiven.io,cloudflare,443,https://console.aws.aiven.io:443,https,cloudflare,text/html,GET,104.18.15.222,/,681264032,2606:4700::6812:fde,HTTP/3,43,False,True,https://code.jquery.com,,"Cloudflare, Inc.",,
console.azure.aiven.io,Aiven Console,200,5144,console.azure.aiven.io,443,True,tls13,TLS_AES_128_GCM_SHA256,2023-05-12T00:00:00Z,2024-05-10T23:59:59Z,"CN=sni.cloudflaressl.com, O=Cloudflare\, Inc., L=San Francisco, ST=California, C=US",sni.cloudflaressl.com,console.azure.aiven.io,"CN=Cloudflare Inc ECC CA-3, O=Cloudflare\, Inc., C=US",Cloudflare Inc ECC CA-3,"Cloudflare, Inc.",b580fb13d268cddbf9e1dddfdf776915,274a9d9d697230ddedda430ca32afddd415c0a59280566aa28e3a436fa80fd96,ctls,console.azure.aiven.io,cloudflare,443,https://console.azure.aiven.io:443,https,cloudflare,text/html,GET,104.18.14.222,/,681264032,2606:4700::6812:ede,HTTP/3,43,False,True,https://hooks.stripe.com,,"Cloudflare, Inc.",,
console.gcp.aiven.io,Aiven Console,200,5144,console.gcp.aiven.io,443,True,tls13,TLS_AES_128_GCM_SHA256,2023-05-12T00:00:00Z,2024-05-10T23:59:59Z,"CN=sni.cloudflaressl.com, O=Cloudflare\, Inc., L=San Francisco, ST=California, C=US",sni.cloudflaressl.com,console.gcp.aiven.io,"CN=Cloudflare Inc ECC CA-3, O=Cloudflare\, Inc., C=US",Cloudflare Inc ECC CA-3,"Cloudflare, Inc.",5694e908433f2a419a401193acd7b5cc,96b139416d373bb1b7c7757ba24e1588da4b067c490af0d52369bcad2ee45a2a,ctls,console.gcp.aiven.io,cloudflare,443,https://console.gcp.aiven.io:443,https,cloudflare,text/html,GET,104.18.15.222,/,681264032,2606:4700::6812:fde,HTTP/3,43,False,True,https://app.qualified.com,,"Cloudflare, Inc.",,
dc.aiven.io,,404,13,dc.aiven.io,443,True,tls13,TLS_AES_128_GCM_SHA256,2023-06-08T01:12:16Z,2023-09-06T02:06:30Z,CN=dc.aiven.io,dc.aiven.io,dc.aiven.io,"CN=GTS CA 1D4, O=Google Trust Services LLC, C=US",GTS CA 1D4,Google Trust Services LLC,4360e288e7d21f402468decf6ad1b0e0,639da47962646107f5c781d065a7248d96d5122429f3dfbd90ef683ba64b38d6,ctls,dc.aiven.io,google,443,https://dc.aiven.io:443,https,akka-http/10.2.7,text/plain,GET,34.111.28.193,/,-1420358624,2600:1901:0:ff04::1,HTTP/3,1,False,True,,,,,
developer.aiven.io,Aiven,200,200976,docs.aiven.io,443,True,tls13,TLS_AES_128_GCM_SHA256,2023-06-14T18:16:40Z,2023-09-12T18:16:39Z,CN=docs.aiven.io,docs.aiven.io,docs.aiven.io,"CN=R3, O=Let's Encrypt, C=US",R3,Let's Encrypt,1eeb4b6730e90db12b64ae2609b81700,0e9111fcf4d228546bdd843f712c36ae02a68280cfb30a0bc167bda24f3b2bd4,ctls,docs.aiven.io,cloudfront,443,https://developer.aiven.io:443,https,cloudflare,text/html,GET,13.227.219.30,/,2128326163,2600:9000:21c7:de00:1d:7404:b300:93a1,Pygments,2010,False,True,,https://docs.aiven.io/,,,
developers.aiven.io,Aiven,200,200976,docs.aiven.io,443,True,tls13,TLS_AES_128_GCM_SHA256,2023-06-14T18:16:40Z,2023-09-12T18:16:39Z,CN=docs.aiven.io,docs.aiven.io,docs.aiven.io,"CN=R3, O=Let's Encrypt, C=US",R3,Let's Encrypt,1eeb4b6730e90db12b64ae2609b81700,0e9111fcf4d228546bdd843f712c36ae02a68280cfb30a0bc167bda24f3b2bd4,ctls,docs.aiven.io,cloudfront,443,https://developers.aiven.io:443,https,cloudflare,text/html,GET,108.138.7.79,/,755200686,108.138.7.90,Pygments,2010,False,True,,https://docs.aiven.io/,,,
docs.aiven.io,Aiven,200,200976,docs.aiven.io,443,True,tls13,TLS_AES_128_GCM_SHA256,2023-06-14T18:16:40Z,2023-09-12T18:16:39Z,CN=docs.aiven.io,docs.aiven.io,docs.aiven.io,"CN=R3, O=Let's Encrypt, C=US",R3,Let's Encrypt,1eeb4b6730e90db12b64ae2609b81700,0e9111fcf4d228546bdd843f712c36ae02a68280cfb30a0bc167bda24f3b2bd4,ctls,docs.aiven.io,cloudflare,443,https://docs.aiven.io:443,https,cloudflare,text/html,GET,172.66.47.111,/,-550806174,2606:4700:310c::ac42:2c91,Pygments,2010,False,True,,,,,
fonts.googleapis.com,Error 404 (Not Found)!!1,404,1607,fonts.googleapis.com,443,True,tls13,TLS_AES_128_GCM_SHA256,2023-07-10T08:21:11Z,2023-10-02T08:21:10Z,CN=upload.video.google.com,upload.video.google.com,bg-call-donation-dev.goog,"CN=GTS CA 1C3, O=Google Trust Services LLC, C=US",GTS CA 1C3,Google Trust Services LLC,cfdd2a66ea8991c3f2f91f40dc09979d,7d05a79814e48a6c7c101d22747c11252dd8bf06349505306f205a97d0a1ca85,ctls,fonts.googleapis.com,,443,https://fonts.googleapis.com:443,https,ESF,text/html,GET,142.250.185.234,/,-606046040,2a00:1450:4001:827::200a,HTTP/3,1,False,,,,,True,
go.aiven.io,Aiven - The trusted open source data platform for everyone,200,416639,aiven.io,443,True,tls13,TLS_AES_128_GCM_SHA256,2023-06-02T11:45:05Z,2023-08-31T11:45:04Z,CN=aiven.io,aiven.io,aiven.io,"CN=R3, O=Let's Encrypt, C=US",R3,Let's Encrypt,98d1b0b827b74eeda275b3972305d078,4318cdbc5ecf58101db6b346e4436b09cd6c978d156aa7489cea94187670ff00,ctls,aiven.io,,443,https://go.aiven.io:443,https,Fly/a0b91024 (2023-06-13),text/html,GET,3.92.120.28,/,-1840324437,34.237.219.119,HSTS,125,False,,https://sanity.avnsmarketingtest.net,https://aiven.io,,,
handbook.aiven.io,Sign in to GitHub · GitHub,200,34054,github.com,443,True,tls13,TLS_AES_128_GCM_SHA256,2023-02-14T00:00:00Z,2024-03-14T23:59:59Z,"CN=github.com, O=GitHub\, Inc., L=San Francisco, ST=California, C=US",github.com,www.github.com,"CN=DigiCert TLS Hybrid ECC SHA384 2020 CA1, O=DigiCert Inc, C=US",DigiCert TLS Hybrid ECC SHA384 2020 CA1,DigiCert Inc,d7f89274a26995baaf99c5aac4ebe7d2,92a37fbd5e21a53a95c716e1144f442f582b94d0fafc673eb6717a4eb51a88a7,ctls,github.com,,443,https://handbook.aiven.io:443,https,GitHub.com,text/html,GET,185.199.111.153,/,1098644860,2606:50c0:8003::153,HSTS,435,False,,productionresultssa1.blob.core.windows.net/,https://github.com/login?return_to=%2Fpages%2Fauth%3Fnonce%3Dfa796aa0-4a99-4746-86b1-70bf6005bdf6%26page_id%3D35837834%26path%3DLw,"GitHub, Inc.",,
https://accounts.google.com,Sign in - Google Accounts,200,578152,accounts.google.com,443,True,tls13,TLS_AES_128_GCM_SHA256,2023-07-10T08:21:48Z,2023-10-02T08:21:47Z,CN=accounts.google.com,accounts.google.com,*.partner.android.com,"CN=GTS CA 1C3, O=Google Trust Services LLC, C=US",GTS CA 1C3,Google Trust Services LLC,9f3326ff4593e37a7af6a82ce4c770ba,3234e511b50209b2aff25a93e3fdd14f127b548394740cda2a61fc42cdaa5bfb,ctls,accounts.google.com,,443,https://accounts.google.com:443,https,ESF,text/html,GET,142.250.185.141,/,708578229,2a00:1450:4001:827::200d,HTTP/3,76,False,,,https://accounts.google.com/v3/signin/identifier?continue=https%3A%2F%2Faccounts.google.com%2F&followup=https%3A%2F%2Faccounts.google.com%2F&ifkv=AeDOFXjCwD8bzMPKJm-9IwT-PDHBqXt6LbTvgqtcpZd3wnPrqWqDWrWCW3s9osOhLEh7z8mZx7armA&passive=1209600&flowName=GlifWebSignIn&flowEntry=ServiceLogin&dsh=S319608016%3A1690909891498974,,True,
https://analytics.google.com,Redirecting...,200,888,analytics.google.com,443,True,tls13,TLS_AES_128_GCM_SHA256,2023-07-10T08:16:18Z,2023-10-02T08:16:17Z,CN=*.google.com,*.google.com,source.android.google.cn,"CN=GTS CA 1C3, O=Google Trust Services LLC, C=US",GTS CA 1C3,Google Trust Services LLC,dae25a43a6936128ed1b8afa4c2d653b,d9400a529522e19c31ee576709e351b1773254f9bfac91a668c893a61999d5fa,ctls,analytics.google.com,,443,https://analytics.google.com:443,https,ESF,text/html,GET,216.239.34.181,/,302920777,2001:4860:4802:36::181,HTTP/3,1,False,,http:,https://analytics.google.com/analytics/web/,,True,
https://api.stripe.com,,404,361,api.stripe.com,443,True,tls13,TLS_AES_256_GCM_SHA384,2023-06-28T00:00:00Z,2023-09-30T23:59:59Z,"CN=api.stripe.com, O=Stripe\, Inc, L=South San Francisco, ST=California, C=US, serialNumber=4675506, businessCategory=Private Organization, jurisdictionStateOrProvince=Delaware, jurisdictionCountry=US, businessCategory=Private Organization, jurisdictionStateOrProvince=Delaware, jurisdictionCountry=US",api.stripe.com,api.stripe.com,"CN=DigiCert SHA2 Extended Validation Server CA, OU=www.digicert.com, O=DigiCert Inc, C=US",DigiCert SHA2 Extended Validation Server CA,DigiCert Inc,914de4d3a6dd2c515965b4dac6d60935,eae9a9c06d882889526eb741fe8ee5300862fc4ab0b2602a4511cc0d28601cb9,ctls,api.stripe.com,,443,https://api.stripe.com:443,https,nginx,application/json,GET,34.241.202.139,/,-2122229022,34.240.123.193,Nginx,7,False,,,,"Stripe, Inc",,
https://app.qualified.com,Sign In,200,29405,www.qualified.com,443,True,tls13,TLS_AES_128_GCM_SHA256,2023-06-29T23:31:44Z,2023-09-27T23:31:43Z,CN=www.qualified.com,www.qualified.com,www.qualified.com,"CN=R3, O=Let's Encrypt, C=US",R3,Let's Encrypt,13949bcd9adcee6c9f13e1cb907204ee,69dfd6e684ca71022163698d723658ff8a0d3d908f7481f3de2b2ef794771308,ctls,www.qualified.com,,443,https://app.qualified.com:443,https,,text/html,GET,52.71.4.213,/,-1647947680,54.211.223.24,Webflow,391,False,,,https://www.qualified.com/sign-in?redirect=%2F,,,
https://bat.bing.com,MSN,200,38236,www.msn.com,443,True,tls12,TLS_ECDHE_RSA_WITH_AES_256_GCM_SHA384,2022-09-08T23:53:46Z,2023-09-08T23:53:46Z,CN=*.msn.com,*.msn.com,*.msn.com.cn,"CN=Microsoft RSA TLS CA 01, O=Microsoft Corporation, C=US",Microsoft RSA TLS CA 01,Microsoft Corporation,bcf3f3ae5488dc6542289238fda18e98,8506ab3f9b6c840bf43b944b046683ee305041011c476e05ca2c67cd454f2f7a,ctls,www.msn.com,,443,https://bat.bing.com:443,https,,text/html,GET,204.79.197.200,/,1274734426,2620:1ec:c11::200,,77,False,,windows.msn.cn,https://www.msn.com/de-de,,True,
https://cdn.cookielaw.org,,400,351,cdn.cookielaw.org,443,True,tls13,TLS_AES_128_GCM_SHA256,2023-04-01T00:00:00Z,2024-03-31T23:59:59Z,"CN=cookielaw.org, O=Cloudflare\, Inc., L=San Francisco, ST=California, C=US",cookielaw.org,*.cookielaw.org,"CN=Cloudflare Inc ECC CA-3, O=Cloudflare\, Inc., C=US",Cloudflare Inc ECC CA-3,"Cloudflare, Inc.",37ab0e71043c8086e3dd0c243ddc96a0,5d2949ef89a4f8bcb4cd2993b031af4344263b2d584da9f9139d2aae7c6cbed2,ctls,cdn.cookielaw.org,cloudflare,443,https://cdn.cookielaw.org:443,https,cloudflare,application/xml,GET,104.18.169.114,/,-1366458943,2606:4700::6812:aa72,HSTS,3,False,True,,,"Cloudflare, Inc.",True,
https://cdn.dreamdata.cloud,Dreamdata CDN,200,309,cdn.dreamdata.cloud,443,True,tls13,TLS_AES_128_GCM_SHA256,2023-07-23T11:41:01Z,2023-10-21T12:35:15Z,CN=cdn.dreamdata.cloud,cdn.dreamdata.cloud,cdn.dreamdata.cloud,"CN=GTS CA 1D4, O=Google Trust Services LLC, C=US",GTS CA 1D4,Google Trust Services LLC,b7804479f59ebfe420aef5a4501fd2a1,01c5b651976c4e58c325d125e83c76b7b7ae5a6f6e3c18cbf24d0215bf8d543e,ctls,cdn.dreamdata.cloud,google,443,https://cdn.dreamdata.cloud:443,https,UploadServer,text/html,GET,34.120.220.80,/,368059994,34.120.220.80,HTTP/3,12,False,True,,,,,
https://cdnjs.cloudflare.com,cdnjs.cloudflare.com,200,8867,cdnjs.cloudflare.com,443,True,tls13,TLS_AES_128_GCM_SHA256,2023-07-03T00:00:00Z,2024-07-02T23:59:59Z,"CN=sni.cloudflaressl.com, O=Cloudflare\, Inc., L=San Francisco, ST=California, C=US",sni.cloudflaressl.com,sni.cloudflaressl.com,"CN=Cloudflare Inc ECC CA-3, O=Cloudflare\, Inc., C=US",Cloudflare Inc ECC CA-3,"Cloudflare, Inc.",380a56ffb036e768cf453e6f16eb5414,d99edad76f5ae08716f33ea0a8348b84b7b098302d18d853e63c090619480754,ctls,cdnjs.cloudflare.com,cloudflare,443,https://cdnjs.cloudflare.com:443,https,cloudflare,text/html,GET,104.17.24.14,/,2023033722,2606:4700::6811:180e,HTTP/3,169,False,True,,,"Cloudflare, Inc.",True,
https://code.jquery.com,jQuery CDN,200,21366,releases.jquery.com,443,True,tls12,TLS_ECDHE_RSA_WITH_AES_128_GCM_SHA256,2023-07-11T00:00:00Z,2024-07-14T23:59:59Z,CN=*.jquery.com,*.jquery.com,jquery.com,"CN=Sectigo RSA Domain Validation Secure Server CA, O=Sectigo Limited, L=Salford, ST=Greater Manchester, C=GB",Sectigo RSA Domain Validation Secure Server CA,Sectigo Limited,0d0748b17215db48e644e4474a5dbd30,b1ca3a23ba701d183fec99d7be6db2fd665f5ca77d7fc1fc16d1fd894bcc1534,ctls,releases.jquery.com,,443,https://code.jquery.com:443,https,nginx,text/html,GET,69.16.175.10,/,299032747,2001:4de0:ac18::1:a:2b,WordPress:4.5.2,463,False,,,https://releases.jquery.com/,,True,
https://console.aiven.io,Aiven Console,200,5304,console.aiven.io,443,True,tls13,TLS_AES_128_GCM_SHA256,2023-04-05T00:00:00Z,2024-04-04T23:59:59Z,"CN=sni.cloudflaressl.com, O=Cloudflare\, Inc., L=San Francisco, ST=California, C=US",sni.cloudflaressl.com,sni.cloudflaressl.com,"CN=Cloudflare Inc ECC CA-3, O=Cloudflare\, Inc., C=US",Cloudflare Inc ECC CA-3,"Cloudflare, Inc.",d9ce2bdea876b7e30ce06d03bbebb6e4,495d50bf4247b2c460681b7644b9c849ada8c5246b14fc59ec800599da77eb9d,ctls,console.aiven.io,cloudflare,443,https://console.aiven.io:443,https,cloudflare,text/html,GET,104.18.14.222,/,681264032,2606:4700::6812:fde,HTTP/3,43,False,True,https://hooks.stripe.com,,"Cloudflare, Inc.",,
https://go.aiven.io,Aiven - The trusted open source data platform for everyone,200,416639,aiven.io,443,True,tls13,TLS_AES_128_GCM_SHA256,2023-06-02T11:45:05Z,2023-08-31T11:45:04Z,CN=aiven.io,aiven.io,aiven.io,"CN=R3, O=Let's Encrypt, C=US",R3,Let's Encrypt,98d1b0b827b74eeda275b3972305d078,4318cdbc5ecf58101db6b346e4436b09cd6c978d156aa7489cea94187670ff00,ctls,aiven.io,,443,https://go.aiven.io:443,https,Fly/a0b91024 (2023-06-13),text/html,GET,3.92.120.28,/,-1840324437,34.237.219.119,HSTS,125,False,,https://sanity.avnsmarketingtest.net,https://aiven.io,,,
https://hooks.stripe.com,Stripe: Page not found,404,129,hooks.stripe.com,443,True,tls13,TLS_AES_256_GCM_SHA384,2023-05-25T00:00:00Z,2023-08-23T23:59:59Z,"CN=*.stripe.com, O=Stripe\, Inc, L=South San Francisco, ST=California, C=US",*.stripe.com,stripe.com,"CN=DigiCert TLS Hybrid ECC SHA384 2020 CA1, O=DigiCert Inc, C=US",DigiCert TLS Hybrid ECC SHA384 2020 CA1,DigiCert Inc,04d371f9bd83b05798a28793c8f81555,dd4ba587439eff71ab2362887b94519206aef53b21ef8cc9c73461d05e5275a2,ctls,hooks.stripe.com,,443,https://hooks.stripe.com:443,https,nginx,text/html,GET,54.194.97.239,/,-53539204,34.247.101.32,Nginx,1,False,,url=https://stripe.com/404,,"Stripe, Inc",True,
https://js.qualified.com,Sign In,200,29405,www.qualified.com,443,True,tls13,TLS_AES_128_GCM_SHA256,2023-06-29T23:31:44Z,2023-09-27T23:31:43Z,CN=www.qualified.com,www.qualified.com,www.qualified.com,"CN=R3, O=Let's Encrypt, C=US",R3,Let's Encrypt,13949bcd9adcee6c9f13e1cb907204ee,69dfd6e684ca71022163698d723658ff8a0d3d908f7481f3de2b2ef794771308,ctls,www.qualified.com,cloudflare,443,https://js.qualified.com:443,https,,text/html,GET,104.18.17.5,/,-1647947680,2606:4700::6812:1005,Webflow,391,False,True,,https://www.qualified.com/sign-in?redirect=%2F,,,
https://js.stripe.com,,404,243,js.stripe.com,443,True,tls13,TLS_AES_128_GCM_SHA256,2023-07-21T00:00:00Z,2023-11-16T23:59:59Z,"CN=a.stripecdn.com, O=Stripe\, Inc, L=South San Francisco, ST=California, C=US, serialNumber=4675506, businessCategory=Private Organization, jurisdictionStateOrProvince=Delaware, jurisdictionCountry=US, businessCategory=Private Organization, jurisdictionStateOrProvince=Delaware, jurisdictionCountry=US",a.stripecdn.com,buy.stripe.com,"CN=DigiCert SHA2 Extended Validation Server CA, OU=www.digicert.com, O=DigiCert Inc, C=US",DigiCert SHA2 Extended Validation Server CA,DigiCert Inc,15d600ab60b503cb918c23649d7c4c97,234a9b016547f865c31f46fbf75b08558a1229a7a58e8ae2ab8c7f0f44189057,ctls,js.stripe.com,cloudfront,443,https://js.stripe.com:443,https,Cloudfront,application/xml,GET,13.227.219.58,/,427083786,13.227.219.27,HTTP/3,2,False,True,,,"Stripe, Inc",,
https://login.microsoftonline.com,Sign in to your account,200,44191,login.microsoftonline.com,443,True,tls12,TLS_ECDHE_RSA_WITH_AES_256_GCM_SHA384,2023-06-01T00:00:00Z,2024-06-01T23:59:59Z,"CN=stamp2.login.microsoftonline.com, O=Microsoft Corporation, L=Redmond, ST=Washington, C=US",stamp2.login.microsoftonline.com,stamp2.login.microsoftonline-int.com,"CN=DigiCert SHA2 Secure Server CA, O=DigiCert Inc, C=US",DigiCert SHA2 Secure Server CA,DigiCert Inc,3e5363ca089bb6cd32f00c16e8c60c1d,722ffa737efee47ce8a79dd30a184c0967708de86a0c20d85e015d7c21075dee,ctls,login.microsoftonline.com,azure,443,https://login.microsoftonline.com:443,https,,text/html,GET,20.190.159.2,/,-1840324437,2603:1027:1:158::2,HSTS,95,False,True,,https://login.microsoftonline.com/common/oauth2/v2.0/authorize?client_id=4765445b-32c6-49b0-83e6-1d93765276ca&redirect_uri=https%3A%2F%2Fwww.office.com%2Flandingv2&response_type=code%20id_token&scope=openid%20profile%20https%3A%2F%2Fwww.office.com%2Fv2%2FOfficeHome.All&response_mode=form_post&nonce=638265066915536736.ODUzNzU1NDctYmQ2Ny00ZTI1LWI2MWEtMWRhZmJlYTQ5ZGFiYTBjMTkxZGUtMWRkNy00NDFmLThhZWMtMGM3MmVhYWQ2YjNl&ui_locales=en-US&mkt=en-US&state=GbmXlt18Snm8srHQ8dnT4O5rnAsEuL0DwOLtAPaP919BHpohDD1O5ZgTEIwN6T9yhec7cChIrRuDdtC6wQNWZF_zJlQqRCzfYL_I8dP01002e8HrKHvfzwEpHuty12RhNKxzvVz5LDlmMEGhTrjwi0K17YWsCyZw5POamW32vKbsVivPTfpcbLzAefBlvVJJvnFGIR-gsUJrqiglXDZorX1gOn3BNx_1y7M_2nPbx_Nt-85XbCwtyqAKxvkXbanh_LcTF9XY2qyZg68SpcoM4w&x-client-SKU=ID_NET6_0&x-client-ver=6.30.1.0,Microsoft Corporation,,
https://player.vimeo.com,Features and Tools | Vimeo,200,161954,vimeo.com,443,True,tls13,TLS_AES_128_GCM_SHA256,2022-09-21T00:00:00Z,2023-09-20T23:59:59Z,"CN=vimeo.com, O=Cloudflare\, Inc., L=San Francisco, ST=California, C=US",vimeo.com,vimeo.com,"CN=Cloudflare Inc ECC CA-3, O=Cloudflare\, Inc., C=US",Cloudflare Inc ECC CA-3,"Cloudflare, Inc.",abfbe98ee21ae761e7c907a2c2b11739,194c25b1c83430e1b8571f3a61c8671e0c371c345f741e485c2458d8b9e2a85b,ctls,vimeo.com,cloudflare,443,https://player.vimeo.com:443,https,cloudflare,text/html,GET,162.159.128.61,/,1154390870,162.159.138.60,Varnish,1367,False,True,https:,https://vimeo.com/features,"Cloudflare, Inc.",True,
https://sentry.io,Application Performance Monitoring & Error Tracking Software | Sentry,200,326646,sentry.io,443,True,tls12,TLS_ECDHE_RSA_WITH_AES_256_GCM_SHA384,2023-06-06T00:00:00Z,2024-07-06T23:59:59Z,"CN=sentry.io, O=Sentry, L=San Francisco, ST=California, C=US",sentry.io,docs.getsentry.com,"CN=DigiCert Global G2 TLS RSA SHA256 2020 CA1, O=DigiCert Inc, C=US",DigiCert Global G2 TLS RSA SHA256 2020 CA1,DigiCert Inc,8aa2a24875398028247e02e02bd6a18c,35ab2e5c10207ed42095c781cdb718a763c420eb2f9973c52aef4ca5b2f20449,ctls,sentry.io,google,443,https://sentry.io:443,https,nginx,text/html,GET,35.188.42.15,/,-1840324437,35.186.247.156,webpack,59,False,True,https://o1.ingest.sentry.io/api/1297627/security/?sentry_key=e811b9077ef64dcf8a279ec18a61b222,https://sentry.io/welcome/,Sentry,,
https://www.google-analytics.com,Analytics Tools & Solutions for Your Business - Google Analytics,200,118570,marketingplatform.google.com,443,True,tls13,TLS_AES_128_GCM_SHA256,2023-07-10T08:16:18Z,2023-10-02T08:16:17Z,CN=*.google.com,*.google.com,source.android.google.cn,"CN=GTS CA 1C3, O=Google Trust Services LLC, C=US",GTS CA 1C3,Google Trust Services LLC,dae25a43a6936128ed1b8afa4c2d653b,d9400a529522e19c31ee576709e351b1773254f9bfac91a668c893a61999d5fa,ctls,marketingplatform.google.com,,443,https://www.google-analytics.com:443,https,sffe,text/html,GET,142.250.181.238,/,302920777,2a00:1450:4001:80e::200e,HTTP/3,1833,False,,https://csp.withgoogle.com/csp/uxe-owners-acl/marketing_platform,https://marketingplatform.google.com/about/analytics/,,True,
https://www.googletagmanager.com,Error 400 (Bad Request)!!1,400,1555,www.googletagmanager.com,443,True,tls13,TLS_AES_128_GCM_SHA256,2023-07-10T08:16:15Z,2023-10-02T08:16:14Z,CN=*.google-analytics.com,*.google-analytics.com,www.googleoptimize.com,"CN=GTS CA 1C3, O=Google Trust Services LLC, C=US",GTS CA 1C3,Google Trust Services LLC,1c8fefbb8cb4afbb1c43de7e97d3502d,e0d7d78975428ef29c5f7c6749977f18abc39068f48ce83606ecd5f446a248b7,ctls,www.googletagmanager.com,,443,https://www.googletagmanager.com:443,https,Google Tag Manager,text/html,GET,172.217.16.200,/,302920777,2a00:1450:4001:831::2008,HTTP/3,12,False,,,,,True,True
https://www.youtube.com,YouTube,200,284673,m.youtube.com,443,True,tls13,TLS_AES_128_GCM_SHA256,2023-07-10T08:16:18Z,2023-10-02T08:16:17Z,CN=*.google.com,*.google.com,source.android.google.cn,"CN=GTS CA 1C3, O=Google Trust Services LLC, C=US",GTS CA 1C3,Google Trust Services LLC,dae25a43a6936128ed1b8afa4c2d653b,d9400a529522e19c31ee576709e351b1773254f9bfac91a668c893a61999d5fa,ctls,m.youtube.com,,443,https://www.youtube.com:443,https,ESF,text/html,GET,142.250.185.78,/,1179099333,2a00:1450:4001:828::200e,HTTP/3,13,False,,http:,https://m.youtube.com/,,True,True
iam.aiven.io,My Apps Dashboard | Aiven Oy,200,10804,iam.aiven.io,443,True,tls12,TLS_ECDHE_RSA_WITH_AES_128_GCM_SHA256,2023-07-23T18:56:43Z,2023-10-21T18:56:42Z,CN=iam.aiven.io,iam.aiven.io,iam.aiven.io,"CN=R3, O=Let's Encrypt, C=US",R3,Let's Encrypt,6545bc35745fd3867b7687b9b8eafb6a,530c2601ef04b6d346365f8d0e93daf9a4cf3b08ce38e1ad984f8e10213bc687,ctls,iam.aiven.io,,443,https://iam.aiven.io:443,https,nginx,text/html,GET,15.197.195.200,/,-599803935,3.33.238.178,Nginx,187,False,,cdn.pendo.io,https://iam.aiven.io/app/UserHome?iss=https%3A%2F%2Fiam.aiven.io&session_hint=AUTHENTICATED,,,
ideas.aiven.io,Aiven Ideas,200,53677,ideas.aiven.io,443,True,tls13,TLS_AES_128_GCM_SHA256,2023-07-18T00:00:00Z,2024-07-16T23:59:59Z,"CN=ideas.aiven.io, O=Cloudflare\, Inc., L=San Francisco, ST=California, C=US",ideas.aiven.io,ideas.aiven.io,"CN=Cloudflare Inc ECC CA-3, O=Cloudflare\, Inc., C=US",Cloudflare Inc ECC CA-3,"Cloudflare, Inc.",6721b206c8bb6d572a54b6cceb9d8dc7,3ed31092b6f75e951621d27c7241b0491b6fe2a9bb1097c779c7bd437f5911a3,ctls,ideas.aiven.io,cloudflare,443,https://ideas.aiven.io:443,https,cloudflare,text/html,GET,104.18.9.127,/,1670768533,2606:4700::6812:97f,Ruby on Rails,1307,False,True,,,"Cloudflare, Inc.",,
incident-management-docs.handbook.aiven.io,Sign in to GitHub · GitHub,200,34086,github.com,443,True,tls13,TLS_AES_128_GCM_SHA256,2023-02-14T00:00:00Z,2024-03-14T23:59:59Z,"CN=github.com, O=GitHub\, Inc., L=San Francisco, ST=California, C=US",github.com,www.github.com,"CN=DigiCert TLS Hybrid ECC SHA384 2020 CA1, O=DigiCert Inc, C=US",DigiCert TLS Hybrid ECC SHA384 2020 CA1,DigiCert Inc,d7f89274a26995baaf99c5aac4ebe7d2,92a37fbd5e21a53a95c716e1144f442f582b94d0fafc673eb6717a4eb51a88a7,ctls,github.com,,443,https://incident-management-docs.handbook.aiven.io:443,https,GitHub.com,text/html,GET,185.199.109.153,/,1555934327,2606:50c0:8003::153,HSTS,435,False,,identicons.github.com,https://github.com/login?return_to=%2Fpages%2Fauth%3Fnonce%3D0474eea8-e313-42e9-8ddb-20095bc74c11%26page_id%3D35042409%26path%3DLw,"GitHub, Inc.",,
landing.aiven.io,,200,16002,landing.aiven.io,443,True,tls13,TLS_AES_256_GCM_SHA384,2023-07-22T15:46:39Z,2023-10-20T15:46:38Z,CN=landing.aiven.io,landing.aiven.io,landing.aiven.io,"CN=R3, O=Let's Encrypt, C=US",R3,Let's Encrypt,58cb4f495801a0f1cba7c847c9125caf,46364516a12bbe016330d89c8b3b98b2321e7d94e94ca78f9f2c92af77e15680,ctls,landing.aiven.io,,443,https://landing.aiven.io:443,https,,text/html,GET,3.69.136.55,/,-1335621053,3.126.202.50,Unbounce,484,False,,,,,,
optanon.blob.core.windows.net,,400,351,optanon.blob.core.windows.net,443,True,tls12,TLS_ECDHE_RSA_WITH_AES_256_GCM_SHA384,2023-03-13T01:40:25Z,2024-03-13T01:40:25Z,CN=*.blob.core.windows.net,*.blob.core.windows.net,*.z50.blob.storage.azure.net,"CN=Microsoft RSA TLS CA 02, O=Microsoft Corporation, C=US",Microsoft RSA TLS CA 02,Microsoft Corporation,1863f6a6136c150483c876d0fd4288df,935387d3bc0a48958c7827c38578bc1c5078bab5dab3614dce671949f916212f,ctls,optanon.blob.core.windows.net,azure,443,https://optanon.blob.core.windows.net:443,https,Microsoft-HTTPAPI/2.0,application/xml,GET,52.239.137.4,/,442301008,52.239.137.4,Microsoft HTTPAPI:2.0,3,False,True,,,,True,
rest.aiven.io,Aiven Console,200,4628,rest.aiven.io,443,True,tls13,TLS_AES_256_GCM_SHA384,2023-07-31T06:28:05Z,2023-10-29T06:28:04Z,CN=api.aiven.io,api.aiven.io,rest.aiven.io,"CN=R3, O=Let's Encrypt, C=US",R3,Let's Encrypt,248ae2e7596170afc15fd5fdedf354a2,6ca41bc74e304f9bf9a3eb6aa9f57a76d131e1733928dea3c3f8f37f4168399a,ctls,rest.aiven.io,google,443,https://rest.aiven.io:443,https,,text/html,GET,35.210.26.225,/,681264032,35.210.129.29,HSTS,43,False,True,https://hooks.stripe.com,https://rest.aiven.io:443/index.html,,,
robjecter.aiven.io,Sign in to GitHub · GitHub,200,34054,github.com,443,True,tls13,TLS_AES_128_GCM_SHA256,2023-02-14T00:00:00Z,2024-03-14T23:59:59Z,"CN=github.com, O=GitHub\, Inc., L=San Francisco, ST=California, C=US",github.com,www.github.com,"CN=DigiCert TLS Hybrid ECC SHA384 2020 CA1, O=DigiCert Inc, C=US",DigiCert TLS Hybrid ECC SHA384 2020 CA1,DigiCert Inc,d7f89274a26995baaf99c5aac4ebe7d2,92a37fbd5e21a53a95c716e1144f442f582b94d0fafc673eb6717a4eb51a88a7,ctls,github.com,,443,https://robjecter.aiven.io:443,https,GitHub.com,text/html,GET,185.199.108.153,/,1530830341,2606:50c0:8000::153,HSTS,435,False,,customer-stories-feed.github.com,https://github.com/login?return_to=%2Fpages%2Fauth%3Fnonce%3Dd2e9cddb-2009-4bc7-8c11-53e273e99f28%26page_id%3D27068974%26path%3DLw,"GitHub, Inc.",,
status.aiven.io,Aiven Status,200,55621,status.aiven.io,443,True,tls13,TLS_AES_256_GCM_SHA384,2023-07-31T15:54:28Z,2023-10-29T15:54:27Z,CN=6bd21a3c.status.cleafy.cloud,6bd21a3c.status.cleafy.cloud,www.listennotesstatus.com,"CN=R3, O=Let's Encrypt, C=US",R3,Let's Encrypt,b0bf8b05c5d0c9c38caf99208d517f5f,bc604c8503a9fa67b04e0bf19dd57ff48e304f3fc4a6bf56154298eb0d295dc2,ctls,status.aiven.io,,443,https://status.aiven.io:443,https,,text/html,GET,52.215.192.131,/,-1840324437,52.215.192.131,HSTS,1205,False,,,,,,
support.aiven.io,Aiven - The trusted open source data platform for everyone,200,416639,aiven.io,443,True,tls13,TLS_AES_128_GCM_SHA256,2023-06-02T11:45:05Z,2023-08-31T11:45:04Z,CN=aiven.io,aiven.io,aiven.io,"CN=R3, O=Let's Encrypt, C=US",R3,Let's Encrypt,98d1b0b827b74eeda275b3972305d078,4318cdbc5ecf58101db6b346e4436b09cd6c978d156aa7489cea94187670ff00,ctls,aiven.io,cloudfront,443,https://support.aiven.io:443,https,Fly/a0b91024 (2023-06-13),text/html,GET,13.225.78.111,/,-1279921761,2600:9000:21f3:4000:1a:a719:5e40:93a1,HSTS,125,False,True,https://sanity.avnsmarketingtest.net,https://aiven.io/,,,
ts-admin.api.aiven.io,,503,107,,,,,,,,,,,,,,,,,,google,80,http://ts-admin.api.aiven.io:80,http,,text/html,GET,35.233.71.235,/,-1654418437,35.233.71.235,,4,False,True,,,,,
uptime.aiven.io,Uptime Conference by Aiven,200,65017,uptime.aiven.io,443,True,tls13,TLS_AES_128_GCM_SHA256,2023-06-14T23:39:37Z,2023-09-12T23:39:36Z,CN=uptime.aiven.io,uptime.aiven.io,uptime.aiven.io,"CN=R3, O=Let's Encrypt, C=US",R3,Let's Encrypt,8a704c86f6213a3cfb90dcaa399c6935,6638c3496a1ec7c3d6ee79097f8f54da4e61c067c5caeda9d1465884d8d19fc0,ctls,uptime.aiven.io,,443,https://uptime.aiven.io:443,https,Fly/a0b91024 (2023-06-13),text/html,GET,149.248.194.52,/,67820229,2a09:8280:1::3:a38f,HSTS,89,False,,,,,,
web-library.aiven.io,Webpack App,200,2303,web-library.aiven.io,443,True,tls13,TLS_AES_128_GCM_SHA256,2023-06-11T11:37:04Z,2023-09-09T11:37:03Z,CN=web-library.aiven.io,web-library.aiven.io,web-library.aiven.io,"CN=R3, O=Let's Encrypt, C=US",R3,Let's Encrypt,835314a464e28cfd9c31cc8dfb3074d5,3690e3a1a233e90b7f8e24cc5b822f955bac32eb35b28c74733d1e2f7a6b11d2,ctls,web-library.aiven.io,cloudflare,443,https://web-library.aiven.io:443,https,cloudflare,text/html,GET,188.114.97.3,/,1574384512,2a06:98c1:3121::3,HTTP/3,59,False,True,,,,,
www.aiven.io,Aiven - The trusted open source data platform for everyone,200,416639,aiven.io,443,True,tls13,TLS_AES_128_GCM_SHA256,2023-06-02T11:45:05Z,2023-08-31T11:45:04Z,CN=aiven.io,aiven.io,aiven.io,"CN=R3, O=Let's Encrypt, C=US",R3,Let's Encrypt,98d1b0b827b74eeda275b3972305d078,4318cdbc5ecf58101db6b346e4436b09cd6c978d156aa7489cea94187670ff00,ctls,aiven.io,cloudfront,443,https://www.aiven.io:443,https,Fly/a0b91024 (2023-06-13),text/html,GET,18.65.39.80,/,1044270643,2600:9000:238d:ca00:1:662:e5c0:93a1,HSTS,125,False,True,https://sanity.avnsmarketingtest.net,https://aiven.io/,,,
