input,title,status_code,content_length,tls_host,tls_port,tls_probe_status,tls_tls_version,tls_cipher,tls_not_before,tls_not_after,tls_subject_dn,tls_subject_cn,tls_subject_org_,tls_subject_an_,tls_issuer_dn,tls_issuer_cn,tls_issuer_org_,tls_fingerprint_hash_md,tls_fingerprint_hash_sha,tls_wildcard_certificate,tls_tls_connection,tls_sni,cdn_name,port,url,scheme,webserver,content_type,method,host,path,favicon,a_,tech_,lines,failed,cdn,csp_domains_,tls_mismatched,final_url
analytics.plaid.com,,404,,analytics.plaid.com,443,True,tls12,TLS_ECDHE_RSA_WITH_AES_128_GCM_SHA256,2023-06-12T00:00:00Z,2024-07-12T23:59:59Z,"CN=*.plaid.com, O=Plaid Inc, L=San Francisco, ST=California, C=US",*.plaid.com,Plaid Inc,plaid.com,"CN=DigiCert Global G2 TLS RSA SHA256 2020 CA1, O=DigiCert Inc, C=US",DigiCert Global G2 TLS RSA SHA256 2020 CA1,DigiCert Inc,530d181347a4fe4420932bf8e2fa022d,eb06e60fa7f3f6547212b14335e8b2f633391c728daac39e20055d6391104ce2,True,ctls,analytics.plaid.com,,443,https://analytics.plaid.com:443,https,nginx,text/plain,GET,3.93.214.11,/,-1840324437,54.167.209.39,Nginx,1,False,,,,
api.hosted-development.plaid.com,,404,52,api.hosted-development.plaid.com,443,True,tls13,TLS_AES_256_GCM_SHA384,2023-06-21T15:52:47Z,2023-09-19T15:52:46Z,CN=api.hosted-development.plaid.com,api.hosted-development.plaid.com,,api.hosted-development.plaid.com,"CN=R3, O=Let's Encrypt, C=US",R3,Let's Encrypt,7689cc6fdfef970856e16ab0df6fd81f,e58babcced6dfbd765c2c9930947325b8200069dfc79a4e9d433008cc92f3476,,ctls,api.hosted-development.plaid.com,,443,https://api.hosted-development.plaid.com:443,https,,application/json,GET,44.215.84.34,/,-1630264793,54.173.3.134,HSTS,1,False,,,,
api.hosted-sandbox.plaid.com,,404,52,api.hosted-sandbox.plaid.com,443,True,tls13,TLS_AES_256_GCM_SHA384,2023-06-21T15:58:40Z,2023-09-19T15:58:39Z,CN=api.hosted-sandbox.plaid.com,api.hosted-sandbox.plaid.com,,api.hosted-sandbox.plaid.com,"CN=R3, O=Let's Encrypt, C=US",R3,Let's Encrypt,fdcf25f83abc745ba88defb04adafa9e,544d7e6b58d0999a3d732fa39730567c41c736fd30ec8dd77a0acdeff9906908,,ctls,api.hosted-sandbox.plaid.com,,443,https://api.hosted-sandbox.plaid.com:443,https,,application/json,GET,3.208.127.188,/,-1630264793,44.214.243.174,HSTS,1,False,,,,
api.hosted.plaid.com,,404,52,api.hosted.plaid.com,443,True,tls13,TLS_AES_256_GCM_SHA384,2023-06-20T19:38:15Z,2023-09-18T19:38:14Z,CN=api.hosted.plaid.com,api.hosted.plaid.com,,api.hosted.plaid.com,"CN=R3, O=Let's Encrypt, C=US",R3,Let's Encrypt,47b16c717dc147e77eec95c6652dcc9b,42569113a7d20a4c42fb71c74aa05de522343f85f9f2289a8cead0003cd3b4a5,,ctls,api.hosted.plaid.com,,443,https://api.hosted.plaid.com:443,https,,application/json,GET,35.173.23.28,/,-1630264793,54.210.118.170,HSTS,1,False,,,,
api.my-commits.plaid.com,The convenient way to manage your financial data | Plaid,200,1086,my-sandbox.plaid.com,443,True,tls13,TLS_AES_128_GCM_SHA256,2023-06-12T00:00:00Z,2024-07-12T23:59:59Z,"CN=*.plaid.com, O=Plaid Inc, L=San Francisco, ST=California, C=US",*.plaid.com,Plaid Inc,plaid.com,"CN=DigiCert Global G2 TLS RSA SHA256 2020 CA1, O=DigiCert Inc, C=US",DigiCert Global G2 TLS RSA SHA256 2020 CA1,DigiCert Inc,530d181347a4fe4420932bf8e2fa022d,eb06e60fa7f3f6547212b14335e8b2f633391c728daac39e20055d6391104ce2,True,ctls,my-sandbox.plaid.com,,443,https://api.my-commits.plaid.com:443,https,AmazonS3,text/html,GET,3.219.101.216,/,873748381,44.214.243.174,HSTS,1,False,,cdn.plaid.com,,https://my-sandbox.plaid.com/
api.my-development.plaid.com,The convenient way to manage your financial data | Plaid,200,1086,my-development.plaid.com,443,True,tls13,TLS_AES_128_GCM_SHA256,2023-06-12T00:00:00Z,2024-07-12T23:59:59Z,"CN=*.plaid.com, O=Plaid Inc, L=San Francisco, ST=California, C=US",*.plaid.com,Plaid Inc,plaid.com,"CN=DigiCert Global G2 TLS RSA SHA256 2020 CA1, O=DigiCert Inc, C=US",DigiCert Global G2 TLS RSA SHA256 2020 CA1,DigiCert Inc,530d181347a4fe4420932bf8e2fa022d,eb06e60fa7f3f6547212b14335e8b2f633391c728daac39e20055d6391104ce2,True,ctls,my-development.plaid.com,,443,https://api.my-development.plaid.com:443,https,AmazonS3,text/html,GET,44.215.84.34,/,1725233395,54.174.111.227,HSTS,1,False,,https://analytics.plaid.com/sentry/api/596/security/?sentry_key=0601c41a8f8a4253a3a813390e19601f,,https://my-development.plaid.com/
api.my-sandbox.plaid.com,The convenient way to manage your financial data | Plaid,200,1086,my-sandbox.plaid.com,443,True,tls13,TLS_AES_128_GCM_SHA256,2023-06-12T00:00:00Z,2024-07-12T23:59:59Z,"CN=*.plaid.com, O=Plaid Inc, L=San Francisco, ST=California, C=US",*.plaid.com,Plaid Inc,plaid.com,"CN=DigiCert Global G2 TLS RSA SHA256 2020 CA1, O=DigiCert Inc, C=US",DigiCert Global G2 TLS RSA SHA256 2020 CA1,DigiCert Inc,530d181347a4fe4420932bf8e2fa022d,eb06e60fa7f3f6547212b14335e8b2f633391c728daac39e20055d6391104ce2,True,ctls,my-sandbox.plaid.com,,443,https://api.my-sandbox.plaid.com:443,https,AmazonS3,text/html,GET,3.219.101.216,/,873748381,3.208.127.188,HSTS,1,False,,https://analytics.plaid.com/sentry/api/596/security/?sentry_key=0601c41a8f8a4253a3a813390e19601f,,https://my-sandbox.plaid.com/
api.my.plaid.com,The convenient way to manage your financial data | Plaid,200,1086,my.plaid.com,443,True,tls13,TLS_AES_128_GCM_SHA256,2023-06-14T00:00:00Z,2024-07-13T23:59:59Z,CN=plaid.com,plaid.com,,my.plaid.com,"CN=Amazon RSA 2048 M02, O=Amazon, C=US",Amazon RSA 2048 M02,Amazon,15b4c64aff06cbb09683402556f71a78,2dbf09c88781351cc9838b3dba9ebe72d3ea06537912bdb9c75a50494c4062b0,,ctls,my.plaid.com,,443,https://api.my.plaid.com:443,https,AmazonS3,text/html,GET,35.173.23.28,/,566134834,54.210.118.170,HSTS,1,False,,analytics.plaid.com,,https://my.plaid.com/
blog.plaid.com,Blog | Plaid,200,454348,plaid.com,443,True,tls13,TLS_AES_128_GCM_SHA256,2023-06-14T00:00:00Z,2024-07-13T23:59:59Z,CN=plaid.com,plaid.com,,my.plaid.com,"CN=Amazon RSA 2048 M02, O=Amazon, C=US",Amazon RSA 2048 M02,Amazon,15b4c64aff06cbb09683402556f71a78,2dbf09c88781351cc9838b3dba9ebe72d3ea06537912bdb9c75a50494c4062b0,,ctls,plaid.com,cloudfront,443,https://blog.plaid.com:443,https,AmazonS3,text/html,GET,143.204.215.39,/,860626144,143.204.215.4,React,8,False,True,,,https://plaid.com/blog/
brand.plaid.com,Login - Plaid Threads Brand,200,24562,brand.plaid.com,443,True,tls12,TLS_ECDHE_RSA_WITH_AES_128_GCM_SHA256,2022-11-04T00:00:00Z,2023-12-03T23:59:59Z,CN=brand.plaid.com,brand.plaid.com,,brand.plaid.com,"CN=Amazon RSA 2048 M01, O=Amazon, C=US",Amazon RSA 2048 M01,Amazon,51f3a4936f04fd063ab21194347eae89,a85f53625214141950c42ddd5272aabe6422110e423218bfe230c4483dbe6bd4,,ctls,brand.plaid.com,,443,https://brand.plaid.com:443,https,frontify,text/html,GET,3.216.98.230,/,-1410973608,54.85.106.31,PHP,174,False,,,,https://brand.plaid.com/auth/?referer=%2F
calendar.plaid.com,Plaid - Sign In,200,20909,plaid.okta.com,443,True,tls12,TLS_ECDHE_RSA_WITH_AES_128_GCM_SHA256,2023-05-22T00:00:00Z,2024-04-12T23:59:59Z,"CN=*.okta.com, O=Okta\, Inc., L=San Francisco, ST=California, C=US",*.okta.com,"Okta, Inc.",okta.com,"CN=DigiCert TLS RSA SHA256 2020 CA1, O=DigiCert Inc, C=US",DigiCert TLS RSA SHA256 2020 CA1,DigiCert Inc,acc0524426e03bda5ac8c153b81141e6,f175750cb39a3759a6c589307b799ceac53db8e46eab6e9a30490fce3aa77149,True,ctls,plaid.okta.com,,80,http://calendar.plaid.com:80,http,nginx,text/html,GET,142.250.184.243,/,203634158,2a00:1450:4001:831::2013,Nginx,496,False,,fonts.gstatic.com,,https://plaid.okta.com/app/google/exkbkyomoaHQ0HFTE2p7/sso/saml?SAMLRequest=fVJNT%2BMwEL2vtP%2FB8j2fCFhZTVAXhKgEuxFN97A315k0bh1P8Djt7r8nTVtRJOBmPT%2B%2Fj%2FFMbv61hm3BkUab8SSMOQOrsNJ2lfFFeR%2F84Df5928Tkq3pxLT3jX2Glx7Is%2BGlJTFeZLx3VqAkTcLKFkh4JebTp0eRhrHoHHpUaDib3WUcarvZNHaDujNNg7ZaA64bWG5WUq5NjUZBtdT1mrM%2Fp1jpPtaMqIeZJS%2BtH6A4vQji6yC9LOMLkSYiufrLWXF0%2BqntocFXsZYHEomHsiyC4ve8HAW2ugL3a2BnfIW4MhAqbPf2hSTS2wGupSHgbEoEzg8Bb9FS34Kbg9tqBYvnx4w33nckomi324VvMpGMOiN1dTgr4vk4WDF2c2cT%2FTq5PDnz%2FGPtSXQmmx8%2Fb99pdleg0eo%2FmxqDu1sH0g%2BFvOuHPvfoWuk%2Fd07CZER0FdQjVfSWOlC61lBxFuUH1%2FdbMuzOKw%3D%3D&RelayState=https%3A%2F%2Fwww.google.com%2Fa%2Fplaid.com%2FServiceLogin%3Fservice%3Dcl%26continue%3Dhttps%253A%252F%252Fcalendar.google.com%252Fcalendar%252F%26followup%3Dhttps%253A%252F%252Fcalendar.google.com%252Fcalendar%252F%26osid%3D1%26passive%3Dtrue
cdn-testing.plaid.com,,403,243,cdn-testing.plaid.com,443,True,tls13,TLS_AES_128_GCM_SHA256,2023-06-12T00:00:00Z,2024-07-12T23:59:59Z,"CN=*.plaid.com, O=Plaid Inc, L=San Francisco, ST=California, C=US",*.plaid.com,Plaid Inc,plaid.com,"CN=DigiCert Global G2 TLS RSA SHA256 2020 CA1, O=DigiCert Inc, C=US",DigiCert Global G2 TLS RSA SHA256 2020 CA1,DigiCert Inc,530d181347a4fe4420932bf8e2fa022d,eb06e60fa7f3f6547212b14335e8b2f633391c728daac39e20055d6391104ce2,True,ctls,cdn-testing.plaid.com,cloudfront,443,https://cdn-testing.plaid.com:443,https,AmazonS3,application/xml,GET,13.225.78.82,/,-2141453495,13.225.78.38,Amazon Web Services,2,False,True,,,
consumer-portal.prod.ue1.plaid.com,,404,52,consumer-portal.prod.ue1.plaid.com,443,True,tls13,TLS_AES_256_GCM_SHA384,2023-06-21T12:42:31Z,2023-09-19T12:42:30Z,CN=*.prod.ue1.plaid.com,*.prod.ue1.plaid.com,,*.prod.ue1.plaid.com,"CN=R3, O=Let's Encrypt, C=US",R3,Let's Encrypt,57142deedf02ffad35385669064ff2ea,0aa4dd3318450cfeb005945c3c0e0c943bff2d63b3e8957414527b4020d1b4d7,True,ctls,consumer-portal.prod.ue1.plaid.com,,443,https://consumer-portal.prod.ue1.plaid.com:443,https,,application/json,GET,54.210.118.170,/,-1630264793,52.6.204.246,HSTS,1,False,,,,
consumer-portal.sandbox.ue1.plaid.com,,404,52,consumer-portal.sandbox.ue1.plaid.com,443,True,tls13,TLS_AES_256_GCM_SHA384,2023-06-12T08:13:40Z,2023-09-10T08:13:39Z,CN=*.sandbox.ue1.plaid.com,*.sandbox.ue1.plaid.com,,*.sandbox.ue1.plaid.com,"CN=R3, O=Let's Encrypt, C=US",R3,Let's Encrypt,1ad1db697b5f9d1999034cc9848f87e8,52a02460c8c320fc28d8506d3d8dfc764c46608508bf61f25a2972a5fd3acb18,True,ctls,consumer-portal.sandbox.ue1.plaid.com,,443,https://consumer-portal.sandbox.ue1.plaid.com:443,https,,application/json,GET,3.208.127.188,/,-1630264793,3.219.101.216,HSTS,1,False,,,,
consumer-portal.tartan.ue1.plaid.com,,404,52,consumer-portal.tartan.ue1.plaid.com,443,True,tls13,TLS_AES_256_GCM_SHA384,2023-06-07T08:59:22Z,2023-09-05T08:59:21Z,CN=*.tartan.ue1.plaid.com,*.tartan.ue1.plaid.com,,*.tartan.ue1.plaid.com,"CN=R3, O=Let's Encrypt, C=US",R3,Let's Encrypt,962c0c685b1069a0a04dd18af817eaa4,8a82762689ef3cf01f8e884d91ea8274d9097c7ebf86f63969c0c9eb301cd3bf,True,ctls,consumer-portal.tartan.ue1.plaid.com,,443,https://consumer-portal.tartan.ue1.plaid.com:443,https,,application/json,GET,54.174.111.227,/,-1630264793,54.173.3.134,HSTS,1,False,,,,
contact.plaid.com,,403,42,contact.plaid.com,443,True,tls13,TLS_AES_128_GCM_SHA256,2023-06-12T00:00:00Z,2024-07-12T23:59:59Z,"CN=*.plaid.com, O=Plaid Inc, L=San Francisco, ST=California, C=US",*.plaid.com,Plaid Inc,plaid.com,"CN=DigiCert Global G2 TLS RSA SHA256 2020 CA1, O=DigiCert Inc, C=US",DigiCert Global G2 TLS RSA SHA256 2020 CA1,DigiCert Inc,530d181347a4fe4420932bf8e2fa022d,eb06e60fa7f3f6547212b14335e8b2f633391c728daac39e20055d6391104ce2,True,ctls,contact.plaid.com,cloudfront,443,https://contact.plaid.com:443,https,,application/json,GET,108.138.17.56,/,768769774,108.138.17.52,Amazon Web Services,1,False,True,,,
demo-backend.plaid.com,Plaid Demo Application,200,7075,demo-backend.plaid.com,443,True,tls13,TLS_AES_256_GCM_SHA384,2023-06-21T12:40:30Z,2023-09-19T12:40:29Z,CN=*.plaid.com,*.plaid.com,,*.plaid.com,"CN=R3, O=Let's Encrypt, C=US",R3,Let's Encrypt,ab7828f967fe403d53495a336bc28213,69067e2b27b56d314e023c564477fef04c229404e1348aa62553ed42a3ae0699,True,ctls,demo-backend.plaid.com,,443,https://demo-backend.plaid.com:443,https,,text/html,GET,35.173.23.28,/,-425793433,52.6.204.246,Node.js,174,False,,,,
development.plaid.com,Plaid API,200,1912,development.plaid.com,443,True,tls12,TLS_ECDHE_RSA_WITH_AES_128_GCM_SHA256,2023-07-12T00:00:00Z,2024-08-08T23:59:59Z,"CN=sandbox.plaid.com, O=Plaid Inc, L=San Francisco, ST=California, C=US, serialNumber=5185168, businessCategory=Private Organization, jurisdictionStateOrProvince=Delaware, jurisdictionCountry=US, businessCategory=Private Organization, jurisdictionStateOrProvince=Delaware, jurisdictionCountry=US",sandbox.plaid.com,Plaid Inc,development2.plaid.com,"CN=DigiCert EV RSA CA G2, O=DigiCert Inc, C=US",DigiCert EV RSA CA G2,DigiCert Inc,9eeb97a0f06675ed62f820a929ef06fa,a66f0d14999a76c0068997b66525bd9a78e634746002f3f32c08dcb555a9af6a,,ctls,development.plaid.com,,443,https://development.plaid.com:443,https,nginx,text/html,GET,52.205.89.195,/,-879237812,52.4.66.77,Nginx,40,False,,,,
development2.plaid.com,400 No required SSL certificate was sent,400,230,development2.plaid.com,443,True,tls12,TLS_ECDHE_RSA_WITH_AES_128_GCM_SHA256,2023-07-12T00:00:00Z,2024-08-08T23:59:59Z,"CN=sandbox.plaid.com, O=Plaid Inc, L=San Francisco, ST=California, C=US, serialNumber=5185168, businessCategory=Private Organization, jurisdictionStateOrProvince=Delaware, jurisdictionCountry=US, businessCategory=Private Organization, jurisdictionStateOrProvince=Delaware, jurisdictionCountry=US",sandbox.plaid.com,Plaid Inc,development2.plaid.com,"CN=DigiCert EV RSA CA G2, O=DigiCert Inc, C=US",DigiCert EV RSA CA G2,DigiCert Inc,9eeb97a0f06675ed62f820a929ef06fa,a66f0d14999a76c0068997b66525bd9a78e634746002f3f32c08dcb555a9af6a,,ctls,development2.plaid.com,,443,https://development2.plaid.com:443,https,nginx,text/html,GET,52.4.66.77,/,272330885,52.205.89.195,Nginx,9,False,,,,
docs.plaid.com,Home | Plaid Docs,200,104515,plaid.com,443,True,tls13,TLS_AES_128_GCM_SHA256,2023-06-14T00:00:00Z,2024-07-13T23:59:59Z,CN=plaid.com,plaid.com,,my.plaid.com,"CN=Amazon RSA 2048 M02, O=Amazon, C=US",Amazon RSA 2048 M02,Amazon,15b4c64aff06cbb09683402556f71a78,2dbf09c88781351cc9838b3dba9ebe72d3ea06537912bdb9c75a50494c4062b0,,ctls,plaid.com,cloudfront,443,https://docs.plaid.com:443,https,AmazonS3,text/html,GET,108.138.7.80,/,860626144,108.138.7.39,React,11,False,True,,,https://plaid.com/docs/
ecr.plaid.com,,401,15,ecr.plaid.com,443,True,tls13,TLS_AES_128_GCM_SHA256,2023-03-16T00:00:00Z,2024-01-25T23:59:59Z,CN=*.dkr.ecr.us-east-1.amazonaws.com,*.dkr.ecr.us-east-1.amazonaws.com,,*.dkr.ecr.us-east-1.vpce.amazonaws.com,"CN=Amazon RSA 2048 M01, O=Amazon, C=US",Amazon RSA 2048 M01,Amazon,5d5d5c12f137d30e39738328a053386e,1110748fb5531a042ef9a0cf495b0e43b34dfdfabf808e6d2e1a65ba77d76ed1,True,ctls,ecr.plaid.com,,443,https://ecr.plaid.com:443,https,,text/plain,GET,3.86.125.4,/,-529003908,3.86.125.4,Basic,2,False,,,True,
f.plaid.com,403 Forbidden,403,118,f.plaid.com,443,True,tls13,TLS_AES_128_GCM_SHA256,2023-02-08T00:00:00Z,2024-03-09T23:59:59Z,CN=f.plaid.com,f.plaid.com,,f.plaid.com,"CN=Amazon RSA 2048 M01, O=Amazon, C=US",Amazon RSA 2048 M01,Amazon,96918818ed2620a74f90414eeb1a1e11,fc58bc7f4a7072f021d111e3a23e30273cdd33a2bafdc1016ae8d07d89ef14ac,,ctls,f.plaid.com,,443,https://f.plaid.com:443,https,awselb/2.0,text/html,GET,99.83.175.58,/,1344368402,75.2.2.107,,7,False,,,,
file-vault.plaid.com,Plaid,200,31971,file-vault.plaid.com,443,True,tls12,TLS_ECDHE_RSA_WITH_AES_128_GCM_SHA256,2023-02-24T00:00:00Z,2023-10-12T23:59:59Z,CN=file-vault.plaid.com,file-vault.plaid.com,,static-file-vault.plaid.com,"CN=Amazon RSA 2048 M02, O=Amazon, C=US",Amazon RSA 2048 M02,Amazon,2edaf58b7a5b35ecc2d81181d9817aaf,1cd47fa6f46f52b3f9405709c69b7a6defa4f39ae4d39d2d8665eebdcdf6bc15,,ctls,file-vault.plaid.com,,443,https://file-vault.plaid.com:443,https,null,text/html,GET,44.193.253.64,/,434698730,34.197.182.136,Java,811,False,,i1.wp.com,,https://file-vault.plaid.com:443/auth/
files.plaid.com,,200,16,files.plaid.com,443,True,tls13,TLS_AES_128_GCM_SHA256,2023-06-12T00:00:00Z,2024-07-12T23:59:59Z,"CN=*.plaid.com, O=Plaid Inc, L=San Francisco, ST=California, C=US",*.plaid.com,Plaid Inc,plaid.com,"CN=DigiCert Global G2 TLS RSA SHA256 2020 CA1, O=DigiCert Inc, C=US",DigiCert Global G2 TLS RSA SHA256 2020 CA1,DigiCert Inc,530d181347a4fe4420932bf8e2fa022d,eb06e60fa7f3f6547212b14335e8b2f633391c728daac39e20055d6391104ce2,True,ctls,files.plaid.com,cloudfront,443,https://files.plaid.com:443,https,AmazonS3,text/html,GET,108.138.17.104,/,-1465512372,108.138.17.94,Amazon Web Services,2,False,True,,,
fin.plaid.com,Fin,200,157984,fin.plaid.com,443,True,tls13,TLS_AES_256_GCM_SHA384,2023-07-04T00:00:00Z,2023-10-02T23:59:59Z,CN=fin.plaid.com,fin.plaid.com,,fin.plaid.com,"CN=ZeroSSL RSA Domain Secure Site CA, O=ZeroSSL, C=AT",ZeroSSL RSA Domain Secure Site CA,ZeroSSL,e589e7b90c4e03851e42a183e17973a9,299f27e4761fbe776db4cd22f0b8a3340c0d2726b354a70ac74a650882dd1165,,ctls,fin.plaid.com,fastly,443,https://fin.plaid.com:443,https,openresty,text/html,GET,151.101.3.7,/,2008494000,2a04:4e42:600::775,Varnish,5151,False,True,,,
gateway.plaid.com,,200,170,gateway.plaid.com,443,True,tls12,TLS_ECDHE_RSA_WITH_AES_256_GCM_SHA384,2023-06-12T00:00:00Z,2024-07-12T23:59:59Z,"CN=*.plaid.com, O=Plaid Inc, L=San Francisco, ST=California, C=US",*.plaid.com,Plaid Inc,plaid.com,"CN=DigiCert Global G2 TLS RSA SHA256 2020 CA1, O=DigiCert Inc, C=US",DigiCert Global G2 TLS RSA SHA256 2020 CA1,DigiCert Inc,530d181347a4fe4420932bf8e2fa022d,eb06e60fa7f3f6547212b14335e8b2f633391c728daac39e20055d6391104ce2,True,ctls,gateway.plaid.com,,443,https://gateway.plaid.com:443,https,,text/html,GET,149.97.156.166,/,593259606,149.97.156.166,HSTS,4,False,,,,
go.plaid.com,Enabling all companies to build fintech solutions | Plaid,200,93388,plaid.com,443,True,tls13,TLS_AES_128_GCM_SHA256,2023-06-14T00:00:00Z,2024-07-13T23:59:59Z,CN=plaid.com,plaid.com,,my.plaid.com,"CN=Amazon RSA 2048 M02, O=Amazon, C=US",Amazon RSA 2048 M02,Amazon,15b4c64aff06cbb09683402556f71a78,2dbf09c88781351cc9838b3dba9ebe72d3ea06537912bdb9c75a50494c4062b0,,ctls,plaid.com,cloudflare,443,https://go.plaid.com:443,https,AmazonS3,text/html,GET,104.17.74.206,/,-560697115,104.17.72.206,React,12,False,True,,,https://plaid.com/en-eu/
groups.plaid.com,Sign in - Google Accounts,200,578905,accounts.google.com,443,True,tls13,TLS_AES_128_GCM_SHA256,2023-07-03T08:24:31Z,2023-09-25T08:24:30Z,CN=accounts.google.com,accounts.google.com,,*.partner.android.com,"CN=GTS CA 1C3, O=Google Trust Services LLC, C=US",GTS CA 1C3,Google Trust Services LLC,de4b9c98530e55feba72a4b39c3a0c79,d1eba1767bf6f805da19ee0576898a3867fbcd05803643a12aa6f12c457d08e7,True,ctls,accounts.google.com,,80,http://groups.plaid.com:80,http,ESF,text/html,GET,142.250.185.211,/,-2061806040,2a00:1450:4001:80b::2013,HTTP/3,76,False,,,,https://accounts.google.com/v3/signin/identifier?dsh=S789220835%3A1690255274939554&continue=https%3A%2F%2Fgroups.google.com%2Fmy-groups&followup=https%3A%2F%2Fgroups.google.com%2Fmy-groups&ifkv=AeDOFXjj68rqMo8sIWYfWhPqufpmnGbfzrHlUaABK2kvw5EZOllQceRgKLgnrcEA4z5v39zGyj6MNA&osid=1&passive=1209600&flowName=GlifWebSignIn&flowEntry=ServiceLogin
hosted-sandbox.plaid.com,Connect with Plaid,200,646,hosted-sandbox.plaid.com,443,True,tls13,TLS_AES_128_GCM_SHA256,2023-06-12T00:00:00Z,2024-07-12T23:59:59Z,"CN=*.plaid.com, O=Plaid Inc, L=San Francisco, ST=California, C=US",*.plaid.com,Plaid Inc,plaid.com,"CN=DigiCert Global G2 TLS RSA SHA256 2020 CA1, O=DigiCert Inc, C=US",DigiCert Global G2 TLS RSA SHA256 2020 CA1,DigiCert Inc,530d181347a4fe4420932bf8e2fa022d,eb06e60fa7f3f6547212b14335e8b2f633391c728daac39e20055d6391104ce2,True,ctls,hosted-sandbox.plaid.com,cloudfront,443,https://hosted-sandbox.plaid.com:443,https,AmazonS3,text/html,GET,99.86.4.70,/,-878208952,99.86.4.66,HSTS,1,False,True,https://analytics.plaid.com,,
https://analytics.plaid.com,,404,,analytics.plaid.com,443,True,tls12,TLS_ECDHE_RSA_WITH_AES_128_GCM_SHA256,2023-06-12T00:00:00Z,2024-07-12T23:59:59Z,"CN=*.plaid.com, O=Plaid Inc, L=San Francisco, ST=California, C=US",*.plaid.com,Plaid Inc,plaid.com,"CN=DigiCert Global G2 TLS RSA SHA256 2020 CA1, O=DigiCert Inc, C=US",DigiCert Global G2 TLS RSA SHA256 2020 CA1,DigiCert Inc,530d181347a4fe4420932bf8e2fa022d,eb06e60fa7f3f6547212b14335e8b2f633391c728daac39e20055d6391104ce2,True,ctls,analytics.plaid.com,,443,https://analytics.plaid.com:443,https,nginx,text/plain,GET,3.93.214.11,/,-1840324437,54.167.209.39,Nginx,1,False,,,,
https://cdn.plaid.com,,403,243,cdn.plaid.com,443,True,tls13,TLS_AES_128_GCM_SHA256,2023-03-09T00:00:00Z,2024-04-08T23:59:59Z,"CN=secure.plaid.com, O=Plaid Inc, L=San Francisco, ST=California, C=US, serialNumber=5185168, businessCategory=Private Organization, jurisdictionStateOrProvince=Delaware, jurisdictionCountry=US, businessCategory=Private Organization, jurisdictionStateOrProvince=Delaware, jurisdictionCountry=US",secure.plaid.com,Plaid Inc,cdn.plaid.com,"CN=DigiCert EV RSA CA G2, O=DigiCert Inc, C=US",DigiCert EV RSA CA G2,DigiCert Inc,8cf7c464091d2fcb9e12197b8e8726e0,9d497682982c70fe175c80d3b5604987d09b9f95a501cd7b429baf10ad3e4ceb,,ctls,cdn.plaid.com,cloudfront,443,https://cdn.plaid.com:443,https,AmazonS3,application/xml,GET,13.32.99.47,/,259453349,13.32.99.26,Amazon Web Services,2,False,True,,,
interview.plaid.com,,403,243,interview.plaid.com,443,True,tls13,TLS_AES_128_GCM_SHA256,2023-06-12T00:00:00Z,2024-07-12T23:59:59Z,"CN=*.plaid.com, O=Plaid Inc, L=San Francisco, ST=California, C=US",*.plaid.com,Plaid Inc,plaid.com,"CN=DigiCert Global G2 TLS RSA SHA256 2020 CA1, O=DigiCert Inc, C=US",DigiCert Global G2 TLS RSA SHA256 2020 CA1,DigiCert Inc,530d181347a4fe4420932bf8e2fa022d,eb06e60fa7f3f6547212b14335e8b2f633391c728daac39e20055d6391104ce2,True,ctls,interview.plaid.com,cloudfront,443,https://interview.plaid.com:443,https,AmazonS3,application/xml,GET,18.66.122.49,/,1433154105,18.66.122.41,Amazon Web Services,2,False,True,,,
longateway.plaid.com,,200,170,longateway.plaid.com,443,True,tls12,TLS_ECDHE_RSA_WITH_AES_256_GCM_SHA384,2023-06-12T00:00:00Z,2024-07-12T23:59:59Z,"CN=*.plaid.com, O=Plaid Inc, L=San Francisco, ST=California, C=US",*.plaid.com,Plaid Inc,plaid.com,"CN=DigiCert Global G2 TLS RSA SHA256 2020 CA1, O=DigiCert Inc, C=US",DigiCert Global G2 TLS RSA SHA256 2020 CA1,DigiCert Inc,530d181347a4fe4420932bf8e2fa022d,eb06e60fa7f3f6547212b14335e8b2f633391c728daac39e20055d6391104ce2,True,ctls,longateway.plaid.com,,443,https://longateway.plaid.com:443,https,,text/html,GET,217.20.35.74,/,593259606,217.20.35.74,HSTS,4,False,,,,
mail.plaid.com,Plaid - Sign In,200,20978,plaid.okta.com,443,True,tls12,TLS_ECDHE_RSA_WITH_AES_128_GCM_SHA256,2023-05-22T00:00:00Z,2024-04-12T23:59:59Z,"CN=*.okta.com, O=Okta\, Inc., L=San Francisco, ST=California, C=US",*.okta.com,"Okta, Inc.",okta.com,"CN=DigiCert TLS RSA SHA256 2020 CA1, O=DigiCert Inc, C=US",DigiCert TLS RSA SHA256 2020 CA1,DigiCert Inc,acc0524426e03bda5ac8c153b81141e6,f175750cb39a3759a6c589307b799ceac53db8e46eab6e9a30490fce3aa77149,True,ctls,plaid.okta.com,,80,http://mail.plaid.com:80,http,nginx,text/html,GET,216.58.212.179,/,-1544771223,2a00:1450:4001:831::2013,Nginx,496,False,,plaid.okta.com,,https://plaid.okta.com/app/google/exkbkyomoaHQ0HFTE2p7/sso/saml?SAMLRequest=fVLJTsMwEL0j8Q%2BW71kRi6wmqLRCVCoQ0ZQDNxNPGreOHTxOC3%2BPm4IACbhZz89vGc%2Fo8rVVZAsWpdEZTcKYEtCVEVKvMrosr4MLepkfH42Qt6pj4941%2BgFeekBH%2FEuNbLjIaG81MxwlMs1bQOYqthjfzlkaxqyzxpnKKEpm04xumhrEBoQQnemadStrsV6D5vVGcQmrum6kEJxzSh4%2FY6X7WDPEHmYaHdfOQ3F6EsTnQXpaxicsTVhy9kRJ8eF0JfWhwX%2Bxng8kZDdlWQTF%2FaIcBLZSgL3z7IyujFkpCCvT7u0Ljii3Hq65QqBkjAjW%2BYATo7FvwS7AbmUFy4d5RhvnOmRRtNvtwi%2BZiEedbykO5wppPgyWDd3st4n%2Bn5x%2FOtP8d%2B1R9E02%2F%2Fi8fafZtDBKVm9krJTZTSxw5ws52%2Fs%2B18a23P3tnITJgEgR1AOV9Ro7qGQtQVAS5QfXn1vid%2Bcd&RelayState=https%3A%2F%2Fwww.google.com%2Fa%2Fplaid.com%2FServiceLogin%3Fservice%3Dmail%26passive%3Dtrue%26continue%3Dhttps%253A%252F%252Fmail.google.com%252Fmail%252F%26ss%3D1%26ltmpl%3Decobhgm%26nui%3D5%26btmpl%3Dmobile%26emr%3D1%26osid%3D1
marketing-site-testing-commits.plaid.com,ERROR: The request could not be satisfied,403,919,marketing-site-testing-commits.plaid.com,443,True,tls13,TLS_AES_128_GCM_SHA256,2023-06-12T00:00:00Z,2024-07-12T23:59:59Z,"CN=*.plaid.com, O=Plaid Inc, L=San Francisco, ST=California, C=US",*.plaid.com,Plaid Inc,plaid.com,"CN=DigiCert Global G2 TLS RSA SHA256 2020 CA1, O=DigiCert Inc, C=US",DigiCert Global G2 TLS RSA SHA256 2020 CA1,DigiCert Inc,530d181347a4fe4420932bf8e2fa022d,eb06e60fa7f3f6547212b14335e8b2f633391c728daac39e20055d6391104ce2,True,ctls,marketing-site-testing-commits.plaid.com,cloudfront,443,https://marketing-site-testing-commits.plaid.com:443,https,CloudFront,text/html,GET,18.66.147.108,/,-1645977074,18.66.147.109,HSTS,20,False,True,,,
mkto.plaid.com,,409,16,,,,,,,,,,,,,,,,,,,,cloudflare,80,http://mkto.plaid.com:80,http,cloudflare,text/plain,GET,104.16.96.80,/,1000520165,104.16.94.80,Cloudflare,1,False,True,,,
my-commits.plaid.com,ERROR: The request could not be satisfied,403,919,my-commits.plaid.com,443,True,tls13,TLS_AES_128_GCM_SHA256,2023-06-12T00:00:00Z,2024-07-12T23:59:59Z,"CN=*.plaid.com, O=Plaid Inc, L=San Francisco, ST=California, C=US",*.plaid.com,Plaid Inc,plaid.com,"CN=DigiCert Global G2 TLS RSA SHA256 2020 CA1, O=DigiCert Inc, C=US",DigiCert Global G2 TLS RSA SHA256 2020 CA1,DigiCert Inc,530d181347a4fe4420932bf8e2fa022d,eb06e60fa7f3f6547212b14335e8b2f633391c728daac39e20055d6391104ce2,True,ctls,my-commits.plaid.com,cloudfront,443,https://my-commits.plaid.com:443,https,CloudFront,text/html,GET,18.66.122.99,/,-1547342266,18.66.122.74,Amazon Web Services,20,False,True,,,
my-development.plaid.com,The convenient way to manage your financial data | Plaid,200,1086,my-development.plaid.com,443,True,tls13,TLS_AES_128_GCM_SHA256,2023-06-12T00:00:00Z,2024-07-12T23:59:59Z,"CN=*.plaid.com, O=Plaid Inc, L=San Francisco, ST=California, C=US",*.plaid.com,Plaid Inc,plaid.com,"CN=DigiCert Global G2 TLS RSA SHA256 2020 CA1, O=DigiCert Inc, C=US",DigiCert Global G2 TLS RSA SHA256 2020 CA1,DigiCert Inc,530d181347a4fe4420932bf8e2fa022d,eb06e60fa7f3f6547212b14335e8b2f633391c728daac39e20055d6391104ce2,True,ctls,my-development.plaid.com,cloudfront,443,https://my-development.plaid.com:443,https,AmazonS3,text/html,GET,18.66.147.35,/,1725233395,18.66.147.32,HSTS,1,False,True,https://analytics.plaid.com/sentry/api/596/security/?sentry_key=0601c41a8f8a4253a3a813390e19601f,,
my-sandbox.plaid.com,The convenient way to manage your financial data | Plaid,200,1086,my-sandbox.plaid.com,443,True,tls13,TLS_AES_128_GCM_SHA256,2023-06-12T00:00:00Z,2024-07-12T23:59:59Z,"CN=*.plaid.com, O=Plaid Inc, L=San Francisco, ST=California, C=US",*.plaid.com,Plaid Inc,plaid.com,"CN=DigiCert Global G2 TLS RSA SHA256 2020 CA1, O=DigiCert Inc, C=US",DigiCert Global G2 TLS RSA SHA256 2020 CA1,DigiCert Inc,530d181347a4fe4420932bf8e2fa022d,eb06e60fa7f3f6547212b14335e8b2f633391c728daac39e20055d6391104ce2,True,ctls,my-sandbox.plaid.com,cloudfront,443,https://my-sandbox.plaid.com:443,https,AmazonS3,text/html,GET,18.66.122.61,/,873748381,18.66.122.41,HSTS,1,False,True,https://analytics.plaid.com/sentry/api/596/security/?sentry_key=0601c41a8f8a4253a3a813390e19601f,,
my-testing.plaid.com,The convenient way to manage your financial data | Plaid,200,1086,my-testing.plaid.com,443,True,tls13,TLS_AES_128_GCM_SHA256,2023-06-12T00:00:00Z,2024-07-12T23:59:59Z,"CN=*.plaid.com, O=Plaid Inc, L=San Francisco, ST=California, C=US",*.plaid.com,Plaid Inc,plaid.com,"CN=DigiCert Global G2 TLS RSA SHA256 2020 CA1, O=DigiCert Inc, C=US",DigiCert Global G2 TLS RSA SHA256 2020 CA1,DigiCert Inc,530d181347a4fe4420932bf8e2fa022d,eb06e60fa7f3f6547212b14335e8b2f633391c728daac39e20055d6391104ce2,True,ctls,my-testing.plaid.com,cloudfront,443,https://my-testing.plaid.com:443,https,AmazonS3,text/html,GET,143.204.98.38,/,-1244415510,143.204.98.95,HSTS,1,False,True,cdn.plaid.com,,
plaid-category-icons.plaid.com,,404,313,plaid-category-icons.plaid.com,443,True,tls13,TLS_AES_128_GCM_SHA256,2023-06-12T00:00:00Z,2024-07-12T23:59:59Z,"CN=*.plaid.com, O=Plaid Inc, L=San Francisco, ST=California, C=US",*.plaid.com,Plaid Inc,plaid.com,"CN=DigiCert Global G2 TLS RSA SHA256 2020 CA1, O=DigiCert Inc, C=US",DigiCert Global G2 TLS RSA SHA256 2020 CA1,DigiCert Inc,530d181347a4fe4420932bf8e2fa022d,eb06e60fa7f3f6547212b14335e8b2f633391c728daac39e20055d6391104ce2,True,ctls,plaid-category-icons.plaid.com,cloudfront,443,https://plaid-category-icons.plaid.com:443,https,AmazonS3,application/xml,GET,18.66.97.17,/,1259557625,18.66.97.33,Amazon Web Services,2,False,True,,,
plaid-merchant-logos.plaid.com,,404,281,plaid-merchant-logos.plaid.com,443,True,tls13,TLS_AES_128_GCM_SHA256,2023-06-12T00:00:00Z,2024-07-12T23:59:59Z,"CN=*.plaid.com, O=Plaid Inc, L=San Francisco, ST=California, C=US",*.plaid.com,Plaid Inc,plaid.com,"CN=DigiCert Global G2 TLS RSA SHA256 2020 CA1, O=DigiCert Inc, C=US",DigiCert Global G2 TLS RSA SHA256 2020 CA1,DigiCert Inc,530d181347a4fe4420932bf8e2fa022d,eb06e60fa7f3f6547212b14335e8b2f633391c728daac39e20055d6391104ce2,True,ctls,plaid-merchant-logos.plaid.com,cloudfront,443,https://plaid-merchant-logos.plaid.com:443,https,AmazonS3,application/xml,GET,18.66.97.111,/,1408403020,18.66.97.115,Amazon Web Services,2,False,True,,,
plaid.com,Enabling all companies to build fintech solutions | Plaid,200,93388,plaid.com,443,True,tls13,TLS_AES_128_GCM_SHA256,2023-06-14T00:00:00Z,2024-07-13T23:59:59Z,CN=plaid.com,plaid.com,,my.plaid.com,"CN=Amazon RSA 2048 M02, O=Amazon, C=US",Amazon RSA 2048 M02,Amazon,15b4c64aff06cbb09683402556f71a78,2dbf09c88781351cc9838b3dba9ebe72d3ea06537912bdb9c75a50494c4062b0,,ctls,plaid.com,cloudfront,443,https://plaid.com:443,https,AmazonS3,text/html,GET,13.225.78.117,/,860626144,2600:9000:21f3:b400:1d:e80d:8080:93a1,React,12,False,True,,,https://plaid.com/en-eu/
plaidfiles.plaid.com,,200,20,plaidfiles.plaid.com,443,True,tls13,TLS_AES_128_GCM_SHA256,2023-06-12T00:00:00Z,2024-07-12T23:59:59Z,"CN=*.plaid.com, O=Plaid Inc, L=San Francisco, ST=California, C=US",*.plaid.com,Plaid Inc,plaid.com,"CN=DigiCert Global G2 TLS RSA SHA256 2020 CA1, O=DigiCert Inc, C=US",DigiCert Global G2 TLS RSA SHA256 2020 CA1,DigiCert Inc,530d181347a4fe4420932bf8e2fa022d,eb06e60fa7f3f6547212b14335e8b2f633391c728daac39e20055d6391104ce2,True,ctls,plaidfiles.plaid.com,cloudfront,443,https://plaidfiles.plaid.com:443,https,AmazonS3,text/html,GET,13.225.78.43,/,-1368187231,13.225.78.19,Amazon Web Services,2,False,True,,,
plaidip.plaid.com,,200,13,plaidip.plaid.com,443,True,tls13,TLS_AES_128_GCM_SHA256,2023-02-25T00:00:00Z,2024-03-25T23:59:59Z,CN=plaidip.plaid.com,plaidip.plaid.com,,plaidip.plaid.com,"CN=Amazon RSA 2048 M02, O=Amazon, C=US",Amazon RSA 2048 M02,Amazon,2099e3013db838847d35b8dfd2e79025,90b6db5b05c6ca5cff4f3a626ea80e663defcd5996c2e7a19874a98590bf572d,,ctls,plaidip.plaid.com,cloudfront,443,https://plaidip.plaid.com:443,https,CloudFront,,GET,18.66.122.83,/,1093852291,18.66.122.88,Amazon Web Services,2,False,True,,,
production-card.plaid.com,Plaid API,200,1912,production-card.plaid.com,443,True,tls13,TLS_AES_256_GCM_SHA384,2023-07-11T08:00:46Z,2023-10-09T08:00:45Z,CN=production-card.plaid.com,production-card.plaid.com,,production-card.plaid.com,"CN=R3, O=Let's Encrypt, C=US",R3,Let's Encrypt,cd5f53823d4ccbbebbef92b4ba63cc4d,0516ec09dfe4aac5556c60b4dbbecc66aca464829c553046bd4b9082f7f86572,,ctls,production-card.plaid.com,,443,https://production-card.plaid.com:443,https,nginx,text/html,GET,3.209.219.111,/,672243937,23.22.7.100,Nginx,40,False,,,,
production-private.plaid.com,Plaid API,200,1912,production-private.plaid.com,443,True,tls13,TLS_AES_256_GCM_SHA384,2022-07-05T11:38:54Z,2024-07-04T11:38:54Z,"emailAddress=noreply@plaid.com, CN=production-private.plaid.com, O=Plaid, L=San Francisco, ST=California, C=US, emailAddress=noreply@plaid.com",production-private.plaid.com,Plaid,production-private.plaid.com,"emailAddress=noreply@plaid.com, CN=Plaid Intermediate CA, O=Plaid, L=San Francisco, C=US, emailAddress=noreply@plaid.com",Plaid Intermediate CA,Plaid,791ce9ce2d2d0702bbae8fd8a676a380,c7db8d92f5c37f236b4e971a2ffedd1c8adc07a45ed6cda239119995c94a1822,,ctls,production-private.plaid.com,,443,https://production-private.plaid.com:443,https,,text/html,GET,54.209.86.5,/,306526628,54.157.157.84,HSTS,40,False,,,,
production.plaid.com,Plaid API,200,1912,production.plaid.com,443,True,tls12,TLS_ECDHE_RSA_WITH_AES_128_GCM_SHA256,2023-05-25T00:00:00Z,2024-06-24T23:59:59Z,"CN=production.plaid.com, O=Plaid Inc, L=San Francisco, ST=California, C=US, serialNumber=5185168, businessCategory=Private Organization, jurisdictionStateOrProvince=Delaware, jurisdictionCountry=US, businessCategory=Private Organization, jurisdictionStateOrProvince=Delaware, jurisdictionCountry=US",production.plaid.com,Plaid Inc,production2.plaid.com,"CN=DigiCert EV RSA CA G2, O=DigiCert Inc, C=US",DigiCert EV RSA CA G2,DigiCert Inc,b485ec7a873550d20a910a7baf80627b,82f63a1a53498726050348c83fffaa0f9c90ffdca5f4cb96aee715c4480d3dba,,ctls,production.plaid.com,,443,https://production.plaid.com:443,https,nginx,text/html,GET,52.2.54.53,/,947859587,54.205.238.145,Nginx,40,False,,,,
production2.plaid.com,400 No required SSL certificate was sent,400,230,production2.plaid.com,443,True,tls12,TLS_ECDHE_RSA_WITH_AES_128_GCM_SHA256,2023-05-25T00:00:00Z,2024-06-24T23:59:59Z,"CN=production.plaid.com, O=Plaid Inc, L=San Francisco, ST=California, C=US, serialNumber=5185168, businessCategory=Private Organization, jurisdictionStateOrProvince=Delaware, jurisdictionCountry=US, businessCategory=Private Organization, jurisdictionStateOrProvince=Delaware, jurisdictionCountry=US",production.plaid.com,Plaid Inc,production2.plaid.com,"CN=DigiCert EV RSA CA G2, O=DigiCert Inc, C=US",DigiCert EV RSA CA G2,DigiCert Inc,b485ec7a873550d20a910a7baf80627b,82f63a1a53498726050348c83fffaa0f9c90ffdca5f4cb96aee715c4480d3dba,,ctls,production2.plaid.com,,443,https://production2.plaid.com:443,https,nginx,text/html,GET,52.2.54.53,/,272330885,52.70.90.198,Nginx,9,False,,,,
proto.plaid.com,ERROR: The request could not be satisfied,403,919,proto.plaid.com,443,True,tls13,TLS_AES_128_GCM_SHA256,2023-06-12T00:00:00Z,2024-07-12T23:59:59Z,"CN=*.plaid.com, O=Plaid Inc, L=San Francisco, ST=California, C=US",*.plaid.com,Plaid Inc,plaid.com,"CN=DigiCert Global G2 TLS RSA SHA256 2020 CA1, O=DigiCert Inc, C=US",DigiCert Global G2 TLS RSA SHA256 2020 CA1,DigiCert Inc,530d181347a4fe4420932bf8e2fa022d,eb06e60fa7f3f6547212b14335e8b2f633391c728daac39e20055d6391104ce2,True,ctls,proto.plaid.com,cloudfront,443,https://proto.plaid.com:443,https,CloudFront,text/html,GET,65.9.66.57,/,-2059947050,65.9.66.44,Amazon Web Services,20,False,True,,,
sales.plaid.com,,204,,sales.plaid.com,443,True,tls13,TLS_AES_256_GCM_SHA384,2023-07-11T16:58:50Z,2023-10-09T16:58:49Z,CN=sales.plaid.com,sales.plaid.com,,sales.plaid.com,"CN=R3, O=Let's Encrypt, C=US",R3,Let's Encrypt,4afaff2e79159686d86236b1265fb364,ca9faa57885e2a36b81a9cf073e6215976256bda34b3a76209faf421a6008464,,ctls,sales.plaid.com,,443,https://sales.plaid.com:443,https,,,GET,52.54.201.11,/,-1840324437,54.144.52.150,HSTS,1,False,,,,
sandbox.plaid.com,Plaid API,200,1912,sandbox.plaid.com,443,True,tls12,TLS_ECDHE_RSA_WITH_AES_128_GCM_SHA256,2023-07-12T00:00:00Z,2024-08-08T23:59:59Z,"CN=sandbox.plaid.com, O=Plaid Inc, L=San Francisco, ST=California, C=US, serialNumber=5185168, businessCategory=Private Organization, jurisdictionStateOrProvince=Delaware, jurisdictionCountry=US, businessCategory=Private Organization, jurisdictionStateOrProvince=Delaware, jurisdictionCountry=US",sandbox.plaid.com,Plaid Inc,development2.plaid.com,"CN=DigiCert EV RSA CA G2, O=DigiCert Inc, C=US",DigiCert EV RSA CA G2,DigiCert Inc,9eeb97a0f06675ed62f820a929ef06fa,a66f0d14999a76c0068997b66525bd9a78e634746002f3f32c08dcb555a9af6a,,ctls,sandbox.plaid.com,,443,https://sandbox.plaid.com:443,https,nginx,text/html,GET,52.70.253.90,/,96425026,54.157.156.2,Nginx,40,False,,,,
sandbox2.plaid.com,400 No required SSL certificate was sent,400,230,sandbox2.plaid.com,443,True,tls12,TLS_ECDHE_RSA_WITH_AES_128_GCM_SHA256,2023-07-12T00:00:00Z,2024-08-08T23:59:59Z,"CN=sandbox.plaid.com, O=Plaid Inc, L=San Francisco, ST=California, C=US, serialNumber=5185168, businessCategory=Private Organization, jurisdictionStateOrProvince=Delaware, jurisdictionCountry=US, businessCategory=Private Organization, jurisdictionStateOrProvince=Delaware, jurisdictionCountry=US",sandbox.plaid.com,Plaid Inc,development2.plaid.com,"CN=DigiCert EV RSA CA G2, O=DigiCert Inc, C=US",DigiCert EV RSA CA G2,DigiCert Inc,9eeb97a0f06675ed62f820a929ef06fa,a66f0d14999a76c0068997b66525bd9a78e634746002f3f32c08dcb555a9af6a,,ctls,sandbox2.plaid.com,,443,https://sandbox2.plaid.com:443,https,nginx,text/html,GET,52.1.192.124,/,272330885,52.70.253.90,Nginx,9,False,,,,
scgateway.plaid.com,,200,170,scgateway.plaid.com,443,True,tls12,TLS_RSA_WITH_AES_256_GCM_SHA384,2023-06-12T00:00:00Z,2024-07-12T23:59:59Z,"CN=*.plaid.com, O=Plaid Inc, L=San Francisco, ST=California, C=US",*.plaid.com,Plaid Inc,plaid.com,"CN=DigiCert Global G2 TLS RSA SHA256 2020 CA1, O=DigiCert Inc, C=US",DigiCert Global G2 TLS RSA SHA256 2020 CA1,DigiCert Inc,530d181347a4fe4420932bf8e2fa022d,eb06e60fa7f3f6547212b14335e8b2f633391c728daac39e20055d6391104ce2,True,ctls,scgateway.plaid.com,,443,https://scgateway.plaid.com:443,https,,text/html,GET,72.28.97.26,/,593259606,72.28.97.26,HSTS,4,False,,,,
secure-testing.plaid.com,,403,243,secure-testing.plaid.com,443,True,tls13,TLS_AES_128_GCM_SHA256,2023-06-12T00:00:00Z,2024-07-12T23:59:59Z,"CN=*.plaid.com, O=Plaid Inc, L=San Francisco, ST=California, C=US",*.plaid.com,Plaid Inc,plaid.com,"CN=DigiCert Global G2 TLS RSA SHA256 2020 CA1, O=DigiCert Inc, C=US",DigiCert Global G2 TLS RSA SHA256 2020 CA1,DigiCert Inc,530d181347a4fe4420932bf8e2fa022d,eb06e60fa7f3f6547212b14335e8b2f633391c728daac39e20055d6391104ce2,True,ctls,secure-testing.plaid.com,cloudfront,443,https://secure-testing.plaid.com:443,https,AmazonS3,application/xml,GET,13.225.78.51,/,-375358826,13.225.78.38,Amazon Web Services,2,False,True,,,
security.plaid.com,Plaid Security Portal | SafeBase,200,197710,security.plaid.com,443,True,tls13,TLS_AES_128_GCM_SHA256,2023-07-11T11:39:45Z,2023-10-09T11:39:44Z,CN=security.plaid.com,security.plaid.com,,security.plaid.com,"CN=R3, O=Let's Encrypt, C=US",R3,Let's Encrypt,cf8329aa54aaa8223853e7e01a5f710d,ae8b67d843b2186926366a4117780d3f658780ebe30674f952b6a4a40e834835,,ctls,security.plaid.com,,443,https://security.plaid.com:443,https,,text/html,GET,77.83.142.191,/,-1323166996,2a09:8280:1:667:634a:5608:6788:3e70,Linkedin Ads,164,False,,https://find-x.userpilot.io,,
sfgateway.plaid.com,,200,170,sfgateway.plaid.com,443,True,tls12,TLS_ECDHE_RSA_WITH_AES_256_GCM_SHA384,2023-06-12T00:00:00Z,2024-07-12T23:59:59Z,"CN=*.plaid.com, O=Plaid Inc, L=San Francisco, ST=California, C=US",*.plaid.com,Plaid Inc,plaid.com,"CN=DigiCert Global G2 TLS RSA SHA256 2020 CA1, O=DigiCert Inc, C=US",DigiCert Global G2 TLS RSA SHA256 2020 CA1,DigiCert Inc,530d181347a4fe4420932bf8e2fa022d,eb06e60fa7f3f6547212b14335e8b2f633391c728daac39e20055d6391104ce2,True,ctls,sfgateway.plaid.com,,443,https://sfgateway.plaid.com:443,https,,text/html,GET,4.78.253.66,/,593259606,4.78.253.66,HSTS,4,False,,,,
skyfall-public.prod.ue1.plaid.com,,200,,skyfall-public.prod.ue1.plaid.com,443,True,tls13,TLS_AES_128_GCM_SHA256,2023-07-11T08:27:41Z,2023-10-09T08:27:40Z,CN=*.plaid.com,*.plaid.com,,*.plaid.com,"CN=R3, O=Let's Encrypt, C=US",R3,Let's Encrypt,84b1d8543e342a7efbce5ead31d471a1,6e46ec272d48f410a47abf39c2f46f63b1d32384c146c586f323b00d189341ed,True,ctls,skyfall-public.prod.ue1.plaid.com,,443,https://skyfall-public.prod.ue1.plaid.com:443,https,,,GET,54.91.48.118,/,-1840324437,44.205.187.249,,1,False,,,True,
slcgateway.plaid.com,,200,170,slcgateway.plaid.com,443,True,tls12,TLS_ECDHE_RSA_WITH_AES_256_GCM_SHA384,2023-06-12T00:00:00Z,2024-07-12T23:59:59Z,"CN=*.plaid.com, O=Plaid Inc, L=San Francisco, ST=California, C=US",*.plaid.com,Plaid Inc,plaid.com,"CN=DigiCert Global G2 TLS RSA SHA256 2020 CA1, O=DigiCert Inc, C=US",DigiCert Global G2 TLS RSA SHA256 2020 CA1,DigiCert Inc,530d181347a4fe4420932bf8e2fa022d,eb06e60fa7f3f6547212b14335e8b2f633391c728daac39e20055d6391104ce2,True,ctls,slcgateway.plaid.com,,443,https://slcgateway.plaid.com:443,https,,text/html,GET,38.104.174.146,/,593259606,38.104.174.146,HSTS,4,False,,,,
status-beta.plaid.com,Plaid Status,200,149832,status.plaid.com,443,True,tls13,TLS_AES_128_GCM_SHA256,2023-07-20T05:07:40Z,2023-10-18T05:07:39Z,CN=demo-status.tsatsis.me,demo-status.tsatsis.me,,www.hiperz-status.com,"CN=R3, O=Let's Encrypt, C=US",R3,Let's Encrypt,ec60d73f04b988fad4fa8e953e1835b5,2ff57909a8aab9efcb1f33f225290c0879407ebfdc5cde150af0f95144b1dfb2,,ctls,status.plaid.com,cloudfront,443,https://status-beta.plaid.com:443,https,AtlassianEdge,text/html,GET,108.138.17.128,/,-1840324437,108.138.17.3,HSTS,2362,False,True,,,https://status.plaid.com/
status.plaid.com,Plaid Status,200,149832,status.plaid.com,443,True,tls13,TLS_AES_128_GCM_SHA256,2023-07-20T05:07:40Z,2023-10-18T05:07:39Z,CN=demo-status.tsatsis.me,demo-status.tsatsis.me,,www.hiperz-status.com,"CN=R3, O=Let's Encrypt, C=US",R3,Let's Encrypt,ec60d73f04b988fad4fa8e953e1835b5,2ff57909a8aab9efcb1f33f225290c0879407ebfdc5cde150af0f95144b1dfb2,,ctls,status.plaid.com,cloudfront,443,https://status.plaid.com:443,https,AtlassianEdge,text/html,GET,108.138.17.128,/,-1840324437,108.138.17.89,HSTS,2362,False,True,,,
support-my.plaid.com,Security check,403,7370,support-my.plaid.com,443,True,tls12,TLS_ECDHE_RSA_WITH_AES_128_GCM_SHA256,2023-06-26T23:39:32Z,2023-09-24T23:39:31Z,CN=support.plaid.com,support.plaid.com,,support.plaid.com,"CN=R3, O=Let's Encrypt, C=US",R3,Let's Encrypt,df9967b92ef741d545c02b9404a43e58,2a7a957597e6bfa42bb6611f823e5f2bad4bb19b2ef98d71ad224a7a650a061e,,ctls,support-my.plaid.com,cloudflare,443,https://support-my.plaid.com:443,https,cloudflare,text/html,GET,104.16.53.111,/,-1279294674,104.16.51.111,Cloudflare,98,False,True,,,https://support-my.plaid.com/hc/en-us
threads.plaid.com,Threads 2023 On Demand | Plaid,200,121249,plaid.com,443,True,tls13,TLS_AES_128_GCM_SHA256,2023-06-14T00:00:00Z,2024-07-13T23:59:59Z,CN=plaid.com,plaid.com,,my.plaid.com,"CN=Amazon RSA 2048 M02, O=Amazon, C=US",Amazon RSA 2048 M02,Amazon,15b4c64aff06cbb09683402556f71a78,2dbf09c88781351cc9838b3dba9ebe72d3ea06537912bdb9c75a50494c4062b0,,ctls,plaid.com,,443,https://threads.plaid.com:443,https,AmazonS3,text/html,GET,52.213.47.89,/,141353728,3.248.123.157,React,8,False,,,,https://plaid.com/events/threads/
verify-sandbox.plaid.com,,404,88,verify-sandbox.plaid.com,443,True,tls13,TLS_AES_128_GCM_SHA256,2023-05-15T00:00:00Z,2024-05-09T23:59:59Z,"CN=*.cognitohq.com, O=BlockScore\, Inc, L=Sisters, ST=Oregon, C=US",*.cognitohq.com,"BlockScore, Inc",plaid.com,"CN=DigiCert Global G2 TLS RSA SHA256 2020 CA1, O=DigiCert Inc, C=US",DigiCert Global G2 TLS RSA SHA256 2020 CA1,DigiCert Inc,f54e8988ecf74f2939fb000072065b4c,2b7706d36fbbeadd5b30a493748747633cabb0d11388cc52cdbd33757588040a,True,ctls,verify-sandbox.plaid.com,,443,https://verify-sandbox.plaid.com:443,https,,application/json,GET,35.83.216.50,/,482818492,35.80.142.139,HSTS,1,False,,,True,
verify.plaid.com,,404,88,verify.plaid.com,443,True,tls13,TLS_AES_128_GCM_SHA256,2023-05-15T00:00:00Z,2024-05-09T23:59:59Z,"CN=*.cognitohq.com, O=BlockScore\, Inc, L=Sisters, ST=Oregon, C=US",*.cognitohq.com,"BlockScore, Inc",plaid.com,"CN=DigiCert Global G2 TLS RSA SHA256 2020 CA1, O=DigiCert Inc, C=US",DigiCert Global G2 TLS RSA SHA256 2020 CA1,DigiCert Inc,f54e8988ecf74f2939fb000072065b4c,2b7706d36fbbeadd5b30a493748747633cabb0d11388cc52cdbd33757588040a,True,ctls,verify.plaid.com,,443,https://verify.plaid.com:443,https,,application/json,GET,35.166.130.192,/,482818492,35.166.80.95,HSTS,1,False,,,True,
www.plaid.com,Enabling all companies to build fintech solutions | Plaid,200,93388,plaid.com,443,True,tls13,TLS_AES_128_GCM_SHA256,2023-06-14T00:00:00Z,2024-07-13T23:59:59Z,CN=plaid.com,plaid.com,,my.plaid.com,"CN=Amazon RSA 2048 M02, O=Amazon, C=US",Amazon RSA 2048 M02,Amazon,15b4c64aff06cbb09683402556f71a78,2dbf09c88781351cc9838b3dba9ebe72d3ea06537912bdb9c75a50494c4062b0,,ctls,plaid.com,cloudfront,443,https://www.plaid.com:443,https,AmazonS3,text/html,GET,65.9.66.27,/,860626144,65.9.66.56,React,12,False,True,,,https://plaid.com/en-eu/
yyzgateway.plaid.com,,200,170,yyzgateway.plaid.com,443,True,tls12,TLS_ECDHE_RSA_WITH_AES_256_GCM_SHA384,2023-06-12T00:00:00Z,2024-07-12T23:59:59Z,"CN=*.plaid.com, O=Plaid Inc, L=San Francisco, ST=California, C=US",*.plaid.com,Plaid Inc,plaid.com,"CN=DigiCert Global G2 TLS RSA SHA256 2020 CA1, O=DigiCert Inc, C=US",DigiCert Global G2 TLS RSA SHA256 2020 CA1,DigiCert Inc,530d181347a4fe4420932bf8e2fa022d,eb06e60fa7f3f6547212b14335e8b2f633391c728daac39e20055d6391104ce2,True,ctls,yyzgateway.plaid.com,,443,https://yyzgateway.plaid.com:443,https,,text/html,GET,149.97.156.166,/,593259606,149.97.156.166,HSTS,4,False,,,,
zendesk1.plaid.com,,409,16,,,,,,,,,,,,,,,,,,,,cloudflare,80,http://zendesk1.plaid.com:80,http,cloudflare,text/plain,GET,162.159.128.7,/,1000520165,162.159.138.6,Cloudflare,1,False,True,,,
zendesk3.plaid.com,,409,16,,,,,,,,,,,,,,,,,,,,cloudflare,80,http://zendesk3.plaid.com:80,http,cloudflare,text/plain,GET,162.159.128.7,/,1000520165,162.159.138.6,Cloudflare,1,False,True,,,
zendesk4.plaid.com,,409,16,,,,,,,,,,,,,,,,,,,,cloudflare,80,http://zendesk4.plaid.com:80,http,cloudflare,text/plain,GET,162.159.138.6,/,1000520165,162.159.128.7,Cloudflare,1,False,True,,,
