input,title,status_code,content_length,tls_host,tls_port,tls_probe_status,tls_tls_version,tls_cipher,tls_expired,tls_self_signed,tls_mismatched,tls_not_before,tls_not_after,tls_subject_dn,tls_subject_cn,tls_issuer_dn,tls_issuer_cn,tls_fingerprint_hash_md,tls_fingerprint_hash_sha,tls_tls_connection,tls_sni,port,url,scheme,webserver,content_type,method,host,path,favicon,a_,tech_,lines,failed,tls_subject_an_,tls_issuer_org_,tls_wildcard_certificate,tls_subject_org_,cdn_name,cdn,final_url,csp_domains_
a1.woodpecker.co,,404,42,a1.woodpecker.co,443,True,tls12,TLS_ECDHE_RSA_WITH_AES_256_GCM_SHA384,,,,2023-05-28T18:20:06Z,2023-08-26T18:20:05Z,CN=a1.woodpecker.co,a1.woodpecker.co,"CN=R3, O=Let's Encrypt, C=US",R3,da8d0d8bc8ed19318bd3c1c30ca80761,4cd9f2f55effaa72ec3712faeac7431a8b0dab55832eb94ca734507e211b8581,ctls,a1.woodpecker.co,443,https://a1.woodpecker.co:443,https,nginx,text/html,GET,192.99.252.74,/,-1139029258,192.99.252.74,Nginx,6,False,a1.woodpecker.co,Let's Encrypt,,,,,,
a2.woodpecker.co,,404,42,a2.woodpecker.co,443,True,tls12,TLS_ECDHE_RSA_WITH_AES_256_GCM_SHA384,,,,2023-05-28T18:46:23Z,2023-08-26T18:46:22Z,CN=a2.woodpecker.co,a2.woodpecker.co,"CN=R3, O=Let's Encrypt, C=US",R3,7b5ce43cd603a3549d725577b716646c,7fcbb831539756f90f63319fa4f7eef02d4ae4c76048193db44775e12e9247a3,ctls,a2.woodpecker.co,443,https://a2.woodpecker.co:443,https,nginx,text/html,GET,192.99.252.75,/,-1139029258,192.99.252.75,Nginx,6,False,a2.woodpecker.co,Let's Encrypt,,,,,,
api-2.woodpecker.co,[API 1.0] Woodpecker.co API Documentation - Woodpecker,200,71897,woodpecker.co,443,True,tls13,TLS_AES_128_GCM_SHA256,,,,2023-05-07T03:55:33Z,2023-08-05T03:55:32Z,CN=woodpecker.co,woodpecker.co,"CN=GTS CA 1P5, O=Google Trust Services LLC, C=US",GTS CA 1P5,a3f6557485666c63a196e0efd8aba690,919d419c9841692a8a1494e7c660580a70d8ce268f73e923d4acc9ea320027cf,ctls,woodpecker.co,443,https://api-2.woodpecker.co:443,https,cloudflare,text/html,GET,92.222.99.200,/,-1596369533,92.222.99.200,WordPress:6.1.1,876,False,*.woodpecker.co,Google Trust Services LLC,True,,,,https://woodpecker.co/help/woodpecker-api-documentation/,
api-iam.woodpecker.co,,404,19,api-iam.woodpecker.co,443,True,tls12,TLS_ECDHE_RSA_WITH_AES_256_GCM_SHA384,,,,2022-08-12T00:00:00Z,2023-09-11T23:59:59Z,CN=*.woodpecker.co,*.woodpecker.co,"CN=Sectigo RSA Domain Validation Secure Server CA, O=Sectigo Limited, L=Salford, ST=Greater Manchester, C=GB",Sectigo RSA Domain Validation Secure Server CA,445083ab68c32b57f2224759a30d4a37,0c2aac7cbe555901f3a7be3ba0a1d4e488219b4d7e4066e87cf99fa26a739bd8,ctls,api-iam.woodpecker.co,443,https://api-iam.woodpecker.co:443,https,,text/plain,GET,92.222.99.200,/,-138391155,92.222.99.200,,2,False,woodpecker.co,Sectigo Limited,True,,,,,
api-mobile.woodpecker.co,,404,19,api-mobile.woodpecker.co,443,True,tls12,TLS_ECDHE_RSA_WITH_AES_256_GCM_SHA384,,,,2022-08-12T00:00:00Z,2023-09-11T23:59:59Z,CN=*.woodpecker.co,*.woodpecker.co,"CN=Sectigo RSA Domain Validation Secure Server CA, O=Sectigo Limited, L=Salford, ST=Greater Manchester, C=GB",Sectigo RSA Domain Validation Secure Server CA,445083ab68c32b57f2224759a30d4a37,0c2aac7cbe555901f3a7be3ba0a1d4e488219b4d7e4066e87cf99fa26a739bd8,ctls,api-mobile.woodpecker.co,443,https://api-mobile.woodpecker.co:443,https,,text/plain,GET,92.222.99.200,/,-138391155,92.222.99.200,,2,False,woodpecker.co,Sectigo Limited,True,,,,,
api-monitor.woodpecker.co,,404,19,api-monitor.woodpecker.co,443,True,tls12,TLS_ECDHE_RSA_WITH_AES_256_GCM_SHA384,,,,2022-08-12T00:00:00Z,2023-09-11T23:59:59Z,CN=*.woodpecker.co,*.woodpecker.co,"CN=Sectigo RSA Domain Validation Secure Server CA, O=Sectigo Limited, L=Salford, ST=Greater Manchester, C=GB",Sectigo RSA Domain Validation Secure Server CA,445083ab68c32b57f2224759a30d4a37,0c2aac7cbe555901f3a7be3ba0a1d4e488219b4d7e4066e87cf99fa26a739bd8,ctls,api-monitor.woodpecker.co,443,https://api-monitor.woodpecker.co:443,https,,text/plain,GET,92.222.99.200,/,-138391155,92.222.99.200,,2,False,woodpecker.co,Sectigo Limited,True,,,,,
api-web.woodpecker.co,Error,404,531,api-web.woodpecker.co,443,True,tls13,TLS_AES_128_GCM_SHA256,,,,2023-05-07T03:55:33Z,2023-08-05T03:55:32Z,CN=woodpecker.co,woodpecker.co,"CN=GTS CA 1P5, O=Google Trust Services LLC, C=US",GTS CA 1P5,a3f6557485666c63a196e0efd8aba690,919d419c9841692a8a1494e7c660580a70d8ce268f73e923d4acc9ea320027cf,ctls,api-web.woodpecker.co,443,https://api-web.woodpecker.co:443,https,cloudflare,text/html,GET,172.66.43.161,/,-1980762409,2606:4700:3108::ac42:285f,Node.js,12,False,*.woodpecker.co,Google Trust Services LLC,True,,cloudflare,True,,
api.woodpecker.co,[API 1.0] Woodpecker.co API Documentation - Woodpecker,200,71897,woodpecker.co,443,True,tls13,TLS_AES_128_GCM_SHA256,,,,2023-05-07T03:55:33Z,2023-08-05T03:55:32Z,CN=woodpecker.co,woodpecker.co,"CN=GTS CA 1P5, O=Google Trust Services LLC, C=US",GTS CA 1P5,a3f6557485666c63a196e0efd8aba690,919d419c9841692a8a1494e7c660580a70d8ce268f73e923d4acc9ea320027cf,ctls,woodpecker.co,443,https://api.woodpecker.co:443,https,cloudflare,text/html,GET,92.222.99.200,/,-138391155,92.222.99.200,WordPress:6.1.1,876,False,*.woodpecker.co,Google Trust Services LLC,True,,,,https://woodpecker.co/help/woodpecker-api-documentation/,
app.woodpecker.co,,200,125,app.woodpecker.co,443,True,tls12,TLS_ECDHE_RSA_WITH_AES_256_GCM_SHA384,,,,2022-08-12T00:00:00Z,2023-09-11T23:59:59Z,CN=*.woodpecker.co,*.woodpecker.co,"CN=Sectigo RSA Domain Validation Secure Server CA, O=Sectigo Limited, L=Salford, ST=Greater Manchester, C=GB",Sectigo RSA Domain Validation Secure Server CA,445083ab68c32b57f2224759a30d4a37,0c2aac7cbe555901f3a7be3ba0a1d4e488219b4d7e4066e87cf99fa26a739bd8,ctls,app.woodpecker.co,443,https://app.woodpecker.co:443,https,Jetty(9.4.48.v20220622),text/html,GET,92.222.99.200,/,1290120358,92.222.99.200,Jetty:9.4.48,8,False,woodpecker.co,Sectigo Limited,True,,,,,
app1.woodpecker.co,,200,125,app1.woodpecker.co,443,True,tls12,TLS_ECDHE_RSA_WITH_AES_256_GCM_SHA384,,,,2022-08-12T00:00:00Z,2023-09-11T23:59:59Z,CN=*.woodpecker.co,*.woodpecker.co,"CN=Sectigo RSA Domain Validation Secure Server CA, O=Sectigo Limited, L=Salford, ST=Greater Manchester, C=GB",Sectigo RSA Domain Validation Secure Server CA,445083ab68c32b57f2224759a30d4a37,0c2aac7cbe555901f3a7be3ba0a1d4e488219b4d7e4066e87cf99fa26a739bd8,ctls,app1.woodpecker.co,443,https://app1.woodpecker.co:443,https,Jetty(9.4.48.v20220622),text/html,GET,92.222.99.200,/,1290120358,92.222.99.200,Jetty:9.4.48,8,False,woodpecker.co,Sectigo Limited,True,,,,,
app2.woodpecker.co,,200,125,app2.woodpecker.co,443,True,tls12,TLS_ECDHE_RSA_WITH_AES_256_GCM_SHA384,,,,2022-08-12T00:00:00Z,2023-09-11T23:59:59Z,CN=*.woodpecker.co,*.woodpecker.co,"CN=Sectigo RSA Domain Validation Secure Server CA, O=Sectigo Limited, L=Salford, ST=Greater Manchester, C=GB",Sectigo RSA Domain Validation Secure Server CA,445083ab68c32b57f2224759a30d4a37,0c2aac7cbe555901f3a7be3ba0a1d4e488219b4d7e4066e87cf99fa26a739bd8,ctls,app2.woodpecker.co,443,https://app2.woodpecker.co:443,https,Jetty(9.4.48.v20220622),text/html,GET,92.222.99.200,/,1290120358,92.222.99.200,Jetty:9.4.48,8,False,woodpecker.co,Sectigo Limited,True,,,,,
app3.woodpecker.co,,401,112,app3.woodpecker.co,443,True,tls12,TLS_ECDHE_RSA_WITH_AES_256_GCM_SHA384,,,,2022-08-12T00:00:00Z,2023-09-11T23:59:59Z,CN=*.woodpecker.co,*.woodpecker.co,"CN=Sectigo RSA Domain Validation Secure Server CA, O=Sectigo Limited, L=Salford, ST=Greater Manchester, C=GB",Sectigo RSA Domain Validation Secure Server CA,445083ab68c32b57f2224759a30d4a37,0c2aac7cbe555901f3a7be3ba0a1d4e488219b4d7e4066e87cf99fa26a739bd8,ctls,app3.woodpecker.co,443,https://app3.woodpecker.co:443,https,,text/html,GET,92.222.99.200,/,1750426762,92.222.99.200,Basic,4,False,woodpecker.co,Sectigo Limited,True,,,,,
app4.woodpecker.co,,401,112,app4.woodpecker.co,443,True,tls12,TLS_ECDHE_RSA_WITH_AES_256_GCM_SHA384,,,,2022-08-12T00:00:00Z,2023-09-11T23:59:59Z,CN=*.woodpecker.co,*.woodpecker.co,"CN=Sectigo RSA Domain Validation Secure Server CA, O=Sectigo Limited, L=Salford, ST=Greater Manchester, C=GB",Sectigo RSA Domain Validation Secure Server CA,445083ab68c32b57f2224759a30d4a37,0c2aac7cbe555901f3a7be3ba0a1d4e488219b4d7e4066e87cf99fa26a739bd8,ctls,app4.woodpecker.co,443,https://app4.woodpecker.co:443,https,,text/html,GET,92.222.99.200,/,1750426762,92.222.99.200,Basic,4,False,woodpecker.co,Sectigo Limited,True,,,,,
app5.woodpecker.co,,401,112,app5.woodpecker.co,443,True,tls12,TLS_ECDHE_RSA_WITH_AES_256_GCM_SHA384,,,,2022-08-12T00:00:00Z,2023-09-11T23:59:59Z,CN=*.woodpecker.co,*.woodpecker.co,"CN=Sectigo RSA Domain Validation Secure Server CA, O=Sectigo Limited, L=Salford, ST=Greater Manchester, C=GB",Sectigo RSA Domain Validation Secure Server CA,445083ab68c32b57f2224759a30d4a37,0c2aac7cbe555901f3a7be3ba0a1d4e488219b4d7e4066e87cf99fa26a739bd8,ctls,app5.woodpecker.co,443,https://app5.woodpecker.co:443,https,,text/html,GET,92.222.99.200,/,1750426762,92.222.99.200,Basic,4,False,woodpecker.co,Sectigo Limited,True,,,,,
backup1.prod.woodpecker.co,500 Internal Server Error,500,170,backup1.prod.woodpecker.co,443,True,tls13,TLS_AES_128_GCM_SHA256,True,True,True,2022-04-02T04:13:27Z,2023-04-02T04:13:27Z,CN=letsencrypt-nginx-proxy-companion,letsencrypt-nginx-proxy-companion,CN=letsencrypt-nginx-proxy-companion,letsencrypt-nginx-proxy-companion,964ddb0ab863989fcfa6c66fe1cb5e93,7749311bff6706a6a75c61c91e7e48c661e7269ba223670ed53efbf7d584da72,ctls,backup1.prod.woodpecker.co,443,https://backup1.prod.woodpecker.co:443,https,nginx,text/html,GET,145.239.8.14,/,1392782656,145.239.8.14,Nginx,8,False,,,,,,,,
betahelp.woodpecker.co,Not Found,404,1027,betahelp.woodpecker.co,443,True,tls12,TLS_ECDHE_RSA_WITH_AES_256_GCM_SHA384,,,True,2023-05-16T00:00:00Z,2024-06-15T23:59:59Z,"CN=*.helpscoutdocs.com, O=Help Scout PBC, L=Boston, ST=Massachusetts, C=US",*.helpscoutdocs.com,"CN=DigiCert Global G2 TLS RSA SHA256 2020 CA1, O=DigiCert Inc, C=US",DigiCert Global G2 TLS RSA SHA256 2020 CA1,f2008471fe5842f5d965b627e29af148,40b32f58df2dbf1475c6e6ece1ab13f01017645883a150c30f32d9d79e20546c,ctls,betahelp.woodpecker.co,443,https://betahelp.woodpecker.co:443,https,openresty,text/html,GET,52.20.43.235,/,1627057485,54.156.238.214,OpenResty,35,False,helpscoutdocs.com,DigiCert Inc,True,Help Scout PBC,,,,
branch.woodpecker.co,,401,112,branch.woodpecker.co,443,True,tls12,TLS_ECDHE_RSA_WITH_AES_256_GCM_SHA384,,,,2022-08-12T00:00:00Z,2023-09-11T23:59:59Z,CN=*.woodpecker.co,*.woodpecker.co,"CN=Sectigo RSA Domain Validation Secure Server CA, O=Sectigo Limited, L=Salford, ST=Greater Manchester, C=GB",Sectigo RSA Domain Validation Secure Server CA,445083ab68c32b57f2224759a30d4a37,0c2aac7cbe555901f3a7be3ba0a1d4e488219b4d7e4066e87cf99fa26a739bd8,ctls,branch.woodpecker.co,443,https://branch.woodpecker.co:443,https,,text/html,GET,92.222.99.200,/,1750426762,92.222.99.200,Basic,4,False,woodpecker.co,Sectigo Limited,True,,,,,
c.woodpecker.co,404 Not Found,404,162,c.woodpecker.co,443,True,tls12,TLS_ECDHE_RSA_WITH_AES_128_GCM_SHA256,,,True,2022-12-14T18:12:57Z,2024-01-15T17:57:31Z,CN=*.sendgrid.net,*.sendgrid.net,"CN=Go Daddy Secure Certificate Authority - G2, OU=http://certs.godaddy.com/repository/, O=GoDaddy.com\, Inc., L=Scottsdale, ST=Arizona, C=US",Go Daddy Secure Certificate Authority - G2,5b6add9e6e69e62589480ba3bd94b267,53aadc5910a6619d5102afbe44af32ecae87d4ef77fea8317be1ddc34b349e10,ctls,c.woodpecker.co,443,https://c.woodpecker.co:443,https,nginx,text/html,GET,167.89.118.83,/,190856733,167.89.123.54,Nginx,8,False,sendgrid.net,"GoDaddy.com, Inc.",True,,,,,
c1.oo.woodpecker.co,Woodpecker.co,502,1950,c1.oo.woodpecker.co,443,True,tls12,TLS_ECDHE_RSA_WITH_AES_256_GCM_SHA384,,,True,2018-09-04T09:06:00Z,2048-08-27T09:06:00Z,"CN=admin.woodpecker, OU=Internal Certificate Issuer, O=Woodpecker.co Sp. z o.o., L=Wroclaw, ST=Dolnoslaskie, C=PL",admin.woodpecker,"CN=Woodpecker Internal CA, OU=Internal Certificate Issuer, O=Woodpecker.co Sp. z o.o., L=Wroclaw, ST=Dolnoslaskie, C=PL",Woodpecker Internal CA,86456eda6507415b37a22bcefb28503d,c4076e37684b6f18f537e626e7e2741c5d4d88c936b0b02b539e2c3ea7d109fa,ctls,c1.oo.woodpecker.co,443,https://c1.oo.woodpecker.co:443,https,,text/html,GET,92.222.99.201,/,-1596369533,92.222.99.201,,88,False,admin.woodpecker,Woodpecker.co Sp. z o.o.,,Woodpecker.co Sp. z o.o.,,,,
c1.xb2b.woodpecker.co,Woodpecker.co,502,1950,c1.xb2b.woodpecker.co,443,True,tls12,TLS_ECDHE_RSA_WITH_AES_256_GCM_SHA384,,,True,2018-09-04T09:06:00Z,2048-08-27T09:06:00Z,"CN=admin.woodpecker, OU=Internal Certificate Issuer, O=Woodpecker.co Sp. z o.o., L=Wroclaw, ST=Dolnoslaskie, C=PL",admin.woodpecker,"CN=Woodpecker Internal CA, OU=Internal Certificate Issuer, O=Woodpecker.co Sp. z o.o., L=Wroclaw, ST=Dolnoslaskie, C=PL",Woodpecker Internal CA,86456eda6507415b37a22bcefb28503d,c4076e37684b6f18f537e626e7e2741c5d4d88c936b0b02b539e2c3ea7d109fa,ctls,c1.xb2b.woodpecker.co,443,https://c1.xb2b.woodpecker.co:443,https,,text/html,GET,92.222.99.201,/,-1596369533,92.222.99.201,,88,False,admin.woodpecker,Woodpecker.co Sp. z o.o.,,Woodpecker.co Sp. z o.o.,,,,
camp.woodpecker.co,Information pack for the Woodpecker Cold Email Camp participants,200,6169,camp.woodpecker.co,443,True,tls13,TLS_AES_128_GCM_SHA256,,,,2023-06-22T13:32:52Z,2023-09-20T13:32:51Z,CN=camp.woodpecker.co,camp.woodpecker.co,"CN=R3, O=Let's Encrypt, C=US",R3,bdc2803c83bada19da942180083f45ac,4296a16a3c9d8fa3a7515f589109676019ea093ad25fb4cf0098ed92983ad9b9,ctls,camp.woodpecker.co,443,https://camp.woodpecker.co:443,https,cloudflare,text/html,GET,188.114.96.3,/,-1192402376,2a06:98c1:3120::3,HTTP/3,1,False,camp.woodpecker.co,Let's Encrypt,,,cloudflare,True,,
checker.woodpecker.co,,401,112,checker.woodpecker.co,443,True,tls12,TLS_ECDHE_RSA_WITH_AES_256_GCM_SHA384,,,,2022-08-12T00:00:00Z,2023-09-11T23:59:59Z,CN=*.woodpecker.co,*.woodpecker.co,"CN=Sectigo RSA Domain Validation Secure Server CA, O=Sectigo Limited, L=Salford, ST=Greater Manchester, C=GB",Sectigo RSA Domain Validation Secure Server CA,445083ab68c32b57f2224759a30d4a37,0c2aac7cbe555901f3a7be3ba0a1d4e488219b4d7e4066e87cf99fa26a739bd8,ctls,checker.woodpecker.co,443,https://checker.woodpecker.co:443,https,,text/html,GET,92.222.99.198,/,1750426762,92.222.99.198,Basic,4,False,woodpecker.co,Sectigo Limited,True,,,,,
cloud1.open.woodpecker.co,,404,42,cloud1.open.woodpecker.co,443,True,tls12,TLS_ECDHE_RSA_WITH_AES_256_GCM_SHA384,,,,2023-05-21T22:06:29Z,2023-08-19T22:06:28Z,CN=cloud1.open.woodpecker.co,cloud1.open.woodpecker.co,"CN=R3, O=Let's Encrypt, C=US",R3,ac638db401b8821631e45b09e4e69406,0348316574c45abc02a165b8dea0531b9cb9c4cb7093038b81d071bd70dde8a2,ctls,cloud1.open.woodpecker.co,443,https://cloud1.open.woodpecker.co:443,https,nginx,text/html,GET,142.44.253.243,/,-1139029258,142.44.253.243,Nginx,6,False,cloud1.open.woodpecker.co,Let's Encrypt,,,,,,
cloud2.open.woodpecker.co,,404,42,cloud2.open.woodpecker.co,443,True,tls12,TLS_ECDHE_RSA_WITH_AES_256_GCM_SHA384,,,,2023-06-05T19:17:58Z,2023-09-03T19:17:57Z,CN=cloud2.open.woodpecker.co,cloud2.open.woodpecker.co,"CN=R3, O=Let's Encrypt, C=US",R3,0854dd4ce44fed1bcb8e3901dc75cfe5,678ccb8ab0ea2ca5a83bb9c41800c687e28c0c125ada452645a9e1f65f571910,ctls,cloud2.open.woodpecker.co,443,https://cloud2.open.woodpecker.co:443,https,nginx,text/html,GET,147.135.116.215,/,-1139029258,147.135.116.215,Nginx,6,False,cloud2.open.woodpecker.co,Let's Encrypt,,,,,,
comx.wl.woodpecker.co,,200,125,comx.wl.woodpecker.co,443,True,tls12,TLS_ECDHE_RSA_WITH_AES_256_GCM_SHA384,,,True,2018-09-04T09:06:00Z,2048-08-27T09:06:00Z,"CN=admin.woodpecker, OU=Internal Certificate Issuer, O=Woodpecker.co Sp. z o.o., L=Wroclaw, ST=Dolnoslaskie, C=PL",admin.woodpecker,"CN=Woodpecker Internal CA, OU=Internal Certificate Issuer, O=Woodpecker.co Sp. z o.o., L=Wroclaw, ST=Dolnoslaskie, C=PL",Woodpecker Internal CA,86456eda6507415b37a22bcefb28503d,c4076e37684b6f18f537e626e7e2741c5d4d88c936b0b02b539e2c3ea7d109fa,ctls,comx.wl.woodpecker.co,443,https://comx.wl.woodpecker.co:443,https,Jetty(9.4.48.v20220622),text/html,GET,92.222.99.201,/,1290120358,92.222.99.201,Jetty:9.4.48,8,False,admin.woodpecker,Woodpecker.co Sp. z o.o.,,Woodpecker.co Sp. z o.o.,,,,
deliverability.woodpecker.co,Deliverability 101 – Get a Free Ebook – Woodpecker.co,200,76057,woodpecker.co,443,True,tls13,TLS_AES_128_GCM_SHA256,,,,2023-05-07T03:55:33Z,2023-08-05T03:55:32Z,CN=woodpecker.co,woodpecker.co,"CN=GTS CA 1P5, O=Google Trust Services LLC, C=US",GTS CA 1P5,a3f6557485666c63a196e0efd8aba690,919d419c9841692a8a1494e7c660580a70d8ce268f73e923d4acc9ea320027cf,ctls,woodpecker.co,443,https://deliverability.woodpecker.co:443,https,cloudflare,text/html,GET,172.66.40.95,/,1219806045,2606:4700:3108::ac42:2ba1,WordPress:6.1.1,929,False,*.woodpecker.co,Google Trust Services LLC,True,,cloudflare,True,https://woodpecker.co/ebooks/deliverability/,
dev.woodpecker.co,,401,112,dev.woodpecker.co,443,True,tls12,TLS_ECDHE_RSA_WITH_AES_256_GCM_SHA384,,,,2022-08-12T00:00:00Z,2023-09-11T23:59:59Z,CN=*.woodpecker.co,*.woodpecker.co,"CN=Sectigo RSA Domain Validation Secure Server CA, O=Sectigo Limited, L=Salford, ST=Greater Manchester, C=GB",Sectigo RSA Domain Validation Secure Server CA,445083ab68c32b57f2224759a30d4a37,0c2aac7cbe555901f3a7be3ba0a1d4e488219b4d7e4066e87cf99fa26a739bd8,ctls,dev.woodpecker.co,443,https://dev.woodpecker.co:443,https,,text/html,GET,92.222.99.200,/,1750426762,92.222.99.200,Basic,4,False,woodpecker.co,Sectigo Limited,True,,,,,
dev1.woodpecker.co,,401,112,dev1.woodpecker.co,443,True,tls12,TLS_ECDHE_RSA_WITH_AES_256_GCM_SHA384,,,,2022-08-12T00:00:00Z,2023-09-11T23:59:59Z,CN=*.woodpecker.co,*.woodpecker.co,"CN=Sectigo RSA Domain Validation Secure Server CA, O=Sectigo Limited, L=Salford, ST=Greater Manchester, C=GB",Sectigo RSA Domain Validation Secure Server CA,445083ab68c32b57f2224759a30d4a37,0c2aac7cbe555901f3a7be3ba0a1d4e488219b4d7e4066e87cf99fa26a739bd8,ctls,dev1.woodpecker.co,443,https://dev1.woodpecker.co:443,https,,text/html,GET,92.222.99.200,/,1750426762,92.222.99.200,Basic,4,False,woodpecker.co,Sectigo Limited,True,,,,,
dev2.woodpecker.co,,401,112,dev2.woodpecker.co,443,True,tls12,TLS_ECDHE_RSA_WITH_AES_256_GCM_SHA384,,,,2022-08-12T00:00:00Z,2023-09-11T23:59:59Z,CN=*.woodpecker.co,*.woodpecker.co,"CN=Sectigo RSA Domain Validation Secure Server CA, O=Sectigo Limited, L=Salford, ST=Greater Manchester, C=GB",Sectigo RSA Domain Validation Secure Server CA,445083ab68c32b57f2224759a30d4a37,0c2aac7cbe555901f3a7be3ba0a1d4e488219b4d7e4066e87cf99fa26a739bd8,ctls,dev2.woodpecker.co,443,https://dev2.woodpecker.co:443,https,,text/html,GET,92.222.99.200,/,1750426762,92.222.99.200,Basic,4,False,woodpecker.co,Sectigo Limited,True,,,,,
dev3.woodpecker.co,,401,112,dev3.woodpecker.co,443,True,tls12,TLS_ECDHE_RSA_WITH_AES_256_GCM_SHA384,,,,2022-08-12T00:00:00Z,2023-09-11T23:59:59Z,CN=*.woodpecker.co,*.woodpecker.co,"CN=Sectigo RSA Domain Validation Secure Server CA, O=Sectigo Limited, L=Salford, ST=Greater Manchester, C=GB",Sectigo RSA Domain Validation Secure Server CA,445083ab68c32b57f2224759a30d4a37,0c2aac7cbe555901f3a7be3ba0a1d4e488219b4d7e4066e87cf99fa26a739bd8,ctls,dev3.woodpecker.co,443,https://dev3.woodpecker.co:443,https,,text/html,GET,92.222.99.200,/,1750426762,92.222.99.200,Basic,4,False,woodpecker.co,Sectigo Limited,True,,,,,
dev4.woodpecker.co,,401,112,dev4.woodpecker.co,443,True,tls12,TLS_ECDHE_RSA_WITH_AES_256_GCM_SHA384,,,,2022-08-12T00:00:00Z,2023-09-11T23:59:59Z,CN=*.woodpecker.co,*.woodpecker.co,"CN=Sectigo RSA Domain Validation Secure Server CA, O=Sectigo Limited, L=Salford, ST=Greater Manchester, C=GB",Sectigo RSA Domain Validation Secure Server CA,445083ab68c32b57f2224759a30d4a37,0c2aac7cbe555901f3a7be3ba0a1d4e488219b4d7e4066e87cf99fa26a739bd8,ctls,dev4.woodpecker.co,443,https://dev4.woodpecker.co:443,https,,text/html,GET,92.222.99.200,/,1750426762,92.222.99.200,Basic,4,False,woodpecker.co,Sectigo Limited,True,,,,,
dev5.woodpecker.co,,401,112,dev5.woodpecker.co,443,True,tls12,TLS_ECDHE_RSA_WITH_AES_256_GCM_SHA384,,,,2022-08-12T00:00:00Z,2023-09-11T23:59:59Z,CN=*.woodpecker.co,*.woodpecker.co,"CN=Sectigo RSA Domain Validation Secure Server CA, O=Sectigo Limited, L=Salford, ST=Greater Manchester, C=GB",Sectigo RSA Domain Validation Secure Server CA,445083ab68c32b57f2224759a30d4a37,0c2aac7cbe555901f3a7be3ba0a1d4e488219b4d7e4066e87cf99fa26a739bd8,ctls,dev5.woodpecker.co,443,https://dev5.woodpecker.co:443,https,,text/html,GET,92.222.99.200,/,1750426762,92.222.99.200,Basic,4,False,woodpecker.co,Sectigo Limited,True,,,,,
digitalocean1.open.woodpecker.co,,404,42,digitalocean1.open.woodpecker.co,443,True,tls12,TLS_ECDHE_RSA_WITH_AES_256_GCM_SHA384,,,,2023-05-19T20:37:21Z,2023-08-17T20:37:20Z,CN=digitalocean1.open.woodpecker.co,digitalocean1.open.woodpecker.co,"CN=R3, O=Let's Encrypt, C=US",R3,dac133034f0fb59f080a820dab90ed67,a5099303f142fd3d151fce5bbd3852a06ae15804ab0dadcf72aa88764405b355,ctls,digitalocean1.open.woodpecker.co,443,https://digitalocean1.open.woodpecker.co:443,https,nginx,text/html,GET,104.131.160.220,/,-1139029258,104.131.160.220,Nginx,6,False,digitalocean1.open.woodpecker.co,Let's Encrypt,,,,,,
docs.woodpecker.co,Woodpecker.co Help Center,200,77248,docs.woodpecker.co,443,True,tls13,TLS_AES_128_GCM_SHA256,,,,2023-05-07T03:55:33Z,2023-08-05T03:55:32Z,CN=woodpecker.co,woodpecker.co,"CN=GTS CA 1P5, O=Google Trust Services LLC, C=US",GTS CA 1P5,a3f6557485666c63a196e0efd8aba690,919d419c9841692a8a1494e7c660580a70d8ce268f73e923d4acc9ea320027cf,ctls,docs.woodpecker.co,443,https://docs.woodpecker.co:443,https,cloudflare,text/html,GET,172.66.43.161,/,-1840324437,2606:4700:3108::ac42:2ba1,HTTP/3,43,False,*.woodpecker.co,Google Trust Services LLC,True,,cloudflare,True,https://docs.woodpecker.co/en/,https://widget.intercom.io
files.woodpecker.co,403 Forbidden,403,146,files.woodpecker.co,443,True,tls12,TLS_ECDHE_RSA_WITH_AES_256_GCM_SHA384,,,,2022-08-12T00:00:00Z,2023-09-11T23:59:59Z,CN=*.woodpecker.co,*.woodpecker.co,"CN=Sectigo RSA Domain Validation Secure Server CA, O=Sectigo Limited, L=Salford, ST=Greater Manchester, C=GB",Sectigo RSA Domain Validation Secure Server CA,445083ab68c32b57f2224759a30d4a37,0c2aac7cbe555901f3a7be3ba0a1d4e488219b4d7e4066e87cf99fa26a739bd8,ctls,files.woodpecker.co,443,https://files.woodpecker.co:443,https,nginx,text/html,GET,92.222.99.198,/,1494302000,92.222.99.198,Nginx,8,False,woodpecker.co,Sectigo Limited,True,,,,,
follow-up-guide.woodpecker.co,Sales Follow-up Guide – Get a Free Ebook – Woodpecker.co,200,77164,woodpecker.co,443,True,tls13,TLS_AES_128_GCM_SHA256,,,,2023-05-07T03:55:33Z,2023-08-05T03:55:32Z,CN=woodpecker.co,woodpecker.co,"CN=GTS CA 1P5, O=Google Trust Services LLC, C=US",GTS CA 1P5,a3f6557485666c63a196e0efd8aba690,919d419c9841692a8a1494e7c660580a70d8ce268f73e923d4acc9ea320027cf,ctls,woodpecker.co,443,https://follow-up-guide.woodpecker.co:443,https,cloudflare,text/html,GET,172.66.43.161,/,-282239006,2606:4700:3108::ac42:2ba1,WordPress:6.1.1,950,False,*.woodpecker.co,Google Trust Services LLC,True,,cloudflare,True,https://woodpecker.co/ebooks/follow-up-guide/,
follow-up-templates.woodpecker.co,Follow-up Email Templates Collection - Get a Free Ebook - Woodpecker.co,200,76352,woodpecker.co,443,True,tls13,TLS_AES_128_GCM_SHA256,,,,2023-05-07T03:55:33Z,2023-08-05T03:55:32Z,CN=woodpecker.co,woodpecker.co,"CN=GTS CA 1P5, O=Google Trust Services LLC, C=US",GTS CA 1P5,a3f6557485666c63a196e0efd8aba690,919d419c9841692a8a1494e7c660580a70d8ce268f73e923d4acc9ea320027cf,ctls,woodpecker.co,443,https://follow-up-templates.woodpecker.co:443,https,cloudflare,text/html,GET,172.66.43.161,/,-1928500190,2606:4700:3108::ac42:285f,WordPress:6.1.1,934,False,*.woodpecker.co,Google Trust Services LLC,True,,cloudflare,True,https://woodpecker.co/ebooks/follow-up-templates/,
gdpr-ebook.woodpecker.co,GDPR and Email Outreach – Get a Free Ebook – Woodpecker.co,200,77513,woodpecker.co,443,True,tls13,TLS_AES_128_GCM_SHA256,,,,2023-05-07T03:55:33Z,2023-08-05T03:55:32Z,CN=woodpecker.co,woodpecker.co,"CN=GTS CA 1P5, O=Google Trust Services LLC, C=US",GTS CA 1P5,a3f6557485666c63a196e0efd8aba690,919d419c9841692a8a1494e7c660580a70d8ce268f73e923d4acc9ea320027cf,ctls,woodpecker.co,443,https://gdpr-ebook.woodpecker.co:443,https,cloudflare,text/html,GET,172.66.40.95,/,471545238,2606:4700:3108::ac42:2ba1,WordPress:6.1.1,951,False,*.woodpecker.co,Google Trust Services LLC,True,,cloudflare,True,https://woodpecker.co/ebooks/gdpr-ebook/,
gdpr-workbook.woodpecker.co,GDPR and Email Outreach – Get a Free Ebook – Woodpecker.co,200,77513,woodpecker.co,443,True,tls13,TLS_AES_128_GCM_SHA256,,,,2023-05-07T03:55:33Z,2023-08-05T03:55:32Z,CN=woodpecker.co,woodpecker.co,"CN=GTS CA 1P5, O=Google Trust Services LLC, C=US",GTS CA 1P5,a3f6557485666c63a196e0efd8aba690,919d419c9841692a8a1494e7c660580a70d8ce268f73e923d4acc9ea320027cf,ctls,woodpecker.co,443,https://gdpr-workbook.woodpecker.co:443,https,cloudflare,text/html,GET,172.66.40.95,/,-1526860003,2606:4700:3108::ac42:285f,WordPress:6.1.1,951,False,*.woodpecker.co,Google Trust Services LLC,True,,cloudflare,True,https://woodpecker.co/ebooks/gdpr-ebook/,
grafana.woodpecker.co,401 Authorization Required,401,172,grafana.woodpecker.co,443,True,tls13,TLS_AES_256_GCM_SHA384,,,,2022-08-12T00:00:00Z,2023-09-11T23:59:59Z,CN=*.woodpecker.co,*.woodpecker.co,"CN=Sectigo RSA Domain Validation Secure Server CA, O=Sectigo Limited, L=Salford, ST=Greater Manchester, C=GB",Sectigo RSA Domain Validation Secure Server CA,445083ab68c32b57f2224759a30d4a37,0c2aac7cbe555901f3a7be3ba0a1d4e488219b4d7e4066e87cf99fa26a739bd8,ctls,grafana.woodpecker.co,443,https://grafana.woodpecker.co:443,https,nginx,text/html,GET,51.75.62.13,/,-1710455754,51.75.62.13,Nginx,8,False,woodpecker.co,Sectigo Limited,True,,,,,
help.woodpecker.co,Quickstart Vol.1 - Setting up a Cold Email Campaign - Woodpecker,200,106361,woodpecker.co,443,True,tls13,TLS_AES_128_GCM_SHA256,,,,2023-05-07T03:55:33Z,2023-08-05T03:55:32Z,CN=woodpecker.co,woodpecker.co,"CN=GTS CA 1P5, O=Google Trust Services LLC, C=US",GTS CA 1P5,a3f6557485666c63a196e0efd8aba690,919d419c9841692a8a1494e7c660580a70d8ce268f73e923d4acc9ea320027cf,ctls,woodpecker.co,443,https://help.woodpecker.co:443,https,cloudflare,text/html,GET,172.66.40.95,/,980130854,2606:4700:3108::ac42:2ba1,YouTube,1134,False,*.woodpecker.co,Google Trust Services LLC,True,,cloudflare,True,https://woodpecker.co/help/quickstart-vol-1-set-up-cold-email-campaign/,
https://academy.intercom.com,Intercom Academy,200,141312,academy.intercom.com,443,True,tls13,TLS_AES_128_GCM_SHA256,,,,2023-06-14T00:00:00Z,2024-07-12T23:59:59Z,CN=academy.intercom.com,academy.intercom.com,"CN=Amazon RSA 2048 M01, O=Amazon, C=US",Amazon RSA 2048 M01,8d2be96db4a096ded0219470195d95c1,212f173a4a45c86a616cec5355e91af4e9bc2ba4062b0545177392879dad6394,ctls,academy.intercom.com,443,https://academy.intercom.com:443,https,gunicorn,text/html,GET,18.66.147.25,/,-1857449216,18.66.147.24,gunicorn,2285,False,academy.intercom.com,Amazon,,,cloudfront,True,,
https://analytics.google.com,Redirecting...,200,888,analytics.google.com,443,True,tls13,TLS_AES_128_GCM_SHA256,,,,2023-05-29T08:16:17Z,2023-08-21T08:16:16Z,CN=*.google.com,*.google.com,"CN=GTS CA 1C3, O=Google Trust Services LLC, C=US",GTS CA 1C3,5c86a077182cd855f21b8d80b363100f,2aa97ca45c98e14d3cd12af65b396f1a51731b94ec4b5f705a8920116775adc2,ctls,analytics.google.com,443,https://analytics.google.com:443,https,ESF,text/html,GET,142.250.185.206,/,302920777,2a00:1450:4001:828::200e,HTTP/3,1,False,source.android.google.cn,Google Trust Services LLC,True,,,,https://analytics.google.com/analytics/web/,http:
https://app.au.intercom.com,Intercom | The easiest way to see and talk to your users,200,11698,app.au.intercom.com,443,True,tls13,TLS_AES_128_GCM_SHA256,,,True,2023-02-10T00:00:00Z,2024-02-08T23:59:59Z,CN=*.au.intercom.io,*.au.intercom.io,"CN=Amazon RSA 2048 M01, O=Amazon, C=US",Amazon RSA 2048 M01,981caee7c8a24ff7f99d38545198823f,e14f0f455afb8d09022322b2a8ed2cfb8f312f340f2afea2f42d46f57dd1e34d,ctls,app.au.intercom.com,443,https://app.au.intercom.com:443,https,nginx,text/html,GET,13.237.26.173,/,-1840324437,52.62.149.95,Ruby on Rails,237,False,*.mobile-messenger.au.intercom.io,Amazon,True,,,,https://app.au.intercom.com/admins/sign_in,dp3rct5vic41c.cloudfront.net
https://app.eu.intercom.com,Intercom | The easiest way to see and talk to your users,200,11666,app.eu.intercom.com,443,True,tls13,TLS_AES_128_GCM_SHA256,,,True,2023-05-10T00:00:00Z,2024-06-07T23:59:59Z,CN=*.eu.intercom.io,*.eu.intercom.io,"CN=Amazon RSA 2048 M01, O=Amazon, C=US",Amazon RSA 2048 M01,1eee4a9e8cfeefc760fd1f82e1cdeef7,c240f5f3b0b1a17c11765a6f1788972ddc95e4eea4b0b3da3c8d042e7ab78199,ctls,app.eu.intercom.com,443,https://app.eu.intercom.com:443,https,nginx,text/html,GET,52.212.14.197,/,-1840324437,99.80.70.150,Ruby on Rails,237,False,*.intercom-clicks.eu,Amazon,True,,,,https://app.eu.intercom.com/admins/sign_in,content.jwplatform.com
https://app.intercom.com,Intercom | The easiest way to see and talk to your users,200,12149,app.intercom.com,443,True,tls13,TLS_AES_128_GCM_SHA256,,,,2023-04-11T00:00:00Z,2024-05-10T23:59:59Z,CN=*.intercom.com,*.intercom.com,"CN=Amazon RSA 2048 M02, O=Amazon, C=US",Amazon RSA 2048 M02,c0951bf8e99caddb8b5fb0a86acd849a,8bb4b251f6aa931b7ca267c21ae35bffa2ce16bf2a329c060ff773b643a91397,ctls,app.intercom.com,443,https://app.intercom.com:443,https,nginx,text/html,GET,75.2.82.139,/,-1840324437,99.83.155.85,Ruby on Rails,246,False,intr.cm,Amazon,True,,,,https://app.intercom.com/admins/sign_in,switchet.s3.amazonaws.com
https://au.intercom.help,Knowledge Base Software | Intercom,200,609543,www.intercom.com,443,True,tls13,TLS_AES_128_GCM_SHA256,,,,2023-01-31T00:00:00Z,2024-02-29T23:59:59Z,CN=*.intercom.com,*.intercom.com,"CN=Amazon RSA 2048 M02, O=Amazon, C=US",Amazon RSA 2048 M02,16a273078de16b234593d38b6d599fb1,1e78e3095b988214d59d22c24591ce1594d50267fd887783e5b5dd71889744ee,ctls,www.intercom.com,443,https://au.intercom.help:443,https,nginx,text/html,GET,13.248.154.55,/,-1840324437,76.223.28.196,Nginx,17,False,intercom.com,Amazon,True,,,,https://www.intercom.com/articles,www.googletagmanager.com
https://connect.facebook.net,Facebook - log in or sign up,200,58921,m.facebook.com,443,True,tls13,TLS_AES_128_GCM_SHA256,,,,2023-04-03T00:00:00Z,2023-07-02T23:59:59Z,"CN=*.facebook.com, O=Meta Platforms\, Inc., L=Menlo Park, ST=California, C=US",*.facebook.com,"CN=DigiCert SHA2 High Assurance Server CA, OU=www.digicert.com, O=DigiCert Inc, C=US",DigiCert SHA2 High Assurance Server CA,09b594a073d59fa052f8dd033bd5cbc9,e6b84bbc64bb5a8d8e13bb1d0972e9b3b700a875199004e99c80fb4eb2c46373,ctls,m.facebook.com,443,https://connect.facebook.net:443,https,,text/html,GET,157.240.252.13,/,142313513,2a03:2880:f084:d:face:b00c:0:3,HTTP/3,18,False,messenger.com,DigiCert Inc,True,"Meta Platforms, Inc.",,,https://m.facebook.com/?wtsid=rdr_0Nm3fhht4vDSCR6hq,*.facebook.com
https://content.jwplatform.com,,404,,content.jwplatform.com,443,True,tls13,TLS_AES_128_GCM_SHA256,,,True,2023-03-01T00:00:00Z,2023-12-25T23:59:59Z,CN=jwplayer.com,jwplayer.com,"CN=Amazon RSA 2048 M02, O=Amazon, C=US",Amazon RSA 2048 M02,56629f85ff47cbbe29d529562b37a68b,bccb8b354c9a81f9d6a42dd4ae88794427d1be2728ad83ef126e8f13a463115a,ctls,content.jwplatform.com,443,https://content.jwplatform.com:443,https,,,GET,18.66.147.26,/,-1179026472,2600:9000:225e:5a00:1:a3fa:7cc0:93a1,Amazon Web Services,1,False,bitsontherun.com,Amazon,True,,cloudfront,True,,
https://embed.app.guidde.com,Embed guidde video,200,833,embed.app.guidde.com,443,True,tls13,TLS_AES_128_GCM_SHA256,,,,2023-05-28T22:54:38Z,2023-08-26T22:54:37Z,CN=embed.app.guidde.com,embed.app.guidde.com,"CN=R3, O=Let's Encrypt, C=US",R3,2744fcbc393c9676f4fee95b4fdb7140,3da4ce5c5c73ae60b3d6ece23f215c045ab31111fd9ff6f3c6e487b482091e14,ctls,embed.app.guidde.com,443,https://embed.app.guidde.com:443,https,Google Frontend,text/html,GET,34.149.248.197,/,1990843168,34.149.248.197,HTTP/3,1,False,embed.app.guidde.com,Let's Encrypt,,,google,True,,
https://fast.wistia.com,Sign in to your Wistia account,200,7159,auth.wistia.com,443,True,tls13,TLS_AES_128_GCM_SHA256,,,,2023-05-16T00:00:00Z,2024-06-13T23:59:59Z,CN=webservices-production-com-cloudfront-app-cname.wistia.com,webservices-production-com-cloudfront-app-cname.wistia.com,"CN=Amazon RSA 2048 M02, O=Amazon, C=US",Amazon RSA 2048 M02,8d8b4a8f175da0643b005a15023a5752,ecfa90d229a147e4b330994169f092f06d9a5923e7894d2198d4590b25974674,ctls,auth.wistia.com,443,https://fast.wistia.com:443,https,envoy,text/html,GET,151.101.2.110,/,837614330,2a04:4e42:600::622,HSTS,130,False,*.wistia.com,Amazon,True,,fastly,True,https://auth.wistia.com/session/new?app=wistia,
https://fast.wistia.net,Sign in to your Wistia account,200,7159,auth.wistia.com,443,True,tls13,TLS_AES_128_GCM_SHA256,,,,2023-05-16T00:00:00Z,2024-06-13T23:59:59Z,CN=webservices-production-com-cloudfront-app-cname.wistia.com,webservices-production-com-cloudfront-app-cname.wistia.com,"CN=Amazon RSA 2048 M02, O=Amazon, C=US",Amazon RSA 2048 M02,8d8b4a8f175da0643b005a15023a5752,ecfa90d229a147e4b330994169f092f06d9a5923e7894d2198d4590b25974674,ctls,auth.wistia.com,443,https://fast.wistia.net:443,https,envoy,text/html,GET,151.101.2.110,/,837614330,2a04:4e42:600::622,HSTS,130,False,*.wistia.com,Amazon,True,,fastly,True,https://auth.wistia.com/session/new?app=wistia,
https://fonts.intercomcdn.com,,403,263,fonts.intercomcdn.com,443,True,tls13,TLS_AES_128_GCM_SHA256,,,,2023-02-21T00:00:00Z,2024-01-29T23:59:59Z,CN=*.intercomcdn.com,*.intercomcdn.com,"CN=Amazon RSA 2048 M01, O=Amazon, C=US",Amazon RSA 2048 M01,f95b60c97316f403728b1c96679e6b5b,710d11668eee2865e5441f7650219a51966fefbff87b50788ddb8e9b444fa9a2,ctls,fonts.intercomcdn.com,443,https://fonts.intercomcdn.com:443,https,AmazonS3,application/xml,GET,18.66.97.72,/,1292920497,2600:9000:223c:2600:10:8536:c280:93a1,HTTP/3,2,False,*.intercomcdn.com,Amazon,True,,cloudfront,True,,
https://google-analytics.com,Analytics Tools & Solutions for Your Business - Google Analytics,200,118545,marketingplatform.google.com,443,True,tls13,TLS_AES_128_GCM_SHA256,,,,2023-05-29T08:16:17Z,2023-08-21T08:16:16Z,CN=*.google.com,*.google.com,"CN=GTS CA 1C3, O=Google Trust Services LLC, C=US",GTS CA 1C3,5c86a077182cd855f21b8d80b363100f,2aa97ca45c98e14d3cd12af65b396f1a51731b94ec4b5f705a8920116775adc2,ctls,marketingplatform.google.com,443,https://google-analytics.com:443,https,sffe,text/html,GET,142.250.186.36,/,302920777,2a00:1450:4001:827::2004,HTTP/3,1833,False,source.android.google.cn,Google Trust Services LLC,True,,,,https://marketingplatform.google.com/about/analytics/,https://csp.withgoogle.com/csp/uxe-owners-acl/marketing_platform
https://googleadservices.com,Error 404 (Not Found)!!1,404,1561,googleadservices.com,443,True,tls13,TLS_AES_128_GCM_SHA256,,,,2023-05-29T08:20:00Z,2023-08-21T08:19:59Z,CN=*.googleadservices.com,*.googleadservices.com,"CN=GTS CA 1C3, O=Google Trust Services LLC, C=US",GTS CA 1C3,a998b7fe49a4321335861c494a3eb404,a0df3c80bb08fe4b26d4fc8920c6bc3cb8172b1a7bbe310663037f4198609b80,ctls,googleadservices.com,443,https://googleadservices.com:443,https,sffe,text/html,GET,172.217.16.194,/,302920777,172.217.16.194,HTTP/3,12,False,googleadservices.com,Google Trust Services LLC,True,,,,,
https://googletagmanager.com,Error 400 (Bad Request)!!1,400,1555,googletagmanager.com,443,True,tls13,TLS_AES_128_GCM_SHA256,,,,2023-05-29T08:16:16Z,2023-08-21T08:16:15Z,CN=*.google-analytics.com,*.google-analytics.com,"CN=GTS CA 1C3, O=Google Trust Services LLC, C=US",GTS CA 1C3,e20166dfb9b49e85fa7472762d5f249f,42f0db40ff6122a0b837526586d132cf7bceafb0f608de6f54f132949d87ed0e,ctls,googletagmanager.com,443,https://googletagmanager.com:443,https,Google Tag Manager,text/html,GET,142.250.184.232,/,302920777,2a00:1450:4001:831::2008,HTTP/3,12,False,www.googleoptimize.com,Google Trust Services LLC,True,,,,,
https://intercom-help.eu,Knowledge Base Software | Intercom,200,609543,www.intercom.com,443,True,tls13,TLS_AES_128_GCM_SHA256,,,,2023-01-31T00:00:00Z,2024-02-29T23:59:59Z,CN=*.intercom.com,*.intercom.com,"CN=Amazon RSA 2048 M02, O=Amazon, C=US",Amazon RSA 2048 M02,16a273078de16b234593d38b6d599fb1,1e78e3095b988214d59d22c24591ce1594d50267fd887783e5b5dd71889744ee,ctls,www.intercom.com,443,https://intercom-help.eu:443,https,nginx,text/html,GET,3.33.199.192,/,-1840324437,15.197.195.197,Nginx,17,False,intercom.com,Amazon,True,,,,https://www.intercom.com/articles,api.smartling.com
https://intercom-sheets.com,Making Internet Business Personal | Intercom,200,949890,www.intercom.com,443,True,tls13,TLS_AES_128_GCM_SHA256,,,,2023-01-31T00:00:00Z,2024-02-29T23:59:59Z,CN=*.intercom.com,*.intercom.com,"CN=Amazon RSA 2048 M02, O=Amazon, C=US",Amazon RSA 2048 M02,16a273078de16b234593d38b6d599fb1,1e78e3095b988214d59d22c24591ce1594d50267fd887783e5b5dd71889744ee,ctls,www.intercom.com,443,https://intercom-sheets.com:443,https,nginx,text/html,GET,34.204.129.135,/,-1840324437,3.208.133.249,Nginx,12,False,intercom.com,Amazon,True,,,,https://www.intercom.com/,https://api.mutinyhq.io/v2
https://intercom.help,Knowledge Base Software | Intercom,200,609543,www.intercom.com,443,True,tls13,TLS_AES_128_GCM_SHA256,,,,2023-01-31T00:00:00Z,2024-02-29T23:59:59Z,CN=*.intercom.com,*.intercom.com,"CN=Amazon RSA 2048 M02, O=Amazon, C=US",Amazon RSA 2048 M02,16a273078de16b234593d38b6d599fb1,1e78e3095b988214d59d22c24591ce1594d50267fd887783e5b5dd71889744ee,ctls,www.intercom.com,443,https://intercom.help:443,https,nginx,text/html,GET,76.223.11.64,/,-1840324437,13.248.193.164,Nginx,17,False,intercom.com,Amazon,True,,,,https://www.intercom.com/articles,api-visitor-analytics.intercom.com
https://intercom.skilljar.com,Intercom Academy,200,141312,academy.intercom.com,443,True,tls13,TLS_AES_128_GCM_SHA256,,,,2023-06-14T00:00:00Z,2024-07-12T23:59:59Z,CN=academy.intercom.com,academy.intercom.com,"CN=Amazon RSA 2048 M01, O=Amazon, C=US",Amazon RSA 2048 M01,8d2be96db4a096ded0219470195d95c1,212f173a4a45c86a616cec5355e91af4e9bc2ba4062b0545177392879dad6394,ctls,academy.intercom.com,443,https://intercom.skilljar.com:443,https,gunicorn,text/html,GET,184.73.232.83,/,-1857449216,52.200.125.202,gunicorn,2285,False,academy.intercom.com,Amazon,,,,,https://academy.intercom.com/,
https://intercomrades.au.intercom.com,Intercom | The easiest way to see and talk to your users,200,11698,intercomrades.au.intercom.com,443,True,tls13,TLS_AES_128_GCM_SHA256,,,True,2023-02-10T00:00:00Z,2024-02-08T23:59:59Z,CN=*.au.intercom.io,*.au.intercom.io,"CN=Amazon RSA 2048 M01, O=Amazon, C=US",Amazon RSA 2048 M01,981caee7c8a24ff7f99d38545198823f,e14f0f455afb8d09022322b2a8ed2cfb8f312f340f2afea2f42d46f57dd1e34d,ctls,intercomrades.au.intercom.com,443,https://intercomrades.au.intercom.com:443,https,nginx,text/html,GET,13.237.117.3,/,-1840324437,3.105.28.75,Ruby on Rails,237,False,*.mobile-messenger.au.intercom.io,Amazon,True,,,,https://intercomrades.au.intercom.com/admins/sign_in,*.my.connect.aws
https://intercomrades.eu.intercom.com,Intercom | The easiest way to see and talk to your users,200,11666,intercomrades.eu.intercom.com,443,True,tls13,TLS_AES_128_GCM_SHA256,,,True,2023-05-10T00:00:00Z,2024-06-07T23:59:59Z,CN=*.eu.intercom.io,*.eu.intercom.io,"CN=Amazon RSA 2048 M01, O=Amazon, C=US",Amazon RSA 2048 M01,1eee4a9e8cfeefc760fd1f82e1cdeef7,c240f5f3b0b1a17c11765a6f1788972ddc95e4eea4b0b3da3c8d042e7ab78199,ctls,intercomrades.eu.intercom.com,443,https://intercomrades.eu.intercom.com:443,https,nginx,text/html,GET,46.137.45.116,/,-1840324437,34.252.158.7,Ruby on Rails,237,False,*.intercom-clicks.eu,Amazon,True,,,,https://intercomrades.eu.intercom.com/admins/sign_in,app.intercom.com
https://intercomrades.intercom.com,Intercom | The easiest way to see and talk to your users,200,12149,intercomrades.intercom.com,443,True,tls12,TLS_ECDHE_RSA_WITH_AES_128_GCM_SHA256,,,,2023-04-11T00:00:00Z,2024-05-10T23:59:59Z,CN=*.intercom.com,*.intercom.com,"CN=Amazon RSA 2048 M02, O=Amazon, C=US",Amazon RSA 2048 M02,c0951bf8e99caddb8b5fb0a86acd849a,8bb4b251f6aa931b7ca267c21ae35bffa2ce16bf2a329c060ff773b643a91397,ctls,intercomrades.intercom.com,443,https://intercomrades.intercom.com:443,https,nginx,text/html,GET,3.90.90.99,/,-1840324437,35.168.158.209,Ruby on Rails,246,False,intr.cm,Amazon,True,,,,https://intercomrades.intercom.com/admins/sign_in,marketing.intercomassets.com
https://js.intercomcdn.com,,403,243,js.intercomcdn.com,443,True,tls13,TLS_AES_128_GCM_SHA256,,,,2023-02-21T00:00:00Z,2024-01-29T23:59:59Z,CN=*.intercomcdn.com,*.intercomcdn.com,"CN=Amazon RSA 2048 M01, O=Amazon, C=US",Amazon RSA 2048 M01,f95b60c97316f403728b1c96679e6b5b,710d11668eee2865e5441f7650219a51966fefbff87b50788ddb8e9b444fa9a2,ctls,js.intercomcdn.com,443,https://js.intercomcdn.com:443,https,AmazonS3,application/xml,GET,18.66.147.3,/,1663709324,18.66.147.49,HTTP/3,2,False,*.intercomcdn.com,Amazon,True,,cloudfront,True,,
https://marketing.intercomassets.com,,403,255,marketing.intercomassets.com,443,True,tls13,TLS_AES_128_GCM_SHA256,,,,2023-05-18T00:00:00Z,2024-06-15T23:59:59Z,CN=intercomassets.com,intercomassets.com,"CN=Amazon RSA 2048 M02, O=Amazon, C=US",Amazon RSA 2048 M02,0540d6f5bcfcfbbf2a120c8d4db51412,7c1d6394c1895b50bb47b60d885e64a57dd583371e28930f6aaa3dc89ecaaba2,ctls,marketing.intercomassets.com,443,https://marketing.intercomassets.com:443,https,AmazonS3,application/xml,GET,18.66.122.103,/,1032256651,18.66.122.49,HTTP/3,2,False,*.intercomassets.com,Amazon,True,,cloudfront,True,,
https://marketing.intercomcdn.com,,403,243,marketing.intercomcdn.com,443,True,tls13,TLS_AES_128_GCM_SHA256,,,,2023-02-21T00:00:00Z,2024-01-29T23:59:59Z,CN=*.intercomcdn.com,*.intercomcdn.com,"CN=Amazon RSA 2048 M01, O=Amazon, C=US",Amazon RSA 2048 M01,f95b60c97316f403728b1c96679e6b5b,710d11668eee2865e5441f7650219a51966fefbff87b50788ddb8e9b444fa9a2,ctls,marketing.intercomcdn.com,443,https://marketing.intercomcdn.com:443,https,AmazonS3,application/xml,GET,18.66.122.123,/,1858245143,18.66.122.99,HTTP/3,2,False,*.intercomcdn.com,Amazon,True,,cloudfront,True,,
https://platform.twitter.com,,403,243,platform.twitter.com,443,True,tls12,TLS_ECDHE_RSA_WITH_AES_128_GCM_SHA256,,,,2022-07-21T00:00:00Z,2023-08-21T23:59:59Z,"CN=platform.twitter.com, O=Twitter\, Inc., L=San Francisco, ST=California, C=US",platform.twitter.com,"CN=DigiCert TLS RSA SHA256 2020 CA1, O=DigiCert Inc, C=US",DigiCert TLS RSA SHA256 2020 CA1,da67a469352c57a80b811a89625ecb02,9372b423d05e91d54baf0ed21badd1e94fda197e6121dca0367fdae72bf29729,ctls,platform.twitter.com,443,https://platform.twitter.com:443,https,,application/xml,GET,146.75.116.157,/,-363687416,2606:2800:234:59:254c:406:2366:268c,,2,False,platform.twitter.com,DigiCert Inc,,"Twitter, Inc.",fastly,True,,
https://play.vidyard.com,,200,,play.vidyard.com,443,True,tls12,TLS_ECDHE_RSA_WITH_AES_128_GCM_SHA256,,,,2022-09-27T21:42:16Z,2023-10-29T21:42:15Z,CN=*.vidyard.com,*.vidyard.com,"CN=GlobalSign Atlas R3 DV TLS CA 2022 Q3, O=GlobalSign nv-sa, C=BE",GlobalSign Atlas R3 DV TLS CA 2022 Q3,53d589fb3f4fde18724d8d400efe4f82,db97819c1e66551e830985fb3bfaee7898fc3b4be8da551bc62c27def754b528,ctls,play.vidyard.com,443,https://play.vidyard.com:443,https,,,GET,151.101.1.181,/,1988711852,151.101.193.181,Varnish,1,False,*.vidyard.com,GlobalSign nv-sa,True,,fastly,True,,
https://player.vimeo.com,Features and Tools | Vimeo,200,161965,vimeo.com,443,True,tls13,TLS_AES_128_GCM_SHA256,,,,2022-09-21T00:00:00Z,2023-09-20T23:59:59Z,"CN=vimeo.com, O=Cloudflare\, Inc., L=San Francisco, ST=California, C=US",vimeo.com,"CN=Cloudflare Inc ECC CA-3, O=Cloudflare\, Inc., C=US",Cloudflare Inc ECC CA-3,abfbe98ee21ae761e7c907a2c2b11739,194c25b1c83430e1b8571f3a61c8671e0c371c345f741e485c2458d8b9e2a85b,ctls,vimeo.com,443,https://player.vimeo.com:443,https,cloudflare,text/html,GET,162.159.128.61,/,1154390870,162.159.138.60,Varnish,1367,False,vimeo.com,"Cloudflare, Inc.",True,"Cloudflare, Inc.",cloudflare,True,https://vimeo.com/features,https:
https://players.brightcove.net,,404,372,players.brightcove.net,443,True,tls13,TLS_AES_256_GCM_SHA384,,,,2022-07-28T00:00:00Z,2023-07-28T23:59:59Z,"CN=players.brightcove.net, O=Brightcove Inc, L=Boston, ST=Massachusetts, C=US",players.brightcove.net,"CN=DigiCert TLS RSA SHA256 2020 CA1, O=DigiCert Inc, C=US",DigiCert TLS RSA SHA256 2020 CA1,301d15970a95163ea9e2ffa3cf4331a7,ba65473e8ba5af7f676e145c06416d7081280ff9a6e0f07fa4f37b3b1f69aeb4,ctls,players.brightcove.net,443,https://players.brightcove.net:443,https,AmazonS3,text/html,GET,23.32.185.17,/,908562264,23.32.185.17,Amazon Web Services,18,False,players.brightcove.net,DigiCert Inc,,Brightcove Inc,,,,
https://share.descript.com,"Descript | All-in-one video & podcast editing, easy as a doc.",200,59158,www.descript.com,443,True,tls13,TLS_AES_128_GCM_SHA256,,,,2023-05-03T18:34:09Z,2023-08-01T19:24:20Z,CN=descript.com,descript.com,"CN=GTS CA 1D4, O=Google Trust Services LLC, C=US",GTS CA 1D4,b1a795c2b64d655b6db61263320e5344,6b7a961689fdca667b1dcb92b8b30380f148f717f8581667b416bba5da160305,ctls,www.descript.com,443,https://share.descript.com:443,https,nginx/1.21.3,text/html,GET,34.95.113.47,/,-1099477002,34.95.113.47,Webflow,165,False,blog.descript.com,Google Trust Services LLC,,,google,True,https://www.descript.com,https://webflow.com
https://share.synthesia.io,Synthesia STUDIO,200,155539,share.synthesia.io,443,True,tls13,TLS_AES_128_GCM_SHA256,,,,2023-03-27T00:00:00Z,2024-04-24T23:59:59Z,CN=*.synthesia.io,*.synthesia.io,"CN=Amazon RSA 2048 M01, O=Amazon, C=US",Amazon RSA 2048 M01,fb10491226e8df2f6b2d9405de6b7fbf,55d36a1cce92f484261616895909dbec0d86ca139359f31f3165bd4706da190e,ctls,share.synthesia.io,443,https://share.synthesia.io:443,https,,text/html,GET,18.66.147.37,/,-2010785863,18.66.147.111,webpack,852,False,*.share.synthesia.io,Amazon,True,,cloudfront,True,,
https://static.au.intercomassets.com,,403,243,static.au.intercomassets.com,443,True,tls13,TLS_AES_128_GCM_SHA256,,,True,2023-02-21T00:00:00Z,2024-02-08T23:59:59Z,CN=*.au.intercom.io,*.au.intercom.io,"CN=Amazon RSA 2048 M01, O=Amazon, C=US",Amazon RSA 2048 M01,dcd79c421952aeccf3eb988af436a7c1,4e30cfc79b6d728f32da4dfe382998429b9db79f4f182d95e71b9dc03645fb55,ctls,static.au.intercomassets.com,443,https://static.au.intercomassets.com:443,https,AmazonS3,application/xml,GET,108.138.17.8,/,1942442062,108.138.17.46,HTTP/3,2,False,*.mobile-messenger.au.intercom.io,Amazon,True,,cloudfront,True,,
https://static.intercomassets.com,,403,243,static.intercomassets.com,443,True,tls13,TLS_AES_128_GCM_SHA256,,,,2023-05-18T00:00:00Z,2024-06-15T23:59:59Z,CN=intercomassets.com,intercomassets.com,"CN=Amazon RSA 2048 M02, O=Amazon, C=US",Amazon RSA 2048 M02,0540d6f5bcfcfbbf2a120c8d4db51412,7c1d6394c1895b50bb47b60d885e64a57dd583371e28930f6aaa3dc89ecaaba2,ctls,static.intercomassets.com,443,https://static.intercomassets.com:443,https,AmazonS3,application/xml,GET,13.225.78.32,/,2102916114,13.225.78.101,HTTP/3,2,False,*.intercomassets.com,Amazon,True,,cloudfront,True,,
https://static.intercomassets.eu,,403,243,static.intercomassets.eu,443,True,tls13,TLS_AES_128_GCM_SHA256,,,True,2023-05-10T00:00:00Z,2024-06-07T23:59:59Z,CN=*.eu.intercom.io,*.eu.intercom.io,"CN=Amazon RSA 2048 M01, O=Amazon, C=US",Amazon RSA 2048 M01,5619589c0e60e08960ee65566fb8d7a7,b1b5cc314a8ce4991b70d8a1c0804dab55f943816a7f3051668830ea5ab32fce,ctls,static.intercomassets.eu,443,https://static.intercomassets.eu:443,https,AmazonS3,application/xml,GET,13.32.121.93,/,-2030342547,13.32.121.112,HTTP/3,2,False,*.intercom-attachments.eu,Amazon,True,,cloudfront,True,,
https://static.intercomcdn.com,,403,243,static.intercomcdn.com,443,True,tls13,TLS_AES_128_GCM_SHA256,,,,2023-02-21T00:00:00Z,2024-01-29T23:59:59Z,CN=*.intercomcdn.com,*.intercomcdn.com,"CN=Amazon RSA 2048 M01, O=Amazon, C=US",Amazon RSA 2048 M01,f95b60c97316f403728b1c96679e6b5b,710d11668eee2865e5441f7650219a51966fefbff87b50788ddb8e9b444fa9a2,ctls,static.intercomcdn.com,443,https://static.intercomcdn.com:443,https,AmazonS3,application/xml,GET,18.66.147.115,/,47261294,18.66.147.3,HTTP/3,2,False,*.intercomcdn.com,Amazon,True,,cloudfront,True,,
https://staticxx.facebook.com,,404,9,staticxx.facebook.com,443,True,tls13,TLS_AES_128_GCM_SHA256,,,,2023-04-03T00:00:00Z,2023-07-02T23:59:59Z,"CN=*.facebook.com, O=Meta Platforms\, Inc., L=Menlo Park, ST=California, C=US",*.facebook.com,"CN=DigiCert SHA2 High Assurance Server CA, OU=www.digicert.com, O=DigiCert Inc, C=US",DigiCert SHA2 High Assurance Server CA,09b594a073d59fa052f8dd033bd5cbc9,e6b84bbc64bb5a8d8e13bb1d0972e9b3b700a875199004e99c80fb4eb2c46373,ctls,staticxx.facebook.com,443,https://staticxx.facebook.com:443,https,,text/html,GET,157.240.252.13,/,142313513,2a03:2880:f084:d:face:b00c:0:3,HTTP/3,1,False,messenger.com,DigiCert Inc,True,"Meta Platforms, Inc.",,,,*.oculuscdn.com
https://stats.g.doubleclick.net,Analytics Tools & Solutions for Your Business - Google Analytics,200,118545,marketingplatform.google.com,443,True,tls13,TLS_AES_128_GCM_SHA256,,,,2023-05-29T08:16:17Z,2023-08-21T08:16:16Z,CN=*.google.com,*.google.com,"CN=GTS CA 1C3, O=Google Trust Services LLC, C=US",GTS CA 1C3,5c86a077182cd855f21b8d80b363100f,2aa97ca45c98e14d3cd12af65b396f1a51731b94ec4b5f705a8920116775adc2,ctls,marketingplatform.google.com,443,https://stats.g.doubleclick.net:443,https,sffe,text/html,GET,142.251.5.155,/,302920777,2a00:1450:400c:c08::9d,HTTP/3,1833,False,source.android.google.cn,Google Trust Services LLC,True,,,,https://marketingplatform.google.com/about/analytics/,https://csp.withgoogle.com/csp/uxe-owners-acl/marketing_platform
https://uploads.intercomcdn.com,,403,275,uploads.intercomcdn.com,443,True,tls13,TLS_AES_128_GCM_SHA256,,,,2023-02-21T00:00:00Z,2024-01-29T23:59:59Z,CN=*.intercomcdn.com,*.intercomcdn.com,"CN=Amazon RSA 2048 M01, O=Amazon, C=US",Amazon RSA 2048 M01,f95b60c97316f403728b1c96679e6b5b,710d11668eee2865e5441f7650219a51966fefbff87b50788ddb8e9b444fa9a2,ctls,uploads.intercomcdn.com,443,https://uploads.intercomcdn.com:443,https,AmazonS3,application/xml,GET,13.32.121.49,/,1486494536,13.32.121.15,HTTP/3,2,False,*.intercomcdn.com,Amazon,True,,cloudfront,True,,
https://uploads.intercomcdn.eu,,403,243,uploads.intercomcdn.eu,443,True,tls13,TLS_AES_128_GCM_SHA256,,,True,2023-05-10T00:00:00Z,2024-06-07T23:59:59Z,CN=*.eu.intercom.io,*.eu.intercom.io,"CN=Amazon RSA 2048 M01, O=Amazon, C=US",Amazon RSA 2048 M01,5619589c0e60e08960ee65566fb8d7a7,b1b5cc314a8ce4991b70d8a1c0804dab55f943816a7f3051668830ea5ab32fce,ctls,uploads.intercomcdn.eu,443,https://uploads.intercomcdn.eu:443,https,AmazonS3,application/xml,GET,18.66.97.57,/,1623022577,18.66.97.73,HTTP/3,2,False,*.intercom-attachments.eu,Amazon,True,,cloudfront,True,,
https://web.microsoftstream.com,Working...,200,1423,login.microsoftonline.com,443,True,tls12,TLS_ECDHE_RSA_WITH_AES_256_GCM_SHA384,,,,2023-05-25T00:00:00Z,2024-05-25T23:59:59Z,"CN=stamp2.login.microsoftonline.com, O=Microsoft Corporation, L=Redmond, ST=Washington, C=US",stamp2.login.microsoftonline.com,"CN=DigiCert SHA2 Secure Server CA, O=DigiCert Inc, C=US",DigiCert SHA2 Secure Server CA,7c7414a61d2496accd312122c5241231,2c204118a10394b7abd4cd1f9d1a885acb273a1ebe0091f82e567b1137495fb7,ctls,login.microsoftonline.com,443,https://web.microsoftstream.com:443,https,,text/html,GET,23.97.160.190,/,-938317375,23.97.160.190,HSTS,4,False,stamp2.login.microsoftonline-int.com,DigiCert Inc,,Microsoft Corporation,azure,True,https://login.microsoftonline.com/common/oauth2/authorize?client_id=cf53fce8-def6-4aeb-8d30-b158e7b1cf83&response_mode=form_post&response_type=code+id_token&scope=openid+profile&state=OpenIdConnect.AuthenticationProperties%3dAQAAAAIAAAAJLnJlZGlyZWN0IGh0dHBzOi8vd2ViLm1pY3Jvc29mdHN0cmVhbS5jb20vCG5vbmNlS2V5mwF1UXFyWUhpS18tSEdVUDhxUHJNRXcwcnZaNEdFZGFHLTVXd2t0YU9Md2VROU43ZTVpZENkWW11Qk1jMzFjOFpUeGdWZHNQUVRIamhlZzNVUjVQZmxFNjJpOWptYllIN3pNcnI0dDMwN1FrUVR4R3N4a0JRbkRnWGhaNVlubjNoZTRfXzUtTG0yT2N6X0F2MmNGNjFyWTZLa2dGUQ&nonce=638232553297168576.MTdkY2I0MmEtMDJhMC00NWRlLTk3NDQtOTdjMGMxMDM0ZDNiOTQ0ZjU0MzAtNTA2YS00MGE1LWE2NTYtMzQzZjc1MWFjMTNm&nonceKey=OpenIdConnect.nonce.Kr3z%2bUervG9kCIWb5e7yDx%2b%2f4QeN0%2bJ3dgMWD3VBGZY%3d&site_id=500453&redirect_uri=https%3a%2f%2fweb.microsoftstream.com%2f&post_logout_redirect_uri=https%3a%2f%2fproducts.office.com%2fmicrosoft-stream&msafed=0&prompt=none,
https://widget.intercom.io,,200,6707,widget.intercom.io,443,True,tls13,TLS_AES_128_GCM_SHA256,,,True,2023-02-14T00:00:00Z,2024-03-14T23:59:59Z,CN=*.intercom.com,*.intercom.com,"CN=Amazon RSA 2048 M02, O=Amazon, C=US",Amazon RSA 2048 M02,50f1043af10136d89be51d9a59db9575,ac90909496f6036d54cf9dc35c2089d20de2ac8ef363a3f74de29401de7b249e,ctls,widget.intercom.io,443,https://widget.intercom.io:443,https,AmazonS3,application/javascript,GET,13.224.189.35,/,1987543868,13.224.189.18,HTTP/3,1,False,*.intercom.io,Amazon,True,,cloudfront,True,,
https://www.facebook.com,Facebook - log in or sign up,200,58922,m.facebook.com,443,True,tls13,TLS_AES_128_GCM_SHA256,,,,2023-04-03T00:00:00Z,2023-07-02T23:59:59Z,"CN=*.facebook.com, O=Meta Platforms\, Inc., L=Menlo Park, ST=California, C=US",*.facebook.com,"CN=DigiCert SHA2 High Assurance Server CA, OU=www.digicert.com, O=DigiCert Inc, C=US",DigiCert SHA2 High Assurance Server CA,09b594a073d59fa052f8dd033bd5cbc9,e6b84bbc64bb5a8d8e13bb1d0972e9b3b700a875199004e99c80fb4eb2c46373,ctls,m.facebook.com,443,https://www.facebook.com:443,https,,text/html,GET,157.240.252.35,/,142313513,2a03:2880:f177:83:face:b00c:0:25de,HTTP/3,18,False,messenger.com,DigiCert Inc,True,"Meta Platforms, Inc.",,,https://m.facebook.com/?wtsid=rdr_0IactIrYxR1p534Wf,*.whatsapp.net
https://www.googletagmanager.com,Error 400 (Bad Request)!!1,400,1555,www.googletagmanager.com,443,True,tls13,TLS_AES_128_GCM_SHA256,,,True,2023-05-29T08:16:16Z,2023-08-21T08:16:15Z,CN=*.google-analytics.com,*.google-analytics.com,"CN=GTS CA 1C3, O=Google Trust Services LLC, C=US",GTS CA 1C3,e20166dfb9b49e85fa7472762d5f249f,42f0db40ff6122a0b837526586d132cf7bceafb0f608de6f54f132949d87ed0e,ctls,www.googletagmanager.com,443,https://www.googletagmanager.com:443,https,Google Tag Manager,text/html,GET,142.250.186.136,/,302920777,2a00:1450:4001:80b::2008,HTTP/3,12,False,www.googleoptimize.com,Google Trust Services LLC,True,,,,,
https://www.intercom-reporting.com,,200,570,www.intercom-reporting.com,443,True,tls13,TLS_AES_128_GCM_SHA256,,,,2023-03-01T00:00:00Z,2023-09-10T23:59:59Z,CN=intercom-reporting.com,intercom-reporting.com,"CN=Amazon RSA 2048 M02, O=Amazon, C=US",Amazon RSA 2048 M02,2e66d78b6c7a6e62ff15ae833b9e4aaf,cb1351a625065b6bee60ce3130fc5f59f3e82a92e5e29ee115e03419aa2c2820,ctls,www.intercom-reporting.com,443,https://www.intercom-reporting.com:443,https,AmazonS3,text/html,GET,18.66.147.104,/,1279016477,2600:9000:225e:e00:a:f457:14c0:93a1,HTTP/3,17,False,*.intercom-reporting.com,Amazon,True,,cloudfront,True,https://www.intercom-reporting.com/sentry/index.html,
https://www.loom.com,Loom: Async Video Messaging for Work | Loom,200,113560,www.loom.com,443,True,tls13,TLS_AES_128_GCM_SHA256,,,,2023-02-27T00:00:00Z,2024-03-27T23:59:59Z,CN=loom.com,loom.com,"CN=Amazon RSA 2048 M01, O=Amazon, C=US",Amazon RSA 2048 M01,414dc9d9b3f63aec343ec863ea1afb63,a00185de49da08c3bb4ce8999e41189fe9c18c564949eea625a614a0298c706c,ctls,www.loom.com,443,https://www.loom.com:443,https,Vercel,text/html,GET,108.138.7.42,/,-1350279916,2600:9000:2490:1c00:c:cfd4:a580:93a1,Vercel,21,False,*.loom.com,Amazon,True,,cloudfront,True,,
https://www.useloom.com,Loom: Async Video Messaging for Work | Loom,200,113560,www.loom.com,443,True,tls13,TLS_AES_128_GCM_SHA256,,,,2023-02-27T00:00:00Z,2024-03-27T23:59:59Z,CN=loom.com,loom.com,"CN=Amazon RSA 2048 M01, O=Amazon, C=US",Amazon RSA 2048 M01,414dc9d9b3f63aec343ec863ea1afb63,a00185de49da08c3bb4ce8999e41189fe9c18c564949eea625a614a0298c706c,ctls,www.loom.com,443,https://www.useloom.com:443,https,Vercel,text/html,GET,18.66.97.24,/,-1350279916,2600:9000:223c:d200:15:8eb9:2280:93a1,Vercel,21,False,*.loom.com,Amazon,True,,cloudfront,True,https://www.loom.com/,
https://www.youtube-nocookie.com,Oops,404,7123,www.youtube-nocookie.com,443,True,tls13,TLS_AES_128_GCM_SHA256,,,True,2023-05-29T08:16:17Z,2023-08-21T08:16:16Z,CN=*.google.com,*.google.com,"CN=GTS CA 1C3, O=Google Trust Services LLC, C=US",GTS CA 1C3,5c86a077182cd855f21b8d80b363100f,2aa97ca45c98e14d3cd12af65b396f1a51731b94ec4b5f705a8920116775adc2,ctls,www.youtube-nocookie.com,443,https://www.youtube-nocookie.com:443,https,ESF,text/html,GET,142.250.186.78,/,1179099333,2a00:1450:4001:830::200e,HTTP/3,1,False,source.android.google.cn,Google Trust Services LLC,True,,,,,
https://www.youtube.com,YouTube,200,282400,m.youtube.com,443,True,tls13,TLS_AES_128_GCM_SHA256,,,True,2023-05-29T08:16:17Z,2023-08-21T08:16:16Z,CN=*.google.com,*.google.com,"CN=GTS CA 1C3, O=Google Trust Services LLC, C=US",GTS CA 1C3,5c86a077182cd855f21b8d80b363100f,2aa97ca45c98e14d3cd12af65b396f1a51731b94ec4b5f705a8920116775adc2,ctls,m.youtube.com,443,https://www.youtube.com:443,https,ESF,text/html,GET,172.217.18.14,/,1179099333,2a00:1450:4001:809::200e,HTTP/3,13,False,source.android.google.cn,Google Trust Services LLC,True,,,,https://m.youtube.com/,
i.woodpecker.co,,401,112,i.woodpecker.co,443,True,tls12,TLS_ECDHE_RSA_WITH_AES_256_GCM_SHA384,,,,2023-05-18T21:03:07Z,2023-08-16T21:03:06Z,CN=i.woodpecker.co,i.woodpecker.co,"CN=R3, O=Let's Encrypt, C=US",R3,1d9714d86514fc527d3ec3bd9d0e5b6e,b16fe4a4be1d1d28efb2c6fc61cc6ebbcc169ba1ff07c92ec539be27f47e21e0,ctls,i.woodpecker.co,443,https://i.woodpecker.co:443,https,,text/html,GET,92.222.99.198,/,1494302000,92.222.99.198,Basic,4,False,i.woodpecker.co,Let's Encrypt,,,,,,
investors.woodpecker.co,Relacje inwestorskie - Woodpecker.co Spółka Akcyjna,200,53003,woodpecker.co,443,True,tls13,TLS_AES_128_GCM_SHA256,,,,2023-05-07T03:55:33Z,2023-08-05T03:55:32Z,CN=woodpecker.co,woodpecker.co,"CN=GTS CA 1P5, O=Google Trust Services LLC, C=US",GTS CA 1P5,a3f6557485666c63a196e0efd8aba690,919d419c9841692a8a1494e7c660580a70d8ce268f73e923d4acc9ea320027cf,ctls,woodpecker.co,443,https://investors.woodpecker.co:443,https,cloudflare,text/html,GET,172.66.40.95,/,309626675,2606:4700:3108::ac42:2ba1,WordPress:6.0.1,695,False,*.woodpecker.co,Google Trust Services LLC,True,,cloudflare,True,https://woodpecker.co/investors/,
o.woodpecker.co,,404,42,o.woodpecker.co,443,True,tls12,TLS_ECDHE_RSA_WITH_AES_256_GCM_SHA384,,,,2023-06-01T13:48:56Z,2023-08-30T13:48:55Z,CN=o.woodpecker.co,o.woodpecker.co,"CN=R3, O=Let's Encrypt, C=US",R3,fa85aa0fe3ea0cf919596f3634485690,7f64ffb8b12c906cae7e4748db6b07cfb12f87f24dda4767098de9bd99b3fb96,ctls,o.woodpecker.co,443,https://o.woodpecker.co:443,https,nginx,text/html,GET,139.99.252.51,/,-1139029258,139.99.252.51,Nginx,6,False,o.woodpecker.co,Let's Encrypt,,,,,,
o1.oo.woodpecker.co,,404,42,o1.oo.woodpecker.co,443,True,tls12,TLS_ECDHE_RSA_WITH_AES_256_GCM_SHA384,,,,2023-06-07T15:34:53Z,2023-09-05T15:34:52Z,CN=o1.oo.woodpecker.co,o1.oo.woodpecker.co,"CN=R3, O=Let's Encrypt, C=US",R3,1aa5d426163e9c086a39c46ca2d8f647,d03b180457a3130cc4a7b891e67ce6c9fcda05910860255fe0fe7d62e931bbca,ctls,o1.oo.woodpecker.co,443,https://o1.oo.woodpecker.co:443,https,nginx,text/html,GET,158.69.236.252,/,-1139029258,158.69.236.252,Nginx,6,False,o1.oo.woodpecker.co,Let's Encrypt,,,,,,
o1.xb2b.woodpecker.co,,404,42,o1.xb2b.woodpecker.co,443,True,tls12,TLS_ECDHE_RSA_WITH_AES_256_GCM_SHA384,,,,2023-05-29T10:06:42Z,2023-08-27T10:06:41Z,CN=o1.xb2b.woodpecker.co,o1.xb2b.woodpecker.co,"CN=R3, O=Let's Encrypt, C=US",R3,2eff6678a6bb6d472546cf284e892438,be2bf1f907d46352edb343d4b499f181adb6240ce75fd404c4b6d087758db8c8,ctls,o1.xb2b.woodpecker.co,443,https://o1.xb2b.woodpecker.co:443,https,nginx,text/html,GET,178.33.187.176,/,-1139029258,178.33.187.176,Nginx,6,False,o1.xb2b.woodpecker.co,Let's Encrypt,,,,,,
o2.oo.woodpecker.co,,404,42,o2.oo.woodpecker.co,443,True,tls12,TLS_ECDHE_RSA_WITH_AES_256_GCM_SHA384,,,,2023-06-11T19:40:38Z,2023-09-09T19:40:37Z,CN=o2.oo.woodpecker.co,o2.oo.woodpecker.co,"CN=R3, O=Let's Encrypt, C=US",R3,698c20d81c66ed847914af52357e7a82,4c587f6c280e8d67c9bd950827553923f2aaa20b96bca5b454c9e70aafcb70c7,ctls,o2.oo.woodpecker.co,443,https://o2.oo.woodpecker.co:443,https,nginx,text/html,GET,158.69.236.253,/,-1139029258,158.69.236.253,Nginx,6,False,o2.oo.woodpecker.co,Let's Encrypt,,,,,,
o4.xb2b.woodpecker.co,,404,42,o4.xb2b.woodpecker.co,443,True,tls12,TLS_ECDHE_RSA_WITH_AES_256_GCM_SHA384,,,,2023-05-29T12:06:55Z,2023-08-27T12:06:54Z,CN=o4.xb2b.woodpecker.co,o4.xb2b.woodpecker.co,"CN=R3, O=Let's Encrypt, C=US",R3,ba6f826e97140b52c3daab7ade678f9a,685348c9441a71edcd2e35e6240973e831e376e125b18cb44f66d91015c53f34,ctls,o4.xb2b.woodpecker.co,443,https://o4.xb2b.woodpecker.co:443,https,nginx,text/html,GET,178.33.187.179,/,-1139029258,178.33.187.179,Nginx,6,False,o4.xb2b.woodpecker.co,Let's Encrypt,,,,,,
oo.woodpecker.co,,200,125,oo.woodpecker.co,443,True,tls12,TLS_ECDHE_RSA_WITH_AES_256_GCM_SHA384,,,,2022-08-12T00:00:00Z,2023-09-11T23:59:59Z,CN=*.woodpecker.co,*.woodpecker.co,"CN=Sectigo RSA Domain Validation Secure Server CA, O=Sectigo Limited, L=Salford, ST=Greater Manchester, C=GB",Sectigo RSA Domain Validation Secure Server CA,445083ab68c32b57f2224759a30d4a37,0c2aac7cbe555901f3a7be3ba0a1d4e488219b4d7e4066e87cf99fa26a739bd8,ctls,oo.woodpecker.co,443,https://oo.woodpecker.co:443,https,Jetty(9.4.48.v20220622),text/html,GET,92.222.99.201,/,1290120358,92.222.99.201,Jetty:9.4.48,8,False,woodpecker.co,Sectigo Limited,True,,,,,
open.woodpecker.co,,404,42,open.woodpecker.co,443,True,tls12,TLS_ECDHE_RSA_WITH_AES_256_GCM_SHA384,,,,2023-05-29T07:40:04Z,2023-08-27T07:40:03Z,CN=open.woodpecker.co,open.woodpecker.co,"CN=R3, O=Let's Encrypt, C=US",R3,20f3f0c9e270885bbee1b6e34d3f7506,b050fd82a42f279be3104fafcc8e686a3ffda9de1838528942fead107a625a4c,ctls,open.woodpecker.co,443,https://open.woodpecker.co:443,https,nginx,text/html,GET,217.182.38.192,/,-1139029258,217.182.38.192,Nginx,6,False,open.woodpecker.co,Let's Encrypt,,,,,,
partner.woodpecker.co,,200,125,partner.woodpecker.co,443,True,tls12,TLS_ECDHE_RSA_WITH_AES_256_GCM_SHA384,,,,2022-08-12T00:00:00Z,2023-09-11T23:59:59Z,CN=*.woodpecker.co,*.woodpecker.co,"CN=Sectigo RSA Domain Validation Secure Server CA, O=Sectigo Limited, L=Salford, ST=Greater Manchester, C=GB",Sectigo RSA Domain Validation Secure Server CA,445083ab68c32b57f2224759a30d4a37,0c2aac7cbe555901f3a7be3ba0a1d4e488219b4d7e4066e87cf99fa26a739bd8,ctls,partner.woodpecker.co,443,https://partner.woodpecker.co:443,https,Jetty(9.4.48.v20220622),text/html,GET,92.222.99.201,/,1290120358,92.222.99.201,Jetty:9.4.48,8,False,woodpecker.co,Sectigo Limited,True,,,,,
pp.woodpecker.co,Woodpecker - Sign up for a free trial,200,151676,woodpecker.co,443,True,tls13,TLS_AES_128_GCM_SHA256,,,,2023-05-07T03:55:33Z,2023-08-05T03:55:32Z,CN=woodpecker.co,woodpecker.co,"CN=GTS CA 1P5, O=Google Trust Services LLC, C=US",GTS CA 1P5,a3f6557485666c63a196e0efd8aba690,919d419c9841692a8a1494e7c660580a70d8ce268f73e923d4acc9ea320027cf,ctls,woodpecker.co,443,https://pp.woodpecker.co:443,https,cloudflare,text/html,GET,92.222.99.201,/,454823782,92.222.99.201,HTTP/3,215,False,*.woodpecker.co,Google Trust Services LLC,True,,,,https://woodpecker.co/signup/?utm_medium=referral&utm_source=pp,
prospectgenai.woodpecker.co,Woodpecker.co,502,1950,prospectgenai.woodpecker.co,443,True,tls12,TLS_ECDHE_RSA_WITH_AES_256_GCM_SHA384,,,,2022-08-12T00:00:00Z,2023-09-11T23:59:59Z,CN=*.woodpecker.co,*.woodpecker.co,"CN=Sectigo RSA Domain Validation Secure Server CA, O=Sectigo Limited, L=Salford, ST=Greater Manchester, C=GB",Sectigo RSA Domain Validation Secure Server CA,445083ab68c32b57f2224759a30d4a37,0c2aac7cbe555901f3a7be3ba0a1d4e488219b4d7e4066e87cf99fa26a739bd8,ctls,prospectgenai.woodpecker.co,443,https://prospectgenai.woodpecker.co:443,https,,text/html,GET,92.222.99.200,/,-1596369533,92.222.99.200,,88,False,woodpecker.co,Sectigo Limited,True,,,,,
rh.woodpecker.co,,200,125,rh.woodpecker.co,443,True,tls12,TLS_ECDHE_RSA_WITH_AES_256_GCM_SHA384,,,,2022-08-12T00:00:00Z,2023-09-11T23:59:59Z,CN=*.woodpecker.co,*.woodpecker.co,"CN=Sectigo RSA Domain Validation Secure Server CA, O=Sectigo Limited, L=Salford, ST=Greater Manchester, C=GB",Sectigo RSA Domain Validation Secure Server CA,445083ab68c32b57f2224759a30d4a37,0c2aac7cbe555901f3a7be3ba0a1d4e488219b4d7e4066e87cf99fa26a739bd8,ctls,rh.woodpecker.co,443,https://rh.woodpecker.co:443,https,Jetty(9.4.48.v20220622),text/html,GET,92.222.99.200,/,1290120358,92.222.99.200,Jetty:9.4.48,8,False,woodpecker.co,Sectigo Limited,True,,,,,
rocket.wl.woodpecker.co,,200,125,rocket.wl.woodpecker.co,443,True,tls12,TLS_ECDHE_RSA_WITH_AES_256_GCM_SHA384,,,,2023-04-29T21:03:13Z,2023-07-28T21:03:12Z,CN=rocket.wl.woodpecker.co,rocket.wl.woodpecker.co,"CN=R3, O=Let's Encrypt, C=US",R3,4731b02cca3f0cff9b58dd33ac0d273d,bcfdc0345a2a586f1923c678b701c3a457c54acc2fcafa6449a269c3372d25cc,ctls,rocket.wl.woodpecker.co,443,https://rocket.wl.woodpecker.co:443,https,Jetty(9.4.48.v20220622),text/html,GET,92.222.99.201,/,1290120358,92.222.99.201,Jetty:9.4.48,8,False,rocket.wl.woodpecker.co,Let's Encrypt,,,,,,
staging-blog.woodpecker.co,,401,112,staging.woodpecker.co,443,True,tls12,TLS_ECDHE_RSA_WITH_AES_256_GCM_SHA384,,,,2022-08-12T00:00:00Z,2023-09-11T23:59:59Z,CN=*.woodpecker.co,*.woodpecker.co,"CN=Sectigo RSA Domain Validation Secure Server CA, O=Sectigo Limited, L=Salford, ST=Greater Manchester, C=GB",Sectigo RSA Domain Validation Secure Server CA,445083ab68c32b57f2224759a30d4a37,0c2aac7cbe555901f3a7be3ba0a1d4e488219b4d7e4066e87cf99fa26a739bd8,ctls,staging.woodpecker.co,443,https://staging-blog.woodpecker.co:443,https,,text/html,GET,92.222.99.198,/,1750426762,92.222.99.198,Basic,4,False,woodpecker.co,Sectigo Limited,True,,,,https://staging.woodpecker.co/blog/,
staging.woodpecker.co,,401,112,staging.woodpecker.co,443,True,tls12,TLS_ECDHE_RSA_WITH_AES_256_GCM_SHA384,,,,2022-08-12T00:00:00Z,2023-09-11T23:59:59Z,CN=*.woodpecker.co,*.woodpecker.co,"CN=Sectigo RSA Domain Validation Secure Server CA, O=Sectigo Limited, L=Salford, ST=Greater Manchester, C=GB",Sectigo RSA Domain Validation Secure Server CA,445083ab68c32b57f2224759a30d4a37,0c2aac7cbe555901f3a7be3ba0a1d4e488219b4d7e4066e87cf99fa26a739bd8,ctls,staging.woodpecker.co,443,https://staging.woodpecker.co:443,https,,text/html,GET,92.222.99.198,/,1750426762,92.222.99.198,Basic,4,False,woodpecker.co,Sectigo Limited,True,,,,,
strategy.woodpecker.co,,401,504,strategy.woodpecker.co,443,True,tls13,TLS_AES_128_GCM_SHA256,,,,2023-05-07T03:55:33Z,2023-08-05T03:55:32Z,CN=woodpecker.co,woodpecker.co,"CN=GTS CA 1P5, O=Google Trust Services LLC, C=US",GTS CA 1P5,a3f6557485666c63a196e0efd8aba690,919d419c9841692a8a1494e7c660580a70d8ce268f73e923d4acc9ea320027cf,ctls,strategy.woodpecker.co,443,https://strategy.woodpecker.co:443,https,cloudflare,text/html,GET,172.66.40.95,/,-1065850332,2606:4700:3108::ac42:285f,HTTP/3,5,False,*.woodpecker.co,Google Trust Services LLC,True,,cloudflare,True,,
sv10.open.woodpecker.co,,404,42,sv10.open.woodpecker.co,443,True,tls12,TLS_ECDHE_RSA_WITH_AES_256_GCM_SHA384,,,,2023-05-10T22:35:05Z,2023-08-08T22:35:04Z,CN=sv10.open.woodpecker.co,sv10.open.woodpecker.co,"CN=R3, O=Let's Encrypt, C=US",R3,b6d5424dca3ca0f4efe96397fb890fd6,d9032902f26f0def496c43bd37c8ae2a9b06ec4c71c7a568dc820e552a02f66b,ctls,sv10.open.woodpecker.co,443,https://sv10.open.woodpecker.co:443,https,nginx,text/html,GET,51.255.214.141,/,-1139029258,51.255.214.141,Nginx,6,False,sv10.open.woodpecker.co,Let's Encrypt,,,,,,
sv10.prod.woodpecker.co,,200,258,sv10.prod.woodpecker.co,443,True,tls12,TLS_ECDHE_RSA_WITH_AES_256_GCM_SHA384,,,True,2023-02-14T08:23:27Z,2034-08-15T08:23:27Z,"unstructuredName=1676363007\,564d7761726520496e632e, CN=ns3173917, emailAddress=ssl-certificates@vmware.com, OU=VMware ESX Server Default Certificate, O=VMware\, Inc, L=Palo Alto, ST=California, C=US, unstructuredName=1676363007\,564d7761726520496e632e, emailAddress=ssl-certificates@vmware.com",ns3173917,O=VMware Installer,,8f71264056b92e042c8abbf591b94b69,2db05b948e6361f3d4d0a6bfe66131dfd2652f54440d1f3ad2def9bb4864d4d7,ctls,sv10.prod.woodpecker.co,443,https://sv10.prod.woodpecker.co:443,https,,text/html,GET,51.210.114.120,/,-1840324437,51.210.114.120,HSTS,9,False,ns3173917,VMware Installer,,"VMware, Inc",,,,
sv12.open.woodpecker.co,,404,42,sv12.open.woodpecker.co,443,True,tls12,TLS_ECDHE_RSA_WITH_AES_256_GCM_SHA384,,,,2023-06-23T17:31:12Z,2023-09-21T17:31:11Z,CN=sv12.open.woodpecker.co,sv12.open.woodpecker.co,"CN=R3, O=Let's Encrypt, C=US",R3,16e68fcb18b82f2f9734d748e6f4deeb,3cef9bcc924f972e19f75d8bb280e7e4ac54484c365c7672300c83d8c708f3e9,ctls,sv12.open.woodpecker.co,443,https://sv12.open.woodpecker.co:443,https,nginx,text/html,GET,46.105.251.100,/,-1139029258,46.105.251.100,Nginx,6,False,sv12.open.woodpecker.co,Let's Encrypt,,,,,,
sv14.open.woodpecker.co,,404,42,sv14.open.woodpecker.co,443,True,tls12,TLS_ECDHE_RSA_WITH_AES_256_GCM_SHA384,,,,2023-06-05T12:51:33Z,2023-09-03T12:51:32Z,CN=sv14.open.woodpecker.co,sv14.open.woodpecker.co,"CN=R3, O=Let's Encrypt, C=US",R3,410aba1791cff3f33682c815d3c018c3,01e1b9ee9720c52eb5d16232468da2235fbab25b6077e837a73742e361143e41,ctls,sv14.open.woodpecker.co,443,https://sv14.open.woodpecker.co:443,https,nginx,text/html,GET,5.39.112.78,/,-1139029258,5.39.112.78,Nginx,6,False,sv14.open.woodpecker.co,Let's Encrypt,,,,,,
sv15.open.woodpecker.co,,404,42,sv15.open.woodpecker.co,443,True,tls12,TLS_ECDHE_RSA_WITH_AES_256_GCM_SHA384,,,,2023-06-23T17:31:04Z,2023-09-21T17:31:03Z,CN=sv15.open.woodpecker.co,sv15.open.woodpecker.co,"CN=R3, O=Let's Encrypt, C=US",R3,d85bb9eb0fd3947b6ba0d5d46f5e1cf2,514ae5ee8b7494f1129473b53a54be1710f4b2ebd5e710a79d0e198510d297c1,ctls,sv15.open.woodpecker.co,443,https://sv15.open.woodpecker.co:443,https,nginx,text/html,GET,151.80.92.204,/,-1139029258,151.80.92.204,Nginx,6,False,sv15.open.woodpecker.co,Let's Encrypt,,,,,,
sv16.open.woodpecker.co,,404,42,sv16.open.woodpecker.co,443,True,tls12,TLS_ECDHE_RSA_WITH_AES_256_GCM_SHA384,,,,2023-06-02T08:23:18Z,2023-08-31T08:23:17Z,CN=sv16.open.woodpecker.co,sv16.open.woodpecker.co,"CN=R3, O=Let's Encrypt, C=US",R3,df84d8ccd0c283e8433c637d96ae2947,15f03876b2d362303973ad8f5f9c0c5ec2acb5ba6d90421ca439513438ae2418,ctls,sv16.open.woodpecker.co,443,https://sv16.open.woodpecker.co:443,https,nginx,text/html,GET,137.74.64.202,/,-1139029258,137.74.64.202,Nginx,6,False,sv16.open.woodpecker.co,Let's Encrypt,,,,,,
sv7.open.woodpecker.co,,404,42,sv7.open.woodpecker.co,443,True,tls12,TLS_ECDHE_RSA_WITH_AES_256_GCM_SHA384,,,,2023-05-15T21:54:49Z,2023-08-13T21:54:48Z,CN=sv7.open.woodpecker.co,sv7.open.woodpecker.co,"CN=R3, O=Let's Encrypt, C=US",R3,62e2fdab5818dac1dadbb17d757bab67,45980b4465fb56bf97307bd812f13669db70d1e139b3798e67044ebdb1ed5fbc,ctls,sv7.open.woodpecker.co,443,https://sv7.open.woodpecker.co:443,https,nginx,text/html,GET,137.74.176.200,/,-1139029258,137.74.176.200,Nginx,6,False,sv7.open.woodpecker.co,Let's Encrypt,,,,,,
sv8.open.woodpecker.co,,404,42,sv8.open.woodpecker.co,443,True,tls12,TLS_ECDHE_RSA_WITH_AES_256_GCM_SHA384,,,,2023-05-15T22:47:55Z,2023-08-13T22:47:54Z,CN=sv8.open.woodpecker.co,sv8.open.woodpecker.co,"CN=R3, O=Let's Encrypt, C=US",R3,31c6a4789ae6ef92752af22b1bd839a1,c1b6c8adb23a539b8b874d6de06e7d56b3c37c98aa9c6fefd14358c37c5c015c,ctls,sv8.open.woodpecker.co,443,https://sv8.open.woodpecker.co:443,https,nginx,text/html,GET,137.74.102.184,/,-1139029258,137.74.102.184,Nginx,6,False,sv8.open.woodpecker.co,Let's Encrypt,,,,,,
templates.woodpecker.co,15 Cold Email Templates – Get a Free Ebook – Woodpecker.co,200,75851,woodpecker.co,443,True,tls13,TLS_AES_128_GCM_SHA256,,,,2023-05-07T03:55:33Z,2023-08-05T03:55:32Z,CN=woodpecker.co,woodpecker.co,"CN=GTS CA 1P5, O=Google Trust Services LLC, C=US",GTS CA 1P5,a3f6557485666c63a196e0efd8aba690,919d419c9841692a8a1494e7c660580a70d8ce268f73e923d4acc9ea320027cf,ctls,woodpecker.co,443,https://templates.woodpecker.co:443,https,cloudflare,text/html,GET,172.66.40.95,/,67458938,2606:4700:3108::ac42:285f,WordPress:6.1.1,920,False,*.woodpecker.co,Google Trust Services LLC,True,,cloudflare,True,https://woodpecker.co/ebooks/cold-email-templates/,
white.woodpecker.co,Woodpecker.co,502,1950,white.woodpecker.co,443,True,tls12,TLS_ECDHE_RSA_WITH_AES_256_GCM_SHA384,,,,2022-08-12T00:00:00Z,2023-09-11T23:59:59Z,CN=*.woodpecker.co,*.woodpecker.co,"CN=Sectigo RSA Domain Validation Secure Server CA, O=Sectigo Limited, L=Salford, ST=Greater Manchester, C=GB",Sectigo RSA Domain Validation Secure Server CA,445083ab68c32b57f2224759a30d4a37,0c2aac7cbe555901f3a7be3ba0a1d4e488219b4d7e4066e87cf99fa26a739bd8,ctls,white.woodpecker.co,443,https://white.woodpecker.co:443,https,,text/html,GET,92.222.99.201,/,-1596369533,92.222.99.201,,88,False,woodpecker.co,Sectigo Limited,True,,,,,
woodpecker.co,"Woodpecker: Tools for Cold Email, Sales & Agency Outreach",200,102609,woodpecker.co,443,True,tls13,TLS_AES_128_GCM_SHA256,,,,2023-05-07T03:55:33Z,2023-08-05T03:55:32Z,CN=woodpecker.co,woodpecker.co,"CN=GTS CA 1P5, O=Google Trust Services LLC, C=US",GTS CA 1P5,a3f6557485666c63a196e0efd8aba690,919d419c9841692a8a1494e7c660580a70d8ce268f73e923d4acc9ea320027cf,ctls,woodpecker.co,443,https://woodpecker.co:443,https,cloudflare,text/html,GET,172.66.40.95,/,-486902276,2606:4700:3108::ac42:2ba1,WordPress:6.1.1,1273,False,*.woodpecker.co,Google Trust Services LLC,True,,cloudflare,True,,
www.templates.woodpecker.co,,404,1297,www.templates.woodpecker.co,443,True,tls13,TLS_AES_128_GCM_SHA256,,,True,2023-05-08T18:05:19Z,2023-08-06T18:05:18Z,CN=landpage.co,landpage.co,"CN=R3, O=Let's Encrypt, C=US",R3,35679947c6cc3af2be7274cfca7d77ec,9e867378b2b599d440926baa10ff3ad8757d6e696fc9e6e923acb14b9622bf7d,ctls,www.templates.woodpecker.co,443,https://www.templates.woodpecker.co:443,https,,text/html,GET,157.53.227.1,/,-1143462660,157.53.227.1,HSTS,33,False,landpage.co,Let's Encrypt,True,,,,,
www.woodpecker.co,"Woodpecker: Tools for Cold Email, Sales & Agency Outreach",200,102609,woodpecker.co,443,True,tls13,TLS_AES_128_GCM_SHA256,,,,2023-05-07T03:55:33Z,2023-08-05T03:55:32Z,CN=woodpecker.co,woodpecker.co,"CN=GTS CA 1P5, O=Google Trust Services LLC, C=US",GTS CA 1P5,a3f6557485666c63a196e0efd8aba690,919d419c9841692a8a1494e7c660580a70d8ce268f73e923d4acc9ea320027cf,ctls,woodpecker.co,443,https://www.woodpecker.co:443,https,cloudflare,text/html,GET,172.66.43.161,/,-486902276,2606:4700:3108::ac42:2ba1,WordPress:6.1.1,1273,False,*.woodpecker.co,Google Trust Services LLC,True,,cloudflare,True,https://woodpecker.co/,
x.woodpecker.co,,404,42,x.woodpecker.co,443,True,tls12,TLS_ECDHE_RSA_WITH_AES_256_GCM_SHA384,,,,2023-06-22T17:04:23Z,2023-09-20T17:04:22Z,CN=x.woodpecker.co,x.woodpecker.co,"CN=R3, O=Let's Encrypt, C=US",R3,757c251add5c57c9452026abd795d78e,2d496c5f2b0ab2c7a6b88afa9a7afb5d120dcba74649586112d5a2511008ba0b,ctls,x.woodpecker.co,443,https://x.woodpecker.co:443,https,nginx,text/html,GET,91.134.107.123,/,-1139029258,91.134.107.123,Nginx,6,False,x.woodpecker.co,Let's Encrypt,,,,,,
xb2b.woodpecker.co,,200,125,xb2b.woodpecker.co,443,True,tls12,TLS_ECDHE_RSA_WITH_AES_256_GCM_SHA384,,,,2022-08-12T00:00:00Z,2023-09-11T23:59:59Z,CN=*.woodpecker.co,*.woodpecker.co,"CN=Sectigo RSA Domain Validation Secure Server CA, O=Sectigo Limited, L=Salford, ST=Greater Manchester, C=GB",Sectigo RSA Domain Validation Secure Server CA,445083ab68c32b57f2224759a30d4a37,0c2aac7cbe555901f3a7be3ba0a1d4e488219b4d7e4066e87cf99fa26a739bd8,ctls,xb2b.woodpecker.co,443,https://xb2b.woodpecker.co:443,https,Jetty(9.4.48.v20220622),text/html,GET,92.222.99.201,/,1290120358,92.222.99.201,Jetty:9.4.48,8,False,woodpecker.co,Sectigo Limited,True,,,,,
z.woodpecker.co,,404,42,z.woodpecker.co,443,True,tls12,TLS_ECDHE_RSA_WITH_AES_256_GCM_SHA384,,,,2023-05-27T14:40:00Z,2023-08-25T14:39:59Z,CN=z.woodpecker.co,z.woodpecker.co,"CN=R3, O=Let's Encrypt, C=US",R3,f225db4dfa6cac5341ac5d47d20a42d4,9794f979537154096f5ac20335afc436e6bbae9e65e747f1981769417afc5ce7,ctls,z.woodpecker.co,443,https://z.woodpecker.co:443,https,nginx,text/html,GET,104.131.160.220,/,-1139029258,104.131.160.220,Nginx,6,False,z.woodpecker.co,Let's Encrypt,,,,,,
zabbix.woodpecker.co,401 Authorization Required,401,172,zabbix.woodpecker.co,443,True,tls13,TLS_AES_256_GCM_SHA384,,,,2022-08-12T00:00:00Z,2023-09-11T23:59:59Z,CN=*.woodpecker.co,*.woodpecker.co,"CN=Sectigo RSA Domain Validation Secure Server CA, O=Sectigo Limited, L=Salford, ST=Greater Manchester, C=GB",Sectigo RSA Domain Validation Secure Server CA,445083ab68c32b57f2224759a30d4a37,0c2aac7cbe555901f3a7be3ba0a1d4e488219b4d7e4066e87cf99fa26a739bd8,ctls,zabbix.woodpecker.co,443,https://zabbix.woodpecker.co:443,https,nginx,text/html,GET,51.75.62.13,/,-1710455754,51.75.62.13,Nginx,8,False,woodpecker.co,Sectigo Limited,True,,,,,
