input,title,status_code,content_length,tls_host,tls_port,tls_probe_status,tls_tls_version,tls_cipher,tls_mismatched,tls_not_before,tls_not_after,tls_subject_dn,tls_subject_cn,tls_subject_an_,tls_issuer_dn,tls_issuer_cn,tls_issuer_org_,tls_fingerprint_hash_md,tls_fingerprint_hash_sha,tls_tls_connection,tls_sni,cdn_name,port,url,scheme,content_type,method,host,path,favicon,a_,lines,failed,cdn,tls_subject_org_,tls_wildcard_certificate,webserver,tech_,csp_domains_,final_url
*.amplitude.com,Amplitude | Product Analytics & Event Tracking Platform | Amplitude,200,304176,amplitude.com,443,True,tls12,TLS_ECDHE_RSA_WITH_AES_128_GCM_SHA256,,2023-01-23T00:00:00Z,2024-02-14T23:59:59Z,CN=*.amplitude.com,*.amplitude.com,amplitude.com,"CN=COMODO RSA Domain Validation Secure Server CA, O=COMODO CA Limited, L=Salford, ST=Greater Manchester, C=GB",COMODO RSA Domain Validation Secure Server CA,COMODO CA Limited,4666e0796ab29d5bbff77ea132d95ee2,b6fb73c2f4a87e5f215e1fd93dcfbdfe444fbd5254fb16a2eeef91fbcbeca6a0,ctls,amplitude.com,,443,https://amplitude.com:443,https,text/html,GET,76.223.69.48,/,1001190211,13.248.219.127,1,False,,,True,nginx/1.22.0,webpack,,
*.doubleclick.net,Enterprise Advertising & Analytics Solutions - Google Marketing Platform,200,128632,marketingplatform.google.com,443,True,tls13,TLS_AES_128_GCM_SHA256,,2023-05-29T08:16:17Z,2023-08-21T08:16:16Z,CN=*.google.com,*.google.com,source.android.google.cn,"CN=GTS CA 1C3, O=Google Trust Services LLC, C=US",GTS CA 1C3,Google Trust Services LLC,5c86a077182cd855f21b8d80b363100f,2aa97ca45c98e14d3cd12af65b396f1a51731b94ec4b5f705a8920116775adc2,ctls,marketingplatform.google.com,,443,https://doubleclick.net:443,https,text/html,GET,142.250.186.142,/,708578229,2a00:1450:4001:812::200e,2177,False,,,True,sffe,HTTP/3,https://csp.withgoogle.com/csp/uxe-owners-acl/marketing_platform,https://marketingplatform.google.com/about/enterprise/
*.google-analytics.com,Analytics Tools & Solutions for Your Business - Google Analytics,200,118545,marketingplatform.google.com,443,True,tls13,TLS_AES_128_GCM_SHA256,,2023-05-29T08:16:17Z,2023-08-21T08:16:16Z,CN=*.google.com,*.google.com,source.android.google.cn,"CN=GTS CA 1C3, O=Google Trust Services LLC, C=US",GTS CA 1C3,Google Trust Services LLC,5c86a077182cd855f21b8d80b363100f,2aa97ca45c98e14d3cd12af65b396f1a51731b94ec4b5f705a8920116775adc2,ctls,marketingplatform.google.com,,443,https://google-analytics.com:443,https,text/html,GET,142.250.185.196,/,302920777,2a00:1450:4001:82b::2004,1833,False,,,True,sffe,HTTP/3,https://csp.withgoogle.com/csp/uxe-owners-acl/marketing_platform,https://marketingplatform.google.com/about/analytics/
*.google.com,Google,200,249973,www.google.com,443,True,tls13,TLS_AES_128_GCM_SHA256,,2023-05-29T08:22:10Z,2023-08-21T08:22:09Z,CN=www.google.com,www.google.com,www.google.com,"CN=GTS CA 1C3, O=Google Trust Services LLC, C=US",GTS CA 1C3,Google Trust Services LLC,f2bd4ee4f253f14a043bfb763b9bb802,eb5a312bc993b8f3d4a0157d94b96de55cd045397026970d42984b9ae6930ac6,ctls,www.google.com,,443,https://google.com:443,https,text/html,GET,142.250.184.206,/,708578229,2a00:1450:4001:829::200e,155,False,,,,gws,HTTP/3,https://csp.withgoogle.com/csp/gws/other-hp,https://www.google.com/
*.googleadservices.com,Error 404 (Not Found)!!1,404,1561,googleadservices.com,443,True,tls13,TLS_AES_128_GCM_SHA256,,2023-05-29T08:20:00Z,2023-08-21T08:19:59Z,CN=*.googleadservices.com,*.googleadservices.com,googleadservices.com,"CN=GTS CA 1C3, O=Google Trust Services LLC, C=US",GTS CA 1C3,Google Trust Services LLC,a998b7fe49a4321335861c494a3eb404,a0df3c80bb08fe4b26d4fc8920c6bc3cb8172b1a7bbe310663037f4198609b80,ctls,googleadservices.com,,443,https://googleadservices.com:443,https,text/html,GET,142.250.186.130,/,302920777,142.250.186.130,12,False,,,True,sffe,HTTP/3,,
*.googlesyndication.com,Google,200,250009,www.google.com,443,True,tls13,TLS_AES_128_GCM_SHA256,,2023-05-29T08:22:10Z,2023-08-21T08:22:09Z,CN=www.google.com,www.google.com,www.google.com,"CN=GTS CA 1C3, O=Google Trust Services LLC, C=US",GTS CA 1C3,Google Trust Services LLC,f2bd4ee4f253f14a043bfb763b9bb802,eb5a312bc993b8f3d4a0157d94b96de55cd045397026970d42984b9ae6930ac6,ctls,www.google.com,,443,https://googlesyndication.com:443,https,text/html,GET,142.250.186.36,/,302920777,2a00:1450:4001:827::2004,155,False,,,,gws,HTTP/3,https://csp.withgoogle.com/csp/gws/other-hp,https://www.google.com/
*.googletagmanager.com,Error 400 (Bad Request)!!1,400,1555,googletagmanager.com,443,True,tls13,TLS_AES_128_GCM_SHA256,,2023-05-29T08:16:16Z,2023-08-21T08:16:15Z,CN=*.google-analytics.com,*.google-analytics.com,www.googleoptimize.com,"CN=GTS CA 1C3, O=Google Trust Services LLC, C=US",GTS CA 1C3,Google Trust Services LLC,e20166dfb9b49e85fa7472762d5f249f,42f0db40ff6122a0b837526586d132cf7bceafb0f608de6f54f132949d87ed0e,ctls,googletagmanager.com,,443,https://googletagmanager.com:443,https,text/html,GET,142.250.181.232,/,302920777,2a00:1450:4001:82f::2008,12,False,,,True,Google Tag Manager,HTTP/3,,
*.gstatic.com,Error 404 (Not Found)!!1,404,1561,www.gstatic.com,443,True,tls13,TLS_AES_128_GCM_SHA256,,2023-05-29T08:21:36Z,2023-08-21T08:21:35Z,CN=*.gstatic.com,*.gstatic.com,*.metric.gstatic.com,"CN=GTS CA 1C3, O=Google Trust Services LLC, C=US",GTS CA 1C3,Google Trust Services LLC,d3c6d877158e986041e67ea61715ac95,406b96cf48d5fd63d08df732c86ca70aed167ff661c04b07663ff21a022fb117,ctls,www.gstatic.com,,443,https://gstatic.com:443,https,text/html,GET,142.250.186.131,/,302920777,2a00:1450:4001:82a::2003,12,False,,,True,sffe,HTTP/3,,https://www.gstatic.com/
*.hotjar.com,Hotjar: Website Heatmaps & Behavior Analytics Tools,200,305155,www.hotjar.com,443,True,tls13,TLS_AES_128_GCM_SHA256,,2023-02-28T00:00:00Z,2023-11-23T23:59:59Z,CN=*.hotjar.com,*.hotjar.com,hotjar.com,"CN=Amazon RSA 2048 M02, O=Amazon, C=US",Amazon RSA 2048 M02,Amazon,54638f1f3a40f685a2b7e2152ab03579,a25dec72ea3e5a283b6a53a564ea2ef61d08e33d461848a68334173dbe669213,ctls,www.hotjar.com,cloudfront,443,https://hotjar.com:443,https,text/html,GET,13.224.189.96,/,-289595996,13.224.189.47,649,False,True,,True,,webpack,,https://www.hotjar.com/
*.segment.com,"Twilio Segment - Ranked #1 Customer Data Platform for 2021 market share, IDC 2022",200,234322,segment.com,443,True,tls12,TLS_ECDHE_RSA_WITH_AES_128_GCM_SHA256,,2023-02-10T00:00:00Z,2024-01-12T23:59:59Z,CN=*.segment.com,*.segment.com,*.segment.io,"CN=Amazon RSA 2048 M02, O=Amazon, C=US",Amazon RSA 2048 M02,Amazon,306785571b5423e96e4058d5974cf612,351f672a1c27e3754b3f510473d17603ae9bb9a0641a1c610388637d3e7a3019,ctls,segment.com,,443,https://segment.com:443,https,text/html,GET,35.167.92.131,/,-129974783,35.163.40.130,5,False,,,True,nginx,Nginx,,
admin.sorare.com,Sign in ・ Cloudflare Access,200,31302,sorare.cloudflareaccess.com,443,True,tls13,TLS_AES_128_GCM_SHA256,,2022-11-11T00:00:00Z,2023-09-07T23:59:59Z,CN=ssl1075497.cloudflaressl.com,ssl1075497.cloudflaressl.com,cloudflareaccess.com,"CN=COMODO ECC Domain Validation Secure Server CA 2, O=COMODO CA Limited, L=Salford, ST=Greater Manchester, C=GB",COMODO ECC Domain Validation Secure Server CA 2,COMODO CA Limited,87713b38da05acdabfe6e7ca7d9d65a8,20a161d033636d125bfd59b23b1d246dc3535ed149333b3dba97497ed105e8ad,ctls,sorare.cloudflareaccess.com,cloudflare,443,https://admin.sorare.com:443,https,text/html,GET,172.64.154.157,/,-1792170147,2606:4700:4400::6812:2163,87,False,True,,True,cloudflare,HSTS,https:,https://sorare.cloudflareaccess.com/cdn-cgi/access/login/admin.sorare.com?kid=ed7c13b124c0d77ecc3e24e183156a8943ca6c90f75270b5b20621979d65fc8e&redirect_url=%2F&meta=eyJraWQiOiJhZjVhNjdlODJhZGRhODE3ZmQzY2FhMDhmOGZkYjliOWI4MDAzN2M5MzJlODIyZGUxNmVmNDc0YTc0MTJmNTY3IiwiYWxnIjoiUlMyNTYiLCJ0eXAiOiJKV1QifQ.eyJzZXJ2aWNlX3Rva2VuX3N0YXR1cyI6ZmFsc2UsImlhdCI6MTY4NzkxOTUzMCwic2VydmljZV90b2tlbl9pZCI6IiIsImF1ZCI6ImVkN2MxM2IxMjRjMGQ3N2VjYzNlMjRlMTgzMTU2YTg5NDNjYTZjOTBmNzUyNzBiNWIyMDYyMTk3OWQ2NWZjOGUiLCJob3N0bmFtZSI6ImFkbWluLnNvcmFyZS5jb20iLCJhcHBfc2Vzc2lvbl9oYXNoIjoiNzMwYjk5NzlmZmFmZWYxZDhiYmMxYzdiYmUyNGY3ZDNlNjRhY2Y2M2JkN2I2NDlkY2M3ZmIxNDUxYTU1NTdlNCIsIm5iZiI6MTY4NzkxOTUzMCwiaXNfd2FycCI6ZmFsc2UsImlzX2dhdGV3YXkiOmZhbHNlLCJ0eXBlIjoibWV0YSIsInJlZGlyZWN0X3VybCI6IlwvIiwibXRsc19hdXRoIjp7ImNlcnRfaXNzdWVyX3NraSI6IiIsImNlcnRfcHJlc2VudGVkIjpmYWxzZSwiY2VydF9zZXJpYWwiOiIiLCJjZXJ0X2lzc3Vlcl9kbiI6IiIsImF1dGhfc3RhdHVzIjoiTk9ORSJ9LCJhdXRoX3N0YXR1cyI6Ik5PTkUifQ.GNBaq9gciUhkQzYk7MNpMzxsaMLxnh4ixy3MgF3XE9cMBKcgYRtEKa55R8ZZXQgux8ULdbgoQwrhGlxaCCUipyww00Ztb0RkGDJVTraaLTBXa-_2AmW3U0G9maL6WCkn3k3U_ibzUXGJuY_E35OJRQ4m0uKGyWpVWv4g2nTxv529GAfka3FFUMI9ywzn_PDlnO8BKLzRgdVZ7ywzU7dfcPl-NGKgHWqWeS8EXblz6Yd2yklWlnO2tOAVGSad8Stc3a8MorU7R_PLXtjR-PNFueacYKM7sTMNHROiJ6QEoi2tmzwOemoGzDdKciIJTBeqMddOfPyoZCUvvBdqRN4Azg
analytics.tiktok.com,404 Not Found,404,162,analytics.tiktok.com,443,True,tls13,TLS_AES_256_GCM_SHA384,,2023-03-13T00:00:00Z,2024-04-12T23:59:59Z,CN=*.tiktok.com,*.tiktok.com,tiktok.com,"CN=RapidSSL TLS ECC CA G1, OU=www.digicert.com, O=DigiCert Inc, C=US",RapidSSL TLS ECC CA G1,DigiCert Inc,8ea8036b1e49b355d4e4ee8152d9d01d,ce6598b7b8e76273f77cd79f4f3b325d9b0b2400d1a52fbaff93799e1aa77b79,ctls,analytics.tiktok.com,,443,https://analytics.tiktok.com:443,https,text/html,GET,23.53.43.25,/,190856733,23.53.43.59,8,False,,,True,nginx,Nginx,,
api.sorare.com,,404,16,api.sorare.com,443,True,tls13,TLS_AES_128_GCM_SHA256,,2023-05-22T00:00:00Z,2024-05-21T23:59:59Z,"CN=sorare.com, O=Cloudflare\, Inc., L=San Francisco, ST=California, C=US",sorare.com,*.us-east-2.sorare.com,"CN=Cloudflare Inc ECC CA-3, O=Cloudflare\, Inc., C=US",Cloudflare Inc ECC CA-3,"Cloudflare, Inc.",b7952b6d12d7c07073d3a81873138aa2,a8adce0f41b29476afc75bfa4525a3fbbad55872a042ab6a4e9241155cd477b8,ctls,api.sorare.com,cloudflare,443,https://api.sorare.com:443,https,text/html,GET,104.18.33.99,/,255941003,2606:4700:4400::ac40:9a9d,1,False,True,"Cloudflare, Inc.",True,cloudflare,HTTP/3,,
assets.sorare.com,404 Not Found,404,345,assets.sorare.com,443,True,tls13,TLS_AES_128_GCM_SHA256,,2023-05-22T00:00:00Z,2024-05-21T23:59:59Z,"CN=sorare.com, O=Cloudflare\, Inc., L=San Francisco, ST=California, C=US",sorare.com,*.us-east-2.sorare.com,"CN=Cloudflare Inc ECC CA-3, O=Cloudflare\, Inc., C=US",Cloudflare Inc ECC CA-3,"Cloudflare, Inc.",b7952b6d12d7c07073d3a81873138aa2,a8adce0f41b29476afc75bfa4525a3fbbad55872a042ab6a4e9241155cd477b8,ctls,assets.sorare.com,cloudflare,443,https://assets.sorare.com:443,https,text/html,GET,172.64.154.157,/,82213428,2606:4700:4400::6812:2163,15,False,True,"Cloudflare, Inc.",True,cloudflare,HTTP/3,,
bat.bing.com,MSN,200,37369,www.msn.com,443,True,tls12,TLS_ECDHE_RSA_WITH_AES_256_GCM_SHA384,,2022-09-08T23:53:46Z,2023-09-08T23:53:46Z,CN=*.msn.com,*.msn.com,*.msn.com.cn,"CN=Microsoft RSA TLS CA 01, O=Microsoft Corporation, C=US",Microsoft RSA TLS CA 01,Microsoft Corporation,bcf3f3ae5488dc6542289238fda18e98,8506ab3f9b6c840bf43b944b046683ee305041011c476e05ca2c67cd454f2f7a,ctls,www.msn.com,,443,https://bat.bing.com:443,https,text/html,GET,204.79.197.200,/,1274734426,2620:1ec:c11::200,75,False,,,True,,,www.bing.com,https://www.msn.com/de-de
cdn.jsdelivr.net,"jsDelivr - A free, fast, and reliable CDN for JS and open source",200,44514,www.jsdelivr.com,443,True,tls13,TLS_AES_128_GCM_SHA256,,2023-05-28T09:01:27Z,2023-08-26T09:01:26Z,CN=www.jsdelivr.com,www.jsdelivr.com,www.jsdelivr.com,"CN=R3, O=Let's Encrypt, C=US",R3,Let's Encrypt,4adafedd29a123e433475c0491a55fc6,9adb2ae78579d5e63d05d18879be86883edded049afe0b990dc7f15a31efb293,ctls,www.jsdelivr.com,fastly,443,https://cdn.jsdelivr.net:443,https,text/html,GET,146.75.121.229,/,-2029005286,2a04:4e42:8e::485,55,False,True,,,cloudflare,HTTP/3,,https://www.jsdelivr.com
cdn.seon.io,,403,255,cdn.seon.io,443,True,tls13,TLS_AES_128_GCM_SHA256,,2023-02-21T00:00:00Z,2023-08-20T23:59:59Z,CN=*.seon.io,*.seon.io,*.api.seon.io,"CN=Amazon RSA 2048 M01, O=Amazon, C=US",Amazon RSA 2048 M01,Amazon,e5c3b04a35ffb41a999b8f2791486e13,32977fc184d04117db6ca9afc2427f5a7558a5d17a067d6bec81d880f6c90eb9,ctls,cdn.seon.io,cloudfront,443,https://cdn.seon.io:443,https,application/xml,GET,65.9.66.99,/,1322090536,65.9.66.7,2,False,True,,True,AmazonS3,Amazon Web Services,,
clicks.sorare.com,404 Not Found,404,150,eu.spgo.io,443,True,tls12,TLS_ECDHE_RSA_WITH_AES_128_GCM_SHA256,,2023-02-10T00:00:00Z,2023-10-17T23:59:59Z,CN=*.spgo.io,*.spgo.io,*.spgo2.io,"CN=Amazon RSA 2048 M01, O=Amazon, C=US",Amazon RSA 2048 M01,Amazon,e718f445c197142c0b6a78e57b53e6f2,bf3204746b229297ddb813cdffb311533bfc9ff832a23c6aef3d63e9ed01d8d5,ctls,eu.spgo.io,cloudflare,443,https://clicks.sorare.com:443,https,text/html,GET,104.18.33.99,/,1593207841,2606:4700:4400::6812:2163,8,False,True,,True,msys-http,,,https://eu.spgo.io/
connect.facebook.net,Facebook - log in or sign up,200,59033,m.facebook.com,443,True,tls13,TLS_AES_128_GCM_SHA256,,2023-04-07T00:00:00Z,2023-07-06T23:59:59Z,"CN=*.facebook.com, O=Meta Platforms\, Inc., L=Menlo Park, ST=California, C=US",*.facebook.com,messenger.com,"CN=DigiCert SHA2 High Assurance Server CA, OU=www.digicert.com, O=DigiCert Inc, C=US",DigiCert SHA2 High Assurance Server CA,DigiCert Inc,5e06fce70634ce251f515828e6dd6639,d9521f0431326dfe881e2b870c32cdfa700c26810da47c516e2cfc89e47cd07c,ctls,m.facebook.com,,443,https://connect.facebook.net:443,https,text/html,GET,157.240.251.9,/,142313513,2a03:2880:f084:d:face:b00c:0:3,18,False,,"Meta Platforms, Inc.",True,,HTTP/3,wss://gateway.facebook.com,https://m.facebook.com/?wtsid=rdr_08MHInsTpQZfrxP8H
email.sorare.com,,404,19,email.sorare.com,443,True,tls13,TLS_AES_128_GCM_SHA256,True,2023-05-23T13:32:14Z,2023-08-21T13:32:13Z,CN=eu.mailgun.org,eu.mailgun.org,eu.mailgun.org,"CN=R3, O=Let's Encrypt, C=US",R3,Let's Encrypt,2753b34e3b6210c801d396a94e40d92d,6a66728e043e8d82606c4eb20b280e0c9893f209588b457f9ea8713ab3827e89,ctls,email.sorare.com,google,443,https://email.sorare.com:443,https,text/plain,GET,34.111.99.212,/,-138391155,34.111.99.212,2,False,True,,,,,,
enterpriseenrollment.sorare.com,Microsoft Intune admin center,200,41002,intune.microsoft.com,443,True,tls12,TLS_ECDHE_RSA_WITH_AES_128_GCM_SHA256,,2023-04-20T00:03:25Z,2024-04-14T00:03:25Z,"CN=intune.microsoft.com, O=Microsoft Corporation, L=Redmond, ST=WA, C=US",intune.microsoft.com,intune.microsoft.com,"CN=Microsoft Azure TLS Issuing CA 06, O=Microsoft Corporation, C=US",Microsoft Azure TLS Issuing CA 06,Microsoft Corporation,fbe882ad9daeb5df0f0d14db966ea3c8,d5bab55b00d08eec6b9981deee10c77d19ccdd091bfd836e38b6bc95a281a90d,ctls,intune.microsoft.com,azure,443,https://enterpriseenrollment.sorare.com:443,https,text/html,GET,52.236.189.96,/,1631801191,52.236.189.96,4,False,True,Microsoft Corporation,,,HSTS,,https://intune.microsoft.com/
enterpriseregistration.sorare.com,Service,404,1565,enterpriseregistration.sorare.com,443,True,tls12,TLS_ECDHE_RSA_WITH_AES_256_GCM_SHA384,True,2023-05-17T10:06:53Z,2024-05-11T10:06:53Z,"CN=*.enterpriseregistration.windows.net, O=Microsoft Corporation, L=Redmond, ST=WA, C=US",*.enterpriseregistration.windows.net,enterpriseregistration.windows.net,"CN=Microsoft Azure TLS Issuing CA 01, O=Microsoft Corporation, C=US",Microsoft Azure TLS Issuing CA 01,Microsoft Corporation,9c63f59aa24f3f22874d7ea3998b82bd,894d8730e2e4c7c06b0d207438c8957cbd4aaae151221772f9a4db78085bdfc6,ctls,enterpriseregistration.sorare.com,azure,443,https://enterpriseregistration.sorare.com:443,https,text/html,GET,20.190.137.40,/,-2070773535,20.190.137.40,14,False,True,Microsoft Corporation,True,,HSTS,,
fonts.googleapis.com,Error 404 (Not Found)!!1,404,1607,fonts.googleapis.com,443,True,tls13,TLS_AES_128_GCM_SHA256,,2023-05-29T08:21:36Z,2023-08-21T08:21:35Z,CN=upload.video.google.com,upload.video.google.com,bg-call-donation-dev.goog,"CN=GTS CA 1C3, O=Google Trust Services LLC, C=US",GTS CA 1C3,Google Trust Services LLC,e31063166fb44c05048b4c83f636c4f5,1b195bc79767bf8017bc902501eb378f46d1685421e0b9531b7a521ca9cfd844,ctls,fonts.googleapis.com,,443,https://fonts.googleapis.com:443,https,text/html,GET,142.250.186.138,/,-606046040,2a00:1450:4001:82b::200a,1,False,,,True,ESF,HTTP/3,,
fonts.gstatic.com,Error 404 (Not Found)!!1,404,1561,fonts.gstatic.com,443,True,tls13,TLS_AES_128_GCM_SHA256,,2023-05-29T08:21:36Z,2023-08-21T08:21:35Z,CN=*.gstatic.com,*.gstatic.com,*.metric.gstatic.com,"CN=GTS CA 1C3, O=Google Trust Services LLC, C=US",GTS CA 1C3,Google Trust Services LLC,d3c6d877158e986041e67ea61715ac95,406b96cf48d5fd63d08df732c86ca70aed167ff661c04b07663ff21a022fb117,ctls,fonts.gstatic.com,,443,https://fonts.gstatic.com:443,https,text/html,GET,142.250.184.195,/,302920777,2a00:1450:4001:808::2003,12,False,,,True,sffe,HTTP/3,,
frontend-assets.sorare.com,404 Not Found,404,345,frontend-assets.sorare.com,443,True,tls13,TLS_AES_128_GCM_SHA256,,2023-05-22T00:00:00Z,2024-05-21T23:59:59Z,"CN=sorare.com, O=Cloudflare\, Inc., L=San Francisco, ST=California, C=US",sorare.com,*.us-east-2.sorare.com,"CN=Cloudflare Inc ECC CA-3, O=Cloudflare\, Inc., C=US",Cloudflare Inc ECC CA-3,"Cloudflare, Inc.",b7952b6d12d7c07073d3a81873138aa2,a8adce0f41b29476afc75bfa4525a3fbbad55872a042ab6a4e9241155cd477b8,ctls,frontend-assets.sorare.com,cloudflare,443,https://frontend-assets.sorare.com:443,https,text/html,GET,104.18.33.99,/,-630153370,2606:4700:4400::ac40:9a9d,15,False,True,"Cloudflare, Inc.",True,cloudflare,HTTP/3,,
frontend-assets.sorare.dev,404 Not Found,404,345,frontend-assets.sorare.dev,443,True,tls13,TLS_AES_128_GCM_SHA256,,2023-02-04T00:00:00Z,2024-02-03T23:59:59Z,"CN=sorare.dev, O=Cloudflare\, Inc., L=San Francisco, ST=California, C=US",sorare.dev,*.sorare.dev,"CN=Cloudflare Inc ECC CA-3, O=Cloudflare\, Inc., C=US",Cloudflare Inc ECC CA-3,"Cloudflare, Inc.",175c275c305a268c7027e87f77711f71,4d2a7babb50a841612fdd3c1a377dca0008f490729a1be0934d2c63d2b6f086a,ctls,frontend-assets.sorare.dev,cloudflare,443,https://frontend-assets.sorare.dev:443,https,text/html,GET,104.18.33.241,/,299153755,2606:4700:4400::ac40:9a0f,15,False,True,"Cloudflare, Inc.",True,cloudflare,HTTP/3,,
go.sorare.com,,404,18,api.sorare.com,443,True,tls13,TLS_AES_128_GCM_SHA256,,2023-05-22T00:00:00Z,2024-05-21T23:59:59Z,"CN=sorare.com, O=Cloudflare\, Inc., L=San Francisco, ST=California, C=US",sorare.com,*.us-east-2.sorare.com,"CN=Cloudflare Inc ECC CA-3, O=Cloudflare\, Inc., C=US",Cloudflare Inc ECC CA-3,"Cloudflare, Inc.",b7952b6d12d7c07073d3a81873138aa2,a8adce0f41b29476afc75bfa4525a3fbbad55872a042ab6a4e9241155cd477b8,ctls,api.sorare.com,cloudflare,443,https://go.sorare.com:443,https,text/plain,GET,104.18.33.99,/,-1420358624,2606:4700:4400::ac40:9a9d,1,False,True,"Cloudflare, Inc.",True,cloudflare,HTTP/3,,https://api.sorare.com/go/
help.sorare.com,Security check,403,7824,help.sorare.com,443,True,tls12,TLS_ECDHE_RSA_WITH_AES_128_GCM_SHA256,,2023-06-05T23:40:53Z,2023-09-03T23:40:52Z,CN=help.sorare.com,help.sorare.com,help.sorare.com,"CN=R3, O=Let's Encrypt, C=US",R3,Let's Encrypt,25f9379dffe955ce107006aa92886a26,05c9eda52380957bd8031171020cca836519b0810aa3a486f27e10c891b41d61,ctls,help.sorare.com,cloudflare,443,https://help.sorare.com:443,https,text/html,GET,104.16.51.111,/,-1279294674,104.16.53.111,104,False,True,,,cloudflare,Cloudflare,,https://help.sorare.com/hc/en-us
https://sorare.cloudflareaccess.com,Access: App Launcher,200,1533,sorare.cloudflareaccess.com,443,True,tls13,TLS_AES_128_GCM_SHA256,,2022-11-11T00:00:00Z,2023-09-07T23:59:59Z,CN=ssl1075497.cloudflaressl.com,ssl1075497.cloudflaressl.com,cloudflareaccess.com,"CN=COMODO ECC Domain Validation Secure Server CA 2, O=COMODO CA Limited, L=Salford, ST=Greater Manchester, C=GB",COMODO ECC Domain Validation Secure Server CA 2,COMODO CA Limited,87713b38da05acdabfe6e7ca7d9d65a8,20a161d033636d125bfd59b23b1d246dc3535ed149333b3dba97497ed105e8ad,ctls,sorare.cloudflareaccess.com,cloudflare,443,https://sorare.cloudflareaccess.com:443,https,text/html,GET,104.19.194.29,/,-1840324437,2606:4700:300a::6813:c21d,1,False,True,,True,cloudflare,Cloudflare,,
img.sorare.com,,403,42,img.sorare.com,443,True,tls13,TLS_AES_128_GCM_SHA256,,2023-05-22T00:00:00Z,2024-05-21T23:59:59Z,"CN=sorare.com, O=Cloudflare\, Inc., L=San Francisco, ST=California, C=US",sorare.com,*.us-east-2.sorare.com,"CN=Cloudflare Inc ECC CA-3, O=Cloudflare\, Inc., C=US",Cloudflare Inc ECC CA-3,"Cloudflare, Inc.",b7952b6d12d7c07073d3a81873138aa2,a8adce0f41b29476afc75bfa4525a3fbbad55872a042ab6a4e9241155cd477b8,ctls,img.sorare.com,cloudflare,443,https://img.sorare.com:443,https,application/json,GET,104.18.33.99,/,-2004255958,2606:4700:4400::ac40:9a9d,1,False,True,"Cloudflare, Inc.",True,cloudflare,HTTP/3,,
js.stripe.com,,404,243,js.stripe.com,443,True,tls13,TLS_AES_128_GCM_SHA256,,2023-05-12T00:00:00Z,2023-08-13T23:59:59Z,"CN=a.stripecdn.com, O=Stripe\, Inc, L=South San Francisco, ST=California, C=US, serialNumber=4675506, businessCategory=Private Organization, jurisdictionStateOrProvince=Delaware, jurisdictionCountry=US, businessCategory=Private Organization, jurisdictionStateOrProvince=Delaware, jurisdictionCountry=US",a.stripecdn.com,buy.stripe.com,"CN=DigiCert SHA2 Extended Validation Server CA, OU=www.digicert.com, O=DigiCert Inc, C=US",DigiCert SHA2 Extended Validation Server CA,DigiCert Inc,4847f7c9065466a22f3357a84129e1f5,622f5ea9749dbd139aed865260e6acab8fbf2cc55fc04ec68bbb59c3b6d5fd8f,ctls,js.stripe.com,cloudfront,443,https://js.stripe.com:443,https,application/xml,GET,99.86.4.122,/,2036055860,99.86.4.99,2,False,True,"Stripe, Inc",,Cloudfront,HTTP/3,,
k8s.sorare.com,Sign in ・ Cloudflare Access,200,31287,sorare.cloudflareaccess.com,443,True,tls13,TLS_AES_128_GCM_SHA256,,2022-11-11T00:00:00Z,2023-09-07T23:59:59Z,CN=ssl1075497.cloudflaressl.com,ssl1075497.cloudflaressl.com,cloudflareaccess.com,"CN=COMODO ECC Domain Validation Secure Server CA 2, O=COMODO CA Limited, L=Salford, ST=Greater Manchester, C=GB",COMODO ECC Domain Validation Secure Server CA 2,COMODO CA Limited,87713b38da05acdabfe6e7ca7d9d65a8,20a161d033636d125bfd59b23b1d246dc3535ed149333b3dba97497ed105e8ad,ctls,sorare.cloudflareaccess.com,cloudflare,443,https://k8s.sorare.com:443,https,text/html,GET,172.64.154.157,/,642049127,2606:4700:4400::6812:2163,87,False,True,,True,cloudflare,HSTS,https:,https://sorare.cloudflareaccess.com/cdn-cgi/access/login/k8s.sorare.com?kid=20826587001c09b3689f3b3fb9d68910f41df7c124f6f69fa76ca08e19fe5d4f&redirect_url=%2F&meta=eyJraWQiOiJhZjVhNjdlODJhZGRhODE3ZmQzY2FhMDhmOGZkYjliOWI4MDAzN2M5MzJlODIyZGUxNmVmNDc0YTc0MTJmNTY3IiwiYWxnIjoiUlMyNTYiLCJ0eXAiOiJKV1QifQ.eyJzZXJ2aWNlX3Rva2VuX3N0YXR1cyI6ZmFsc2UsImlhdCI6MTY4NzkxOTUzMCwic2VydmljZV90b2tlbl9pZCI6IiIsImF1ZCI6IjIwODI2NTg3MDAxYzA5YjM2ODlmM2IzZmI5ZDY4OTEwZjQxZGY3YzEyNGY2ZjY5ZmE3NmNhMDhlMTlmZTVkNGYiLCJob3N0bmFtZSI6Ims4cy5zb3JhcmUuY29tIiwiYXBwX3Nlc3Npb25faGFzaCI6ImZmZmQyMDgwYTQwMWY1N2UzMThlODkzZGRmMDUwNmZiMTMzMGYxNjcwMjYwYWFmMTUzMjUyZTkwNzAwZTEyYTUiLCJuYmYiOjE2ODc5MTk1MzAsImlzX3dhcnAiOmZhbHNlLCJpc19nYXRld2F5IjpmYWxzZSwidHlwZSI6Im1ldGEiLCJyZWRpcmVjdF91cmwiOiJcLyIsIm10bHNfYXV0aCI6eyJjZXJ0X2lzc3Vlcl9za2kiOiIiLCJjZXJ0X3ByZXNlbnRlZCI6ZmFsc2UsImNlcnRfc2VyaWFsIjoiIiwiY2VydF9pc3N1ZXJfZG4iOiIiLCJhdXRoX3N0YXR1cyI6Ik5PTkUifSwiYXV0aF9zdGF0dXMiOiJOT05FIn0.jq46q73oGz2Td4_5EQaKKNtmAzuIzPiQODDoifIZLKPI4L-h2pU2nLOlIuo6idJWgnIQDMYLr6CmlFcJT8NE6ZGK7oXI_-4gse3PZKO6rF5k6F-eWh8StgTUC-pXtyU-jUHZHE_-Gc9zXwA1Ob80KRGCv8JHT_IckoeUDodm5BVkz7MWbY97WaBsK_WIAZWVWWXsLoDMSARyXaoTVRjvTiIfFAnkX_VXafke-5rBqqvM0Q9RHIM9RdeTeCdn0OPwZ0Pyv0sXavlLDK3JO0zheWIPYJVHnEs8NlYmWK8YdYzo_YKtl3WU-9BVBEp3LGKST1CCTxonhYga8qmExikavQ
k8s.us-east-2.sorare.com,Sign in ・ Cloudflare Access,200,31344,sorare.cloudflareaccess.com,443,True,tls13,TLS_AES_128_GCM_SHA256,,2022-11-11T00:00:00Z,2023-09-07T23:59:59Z,CN=ssl1075497.cloudflaressl.com,ssl1075497.cloudflaressl.com,cloudflareaccess.com,"CN=COMODO ECC Domain Validation Secure Server CA 2, O=COMODO CA Limited, L=Salford, ST=Greater Manchester, C=GB",COMODO ECC Domain Validation Secure Server CA 2,COMODO CA Limited,87713b38da05acdabfe6e7ca7d9d65a8,20a161d033636d125bfd59b23b1d246dc3535ed149333b3dba97497ed105e8ad,ctls,sorare.cloudflareaccess.com,cloudflare,443,https://k8s.us-east-2.sorare.com:443,https,text/html,GET,172.64.154.157,/,1413793773,2606:4700:4400::6812:2163,87,False,True,,True,cloudflare,HSTS,https:,https://sorare.cloudflareaccess.com/cdn-cgi/access/login/k8s.us-east-2.sorare.com?kid=18d0d59aa75525a51a8a1eea7b47b340aeb89fc9c8a2ea5b911c036da74f2cfb&redirect_url=%2F&meta=eyJraWQiOiJhZjVhNjdlODJhZGRhODE3ZmQzY2FhMDhmOGZkYjliOWI4MDAzN2M5MzJlODIyZGUxNmVmNDc0YTc0MTJmNTY3IiwiYWxnIjoiUlMyNTYiLCJ0eXAiOiJKV1QifQ.eyJzZXJ2aWNlX3Rva2VuX3N0YXR1cyI6ZmFsc2UsImlhdCI6MTY4NzkxOTUzMCwic2VydmljZV90b2tlbl9pZCI6IiIsImF1ZCI6IjE4ZDBkNTlhYTc1NTI1YTUxYThhMWVlYTdiNDdiMzQwYWViODlmYzljOGEyZWE1YjkxMWMwMzZkYTc0ZjJjZmIiLCJob3N0bmFtZSI6Ims4cy51cy1lYXN0LTIuc29yYXJlLmNvbSIsImFwcF9zZXNzaW9uX2hhc2giOiJlNzk1MGU2ZTI5ZmNjZjU1NjFmYjhhOWEzMTU3ZDk2YWY2ZjJmOTFlNmFlNTczZjFlNzBjZjRkYThkZWM1ZjJkIiwibmJmIjoxNjg3OTE5NTMwLCJpc193YXJwIjpmYWxzZSwiaXNfZ2F0ZXdheSI6ZmFsc2UsInR5cGUiOiJtZXRhIiwicmVkaXJlY3RfdXJsIjoiXC8iLCJtdGxzX2F1dGgiOnsiY2VydF9pc3N1ZXJfc2tpIjoiIiwiY2VydF9wcmVzZW50ZWQiOmZhbHNlLCJjZXJ0X3NlcmlhbCI6IiIsImNlcnRfaXNzdWVyX2RuIjoiIiwiYXV0aF9zdGF0dXMiOiJOT05FIn0sImF1dGhfc3RhdHVzIjoiTk9ORSJ9.XFdERD_LXHbk-lhGVb2sPF1GtESIt6RdLU9hE5DxOP0ySmFPaxyWnSsljZ-gCXNLV0o1VpHx-hyI5Gypao4oTwTFpHaNFi0WNw9V_f6wgZuRRFIDn3MkOdbxbyqIT08AmaUDQefV2AYiRUWU9_OoKOhIE6cT68KeW43ScjcmKf0taa91FwMMQYMfcjSPbhMVwkbmVDBY7iazav0LJu1o0a0GU9IZfiTQN1qJybD7JMkutkepBNwKqXM7jBD8OrwoHqHatgRlnTjaUI0zYiajC5XPAXbXO42s-nAjvD5MuaPy09Y2eTmSTBKUoS4lMQe2TOESjq_j4wlHZhyOA9-4PA
live.sorare.com,Sorare • Live Map,200,1808,live.sorare.com,443,True,tls13,TLS_AES_128_GCM_SHA256,,2023-05-22T00:00:00Z,2024-05-21T23:59:59Z,"CN=sorare.com, O=Cloudflare\, Inc., L=San Francisco, ST=California, C=US",sorare.com,*.us-east-2.sorare.com,"CN=Cloudflare Inc ECC CA-3, O=Cloudflare\, Inc., C=US",Cloudflare Inc ECC CA-3,"Cloudflare, Inc.",b7952b6d12d7c07073d3a81873138aa2,a8adce0f41b29476afc75bfa4525a3fbbad55872a042ab6a4e9241155cd477b8,ctls,live.sorare.com,cloudflare,443,https://live.sorare.com:443,https,text/html,GET,104.18.33.99,/,1860921306,2606:4700:4400::ac40:9a9d,63,False,True,"Cloudflare, Inc.",True,cloudflare,HTTP/3,,
mlbguide.sorare.com,What is Sorare: MLB - Sorare: MLB Guide,200,99457,mlbguide.sorare.com,443,True,tls13,TLS_AES_128_GCM_SHA256,,2023-05-08T02:27:49Z,2023-08-06T02:27:48Z,CN=mlbguide.sorare.com,mlbguide.sorare.com,mlbguide.sorare.com,"CN=GTS CA 1P5, O=Google Trust Services LLC, C=US",GTS CA 1P5,Google Trust Services LLC,867049f573f7c98678498ca5e57cef61,889cfa2bca860280fd8b9500cec489969567e0d927b29bc2c0faca7408933dd3,ctls,mlbguide.sorare.com,cloudflare,443,https://mlbguide.sorare.com:443,https,text/html,GET,172.64.154.157,/,-145626426,2606:4700:4400::ac40:9a9d,1068,False,True,,,cloudflare,HTTP/3,ssl.google-analytics.com,
nbaguide.sorare.com,What is Sorare: NBA - Sorare: NBA Guide,200,111554,nbaguide.sorare.com,443,True,tls13,TLS_AES_128_GCM_SHA256,,2023-06-11T15:35:33Z,2023-09-09T15:35:32Z,CN=nbaguide.sorare.com,nbaguide.sorare.com,nbaguide.sorare.com,"CN=GTS CA 1P5, O=Google Trust Services LLC, C=US",GTS CA 1P5,Google Trust Services LLC,61048b666cf748d1acd1e014cfb2c463,a39eff00afd95017c055151b8dc556802d21a81bb4fcd32e3d3a2a819dc7f2c7,ctls,nbaguide.sorare.com,cloudflare,443,https://nbaguide.sorare.com:443,https,text/html,GET,104.18.33.99,/,891709843,2606:4700:4400::ac40:9a9d,1068,False,True,,,cloudflare,HTTP/3,intercom.help,
rendering.sorare.com,,200,864,rendering.sorare.com,443,True,tls13,TLS_AES_128_GCM_SHA256,,2023-05-22T00:00:00Z,2024-05-21T23:59:59Z,"CN=sorare.com, O=Cloudflare\, Inc., L=San Francisco, ST=California, C=US",sorare.com,*.us-east-2.sorare.com,"CN=Cloudflare Inc ECC CA-3, O=Cloudflare\, Inc., C=US",Cloudflare Inc ECC CA-3,"Cloudflare, Inc.",b7952b6d12d7c07073d3a81873138aa2,a8adce0f41b29476afc75bfa4525a3fbbad55872a042ab6a4e9241155cd477b8,ctls,rendering.sorare.com,cloudflare,443,https://rendering.sorare.com:443,https,text/html,GET,104.18.33.99,/,1770151753,2606:4700:4400::ac40:9a9d,30,False,True,"Cloudflare, Inc.",True,cloudflare,HTTP/3,,
sc-static.net,,403,243,sc-static.net,443,True,tls13,TLS_AES_128_GCM_SHA256,,2023-01-20T00:00:00Z,2024-02-18T23:59:59Z,CN=sc-static.net,sc-static.net,sc-static.net,"CN=Amazon RSA 2048 M02, O=Amazon, C=US",Amazon RSA 2048 M02,Amazon,37b604aab0bce33483971d08406d4339,ef079bdb44c6870b7002da82829f13e455f858864939be3abb7d94a0fe5dd263,ctls,sc-static.net,cloudfront,443,https://sc-static.net:443,https,application/xml,GET,143.204.207.250,/,-867314014,143.204.207.250,2,False,True,,,AmazonS3,Amazon Web Services,,
sorare.com,Sorare: Own Your Game,200,16075,sorare.com,443,True,tls13,TLS_AES_128_GCM_SHA256,,2023-05-22T00:00:00Z,2024-05-21T23:59:59Z,"CN=sorare.com, O=Cloudflare\, Inc., L=San Francisco, ST=California, C=US",sorare.com,*.us-east-2.sorare.com,"CN=Cloudflare Inc ECC CA-3, O=Cloudflare\, Inc., C=US",Cloudflare Inc ECC CA-3,"Cloudflare, Inc.",b7952b6d12d7c07073d3a81873138aa2,a8adce0f41b29476afc75bfa4525a3fbbad55872a042ab6a4e9241155cd477b8,ctls,sorare.com,cloudflare,443,https://sorare.com:443,https,text/html,GET,172.64.154.157,/,255941003,2606:4700:4400::6812:2163,204,False,True,"Cloudflare, Inc.",True,cloudflare,React,*.amplitude.com,
status.sorare.com,Sorare Status Page Status,200,313426,status.sorare.com,443,True,tls13,TLS_AES_128_GCM_SHA256,,2023-05-22T00:00:00Z,2024-05-21T23:59:59Z,"CN=sorare.com, O=Cloudflare\, Inc., L=San Francisco, ST=California, C=US",sorare.com,*.us-east-2.sorare.com,"CN=Cloudflare Inc ECC CA-3, O=Cloudflare\, Inc., C=US",Cloudflare Inc ECC CA-3,"Cloudflare, Inc.",b7952b6d12d7c07073d3a81873138aa2,a8adce0f41b29476afc75bfa4525a3fbbad55872a042ab6a4e9241155cd477b8,ctls,status.sorare.com,cloudflare,443,https://status.sorare.com:443,https,text/html,GET,172.64.154.157,/,-1840324437,2606:4700:4400::ac40:9a9d,4471,False,True,"Cloudflare, Inc.",True,cloudflare,HTTP/3,,
use.fontawesome.com,,403,243,use.fontawesome.com,443,True,tls13,TLS_AES_128_GCM_SHA256,,2023-05-06T03:15:52Z,2023-08-04T03:15:51Z,CN=use.fontawesome.com,use.fontawesome.com,use.fontawesome.com,"CN=GTS CA 1P5, O=Google Trust Services LLC, C=US",GTS CA 1P5,Google Trust Services LLC,b18aaf7e2c17a24a9396a09b71be0431,c6386e0c989049c5124f4658c0799c277ad4296c1bba47b3792bdad556d3770a,ctls,use.fontawesome.com,cloudflare,443,https://use.fontawesome.com:443,https,application/xml,GET,172.64.132.15,/,2124074475,2606:4700:e2::ac40:850f,2,False,True,,,cloudflare,HTTP/3,,
use.typekit.net,Adobe Fonts | Explore unlimited fonts,200,154480,fonts.adobe.com,443,True,tls13,TLS_AES_128_GCM_SHA256,True,2022-11-15T00:00:00Z,2023-12-16T23:59:59Z,"CN=*.typekit.com, O=Adobe Inc., L=San Jose, ST=California, C=US",*.typekit.com,typekit.net,"CN=DigiCert TLS RSA SHA256 2020 CA1, O=DigiCert Inc, C=US",DigiCert TLS RSA SHA256 2020 CA1,DigiCert Inc,dd40db78b9c73dbbb2ae84cef44634b4,cd14431f1c8f86d706d6c7df12191ddac4b741e930a5849abc7d39f262d0621e,ctls,fonts.adobe.com,,443,https://use.typekit.net:443,https,text/html,GET,2.21.20.217,/,-236991280,2a02:26f0:3100::1735:28c8,1812,False,,Adobe Inc.,True,nginx,Ruby on Rails,,https://fonts.adobe.com/
wallet.sorare.com,Sorare Wallet,200,940,wallet.sorare.com,443,True,tls13,TLS_AES_128_GCM_SHA256,,2023-05-22T00:00:00Z,2024-05-21T23:59:59Z,"CN=sorare.com, O=Cloudflare\, Inc., L=San Francisco, ST=California, C=US",sorare.com,*.us-east-2.sorare.com,"CN=Cloudflare Inc ECC CA-3, O=Cloudflare\, Inc., C=US",Cloudflare Inc ECC CA-3,"Cloudflare, Inc.",b7952b6d12d7c07073d3a81873138aa2,a8adce0f41b29476afc75bfa4525a3fbbad55872a042ab6a4e9241155cd477b8,ctls,wallet.sorare.com,cloudflare,443,https://wallet.sorare.com:443,https,text/html,GET,172.64.154.157,/,255941003,2606:4700:4400::6812:2163,34,False,True,"Cloudflare, Inc.",True,cloudflare,HTTP/3,,
ws.sorare.com,,404,19,ws.sorare.com,443,True,tls13,TLS_AES_128_GCM_SHA256,,2023-05-22T00:00:00Z,2024-05-21T23:59:59Z,"CN=sorare.com, O=Cloudflare\, Inc., L=San Francisco, ST=California, C=US",sorare.com,*.us-east-2.sorare.com,"CN=Cloudflare Inc ECC CA-3, O=Cloudflare\, Inc., C=US",Cloudflare Inc ECC CA-3,"Cloudflare, Inc.",b7952b6d12d7c07073d3a81873138aa2,a8adce0f41b29476afc75bfa4525a3fbbad55872a042ab6a4e9241155cd477b8,ctls,ws.sorare.com,cloudflare,443,https://ws.sorare.com:443,https,text/plain,GET,172.64.154.157,/,-138391155,2606:4700:4400::6812:2163,2,False,True,"Cloudflare, Inc.",True,cloudflare,HTTP/3,,
www.redditstatic.com,,404,13,www.redditstatic.com,443,True,tls13,TLS_AES_128_GCM_SHA256,,2023-04-12T00:00:00Z,2023-10-08T23:59:59Z,"CN=www.redditstatic.com, O=REDDIT\, INC., L=SAN FRANCISCO, ST=CALIFORNIA, C=US",www.redditstatic.com,www.redditstatic.com,"CN=DigiCert Global G2 TLS RSA SHA256 2020 CA1, O=DigiCert Inc, C=US",DigiCert Global G2 TLS RSA SHA256 2020 CA1,DigiCert Inc,a40a6a8ecc2f37924134078571771835,2654d9457ad55b7ed6001ca083bb1fcb0d766851d1ebc1c2138c0e2e90c9f517,ctls,www.redditstatic.com,fastly,443,https://www.redditstatic.com:443,https,text/plain,GET,151.101.193.140,/,-1640178715,2a04:4e42:600::396,1,False,True,"REDDIT, INC.",,snooserv,Varnish,,
www.sorare.com,Sorare: Own Your Game,200,16075,sorare.com,443,True,tls13,TLS_AES_128_GCM_SHA256,,2023-05-22T00:00:00Z,2024-05-21T23:59:59Z,"CN=sorare.com, O=Cloudflare\, Inc., L=San Francisco, ST=California, C=US",sorare.com,*.us-east-2.sorare.com,"CN=Cloudflare Inc ECC CA-3, O=Cloudflare\, Inc., C=US",Cloudflare Inc ECC CA-3,"Cloudflare, Inc.",b7952b6d12d7c07073d3a81873138aa2,a8adce0f41b29476afc75bfa4525a3fbbad55872a042ab6a4e9241155cd477b8,ctls,sorare.com,cloudflare,443,https://www.sorare.com:443,https,text/html,GET,172.64.154.157,/,255941003,2606:4700:4400::ac40:9a9d,204,False,True,"Cloudflare, Inc.",True,cloudflare,React,*.hotjar.com,https://sorare.com/
