new,host,ttl,a,aaaa,mx,soa,ns,txt,caa,status_code,cname,cdn,cdn-name
[x],_spfblock1.pon-cat.com,1800,,,,"{'name': 'pon-cat.com', 'ns': 'harlan.ns.cloudflare.com', 'mailbox': 'dns.cloudflare.com', 'serial': 2336167473, 'refresh': 10000, 'retry': 2400, 'expire': 604800, 'minttl': 1800}, {'name': 'pon-cat.com', 'ns': 'harlan.ns.cloudflare.com', 'mailbox': 'dns.cloudflare.com', 'serial': 2336167473, 'refresh': 10000, 'retry': 2400, 'expire': 604800, 'minttl': 1800}, {'name': 'pon-cat.com', 'ns': 'harlan.ns.cloudflare.com', 'mailbox': 'dns.cloudflare.com', 'serial': 2336167473, 'refresh': 10000, 'retry': 2400, 'expire': 604800, 'minttl': 1800}, {'name': 'pon-cat.com', 'ns': 'harlan.ns.cloudflare.com', 'mailbox': 'dns.cloudflare.com', 'serial': 2336167473, 'refresh': 10000, 'retry': 2400, 'expire': 604800, 'minttl': 1800}, {'name': 'pon-cat.com', 'ns': 'harlan.ns.cloudflare.com', 'mailbox': 'dns.cloudflare.com', 'serial': 2336167473, 'refresh': 10000, 'retry': 2400, 'expire': 604800, 'minttl': 1800}, {'name': 'pon-cat.com', 'ns': 'harlan.ns.cloudflare.com', 'mailbox': 'dns.cloudflare.com', 'serial': 2336167473, 'refresh': 10000, 'retry': 2400, 'expire': 604800, 'minttl': 1800}",,,,NOERROR,,,
[x],acc.pon-cat.com,300,"104.18.36.53, 172.64.151.203","2606:4700:4400::ac40:97cb, 2606:4700:4400::6812:2435",,"{'name': 'pon-cat.com', 'ns': 'harlan.ns.cloudflare.com', 'mailbox': 'dns.cloudflare.com', 'serial': 2336167473, 'refresh': 10000, 'retry': 2400, 'expire': 604800, 'minttl': 1800}, {'name': 'pon-cat.com', 'ns': 'harlan.ns.cloudflare.com', 'mailbox': 'dns.cloudflare.com', 'serial': 2336167473, 'refresh': 10000, 'retry': 2400, 'expire': 604800, 'minttl': 1800}, {'name': 'pon-cat.com', 'ns': 'harlan.ns.cloudflare.com', 'mailbox': 'dns.cloudflare.com', 'serial': 2336167473, 'refresh': 10000, 'retry': 2400, 'expire': 604800, 'minttl': 1800}, {'name': 'pon-cat.com', 'ns': 'harlan.ns.cloudflare.com', 'mailbox': 'dns.cloudflare.com', 'serial': 2336167473, 'refresh': 10000, 'retry': 2400, 'expire': 604800, 'minttl': 1800}, {'name': 'pon-cat.com', 'ns': 'harlan.ns.cloudflare.com', 'mailbox': 'dns.cloudflare.com', 'serial': 2336167473, 'refresh': 10000, 'retry': 2400, 'expire': 604800, 'minttl': 1800}",,,,NOERROR,,,
[x],autodiscover.pon-cat.com,300,,"2603:1026:c0d:100d::8, 2603:1026:c0d:1023::8, 2603:1026:c0d:102b::8",,"{'name': 'ms-acdc-autod.office.com', 'ns': 'ns1-ms-acdc.office.com', 'mailbox': 'hostmaster.microsoft.com', 'serial': 2024356541, 'refresh': 900, 'retry': 600, 'expire': 86400, 'minttl': 60}, {'name': 'ms-acdc-autod.office.com', 'ns': 'ns1-ms-acdc.office.com', 'mailbox': 'hostmaster.microsoft.com', 'serial': 2024059467, 'refresh': 900, 'retry': 600, 'expire': 86400, 'minttl': 60}, {'name': 'ms-acdc-autod.office.com', 'ns': 'ns1-ms-acdc.office.com', 'mailbox': 'hostmaster.microsoft.com', 'serial': 2024358291, 'refresh': 900, 'retry': 600, 'expire': 86400, 'minttl': 60}, {'name': 'ms-acdc-autod.office.com', 'ns': 'ns1-ms-acdc.office.com', 'mailbox': 'hostmaster.microsoft.com', 'serial': 2024051077, 'refresh': 900, 'retry': 600, 'expire': 86400, 'minttl': 60}, {'name': 'ms-acdc-autod.office.com', 'ns': 'ns1-ms-acdc.office.com', 'mailbox': 'hostmaster.microsoft.com', 'serial': 2024367743, 'refresh': 900, 'retry': 600, 'expire': 86400, 'minttl': 60}",,,,NOERROR,"autodiscover.outlook.com, atod-g2.tm-4.office.com, autod.ms-acdc-autod.office.com",,
[x],bmc.pon-cat.com,1800,,,,"{'name': 'pon-cat.com', 'ns': 'harlan.ns.cloudflare.com', 'mailbox': 'dns.cloudflare.com', 'serial': 2336167473, 'refresh': 10000, 'retry': 2400, 'expire': 604800, 'minttl': 1800}, {'name': 'pon-cat.com', 'ns': 'harlan.ns.cloudflare.com', 'mailbox': 'dns.cloudflare.com', 'serial': 2336167473, 'refresh': 10000, 'retry': 2400, 'expire': 604800, 'minttl': 1800}, {'name': 'pon-cat.com', 'ns': 'harlan.ns.cloudflare.com', 'mailbox': 'dns.cloudflare.com', 'serial': 2336167473, 'refresh': 10000, 'retry': 2400, 'expire': 604800, 'minttl': 1800}, {'name': 'pon-cat.com', 'ns': 'harlan.ns.cloudflare.com', 'mailbox': 'dns.cloudflare.com', 'serial': 2336167473, 'refresh': 10000, 'retry': 2400, 'expire': 604800, 'minttl': 1800}, {'name': 'pon-cat.com', 'ns': 'harlan.ns.cloudflare.com', 'mailbox': 'dns.cloudflare.com', 'serial': 2336167473, 'refresh': 10000, 'retry': 2400, 'expire': 604800, 'minttl': 1800}, {'name': 'pon-cat.com', 'ns': 'harlan.ns.cloudflare.com', 'mailbox': 'dns.cloudflare.com', 'serial': 2336167473, 'refresh': 10000, 'retry': 2400, 'expire': 604800, 'minttl': 1800}, {'name': 'pon-cat.com', 'ns': 'harlan.ns.cloudflare.com', 'mailbox': 'dns.cloudflare.com', 'serial': 2336167473, 'refresh': 10000, 'retry': 2400, 'expire': 604800, 'minttl': 1800}, {'name': 'pon-cat.com', 'ns': 'harlan.ns.cloudflare.com', 'mailbox': 'dns.cloudflare.com', 'serial': 2336167473, 'refresh': 10000, 'retry': 2400, 'expire': 604800, 'minttl': 1800}",,,,NOERROR,,,
[x],bouncing.pon-cat.com,180,23.101.118.145,,"mail01.eur.pb-dynmktge.com, mail04.eur.pb-dynmktge.com","{'name': 'eur.pb-dynmktge.com', 'ns': 'ns1-09.azure-dns.com', 'mailbox': 'azuredns-hostmaster.microsoft.com', 'serial': 1, 'refresh': 3600, 'retry': 300, 'expire': 2419200, 'minttl': 300}, {'name': 'eur.pb-dynmktge.com', 'ns': 'ns1-09.azure-dns.com', 'mailbox': 'azuredns-hostmaster.microsoft.com', 'serial': 1, 'refresh': 3600, 'retry': 300, 'expire': 2419200, 'minttl': 300}","ns1-09.azure-dns.com, ns2-09.azure-dns.net, ns3-09.azure-dns.org, ns4-09.azure-dns.info",v=spf1 ip4:13.69.226.128/25 ip4:13.74.106.128/25 ~all,,NOERROR,eur.pb-dynmktge.com,,
[x],brukt.pon-cat.com,300,"104.18.36.53, 172.64.151.203","2606:4700:4400::ac40:97cb, 2606:4700:4400::6812:2435",,"{'name': 'pon-cat.com', 'ns': 'harlan.ns.cloudflare.com', 'mailbox': 'dns.cloudflare.com', 'serial': 2336167473, 'refresh': 10000, 'retry': 2400, 'expire': 604800, 'minttl': 1800}, {'name': 'pon-cat.com', 'ns': 'harlan.ns.cloudflare.com', 'mailbox': 'dns.cloudflare.com', 'serial': 2336167473, 'refresh': 10000, 'retry': 2400, 'expire': 604800, 'minttl': 1800}, {'name': 'pon-cat.com', 'ns': 'harlan.ns.cloudflare.com', 'mailbox': 'dns.cloudflare.com', 'serial': 2336167473, 'refresh': 10000, 'retry': 2400, 'expire': 604800, 'minttl': 1800}, {'name': 'pon-cat.com', 'ns': 'harlan.ns.cloudflare.com', 'mailbox': 'dns.cloudflare.com', 'serial': 2336167473, 'refresh': 10000, 'retry': 2400, 'expire': 604800, 'minttl': 1800}, {'name': 'pon-cat.com', 'ns': 'harlan.ns.cloudflare.com', 'mailbox': 'dns.cloudflare.com', 'serial': 2336167473, 'refresh': 10000, 'retry': 2400, 'expire': 604800, 'minttl': 1800}",,,,NOERROR,,,
[x],bs.power.pon-cat.com,300,"104.18.36.53, 172.64.151.203","2a06:98c1:3123:e000::, 2a06:98c1:3122:e000::",,"{'name': 'pon-cat.com', 'ns': 'harlan.ns.cloudflare.com', 'mailbox': 'dns.cloudflare.com', 'serial': 2336167473, 'refresh': 10000, 'retry': 2400, 'expire': 604800, 'minttl': 1800}, {'name': 'pon-cat.com', 'ns': 'harlan.ns.cloudflare.com', 'mailbox': 'dns.cloudflare.com', 'serial': 2336167473, 'refresh': 10000, 'retry': 2400, 'expire': 604800, 'minttl': 1800}, {'name': 'pon-cat.com', 'ns': 'harlan.ns.cloudflare.com', 'mailbox': 'dns.cloudflare.com', 'serial': 2336167473, 'refresh': 10000, 'retry': 2400, 'expire': 604800, 'minttl': 1800}, {'name': 'pon-cat.com', 'ns': 'harlan.ns.cloudflare.com', 'mailbox': 'dns.cloudflare.com', 'serial': 2336167473, 'refresh': 10000, 'retry': 2400, 'expire': 604800, 'minttl': 1800}, {'name': 'pon-cat.com', 'ns': 'harlan.ns.cloudflare.com', 'mailbox': 'dns.cloudflare.com', 'serial': 2336167473, 'refresh': 10000, 'retry': 2400, 'expire': 604800, 'minttl': 1800}, {'name': 'pon-cat.com', 'ns': 'harlan.ns.cloudflare.com', 'mailbox': 'dns.cloudflare.com', 'serial': 2336167473, 'refresh': 10000, 'retry': 2400, 'expire': 604800, 'minttl': 1800}",,,,NOERROR,,,
[x],content.pon-cat.com,300,34.147.215.88,,,"{'name': 'northflank.com', 'ns': 'dns1.p06.nsone.net', 'mailbox': 'hostmaster.nsone.net', 'serial': 1648714079, 'refresh': 43200, 'retry': 7200, 'expire': 1209600, 'minttl': 3600}, {'name': 'northflank.com', 'ns': 'dns1.p06.nsone.net', 'mailbox': 'hostmaster.nsone.net', 'serial': 1648714079, 'refresh': 43200, 'retry': 7200, 'expire': 1209600, 'minttl': 3600}, {'name': 'northflank.com', 'ns': 'dns1.p06.nsone.net', 'mailbox': 'hostmaster.nsone.net', 'serial': 1648714079, 'refresh': 43200, 'retry': 7200, 'expire': 1209600, 'minttl': 3600}, {'name': 'northflank.com', 'ns': 'dns1.p06.nsone.net', 'mailbox': 'hostmaster.nsone.net', 'serial': 1648714079, 'refresh': 43200, 'retry': 7200, 'expire': 1209600, 'minttl': 3600}, {'name': 'northflank.com', 'ns': 'dns1.p06.nsone.net', 'mailbox': 'hostmaster.nsone.net', 'serial': 1648714079, 'refresh': 43200, 'retry': 7200, 'expire': 1209600, 'minttl': 3600}",,,,NOERROR,"content.pon-cat.com.enor-7pmx.dns.northflank.app, lb.649c046f7793c53a50fe4bcf.northflank.com",True,google
[x],criticalpower.pon-cat.com,300,"104.18.36.53, 172.64.151.203","2a06:98c1:3123:e000::, 2a06:98c1:3122:e000::",,"{'name': 'pon-cat.com', 'ns': 'harlan.ns.cloudflare.com', 'mailbox': 'dns.cloudflare.com', 'serial': 2336167473, 'refresh': 10000, 'retry': 2400, 'expire': 604800, 'minttl': 1800}, {'name': 'pon-cat.com', 'ns': 'harlan.ns.cloudflare.com', 'mailbox': 'dns.cloudflare.com', 'serial': 2336167473, 'refresh': 10000, 'retry': 2400, 'expire': 604800, 'minttl': 1800}, {'name': 'pon-cat.com', 'ns': 'harlan.ns.cloudflare.com', 'mailbox': 'dns.cloudflare.com', 'serial': 2336167473, 'refresh': 10000, 'retry': 2400, 'expire': 604800, 'minttl': 1800}, {'name': 'pon-cat.com', 'ns': 'harlan.ns.cloudflare.com', 'mailbox': 'dns.cloudflare.com', 'serial': 2336167473, 'refresh': 10000, 'retry': 2400, 'expire': 604800, 'minttl': 1800}, {'name': 'pon-cat.com', 'ns': 'harlan.ns.cloudflare.com', 'mailbox': 'dns.cloudflare.com', 'serial': 2336167473, 'refresh': 10000, 'retry': 2400, 'expire': 604800, 'minttl': 1800}, {'name': 'pon-cat.com', 'ns': 'harlan.ns.cloudflare.com', 'mailbox': 'dns.cloudflare.com', 'serial': 2336167473, 'refresh': 10000, 'retry': 2400, 'expire': 604800, 'minttl': 1800}",,,,NOERROR,,,
[x],dk.power.pon-cat.com,300,"104.18.36.53, 172.64.151.203","2606:4700:4400::ac40:97cb, 2606:4700:4400::6812:2435",,"{'name': 'pon-cat.com', 'ns': 'harlan.ns.cloudflare.com', 'mailbox': 'dns.cloudflare.com', 'serial': 2336167473, 'refresh': 10000, 'retry': 2400, 'expire': 604800, 'minttl': 1800}, {'name': 'pon-cat.com', 'ns': 'harlan.ns.cloudflare.com', 'mailbox': 'dns.cloudflare.com', 'serial': 2336167473, 'refresh': 10000, 'retry': 2400, 'expire': 604800, 'minttl': 1800}, {'name': 'pon-cat.com', 'ns': 'harlan.ns.cloudflare.com', 'mailbox': 'dns.cloudflare.com', 'serial': 2336167473, 'refresh': 10000, 'retry': 2400, 'expire': 604800, 'minttl': 1800}, {'name': 'pon-cat.com', 'ns': 'harlan.ns.cloudflare.com', 'mailbox': 'dns.cloudflare.com', 'serial': 2336167473, 'refresh': 10000, 'retry': 2400, 'expire': 604800, 'minttl': 1800}, {'name': 'pon-cat.com', 'ns': 'harlan.ns.cloudflare.com', 'mailbox': 'dns.cloudflare.com', 'serial': 2336167473, 'refresh': 10000, 'retry': 2400, 'expire': 604800, 'minttl': 1800}",,,,NOERROR,,,
[x],dremio-prod.pon-cat.com,130,,,,"{'name': 'pon-cat.com', 'ns': 'harlan.ns.cloudflare.com', 'mailbox': 'dns.cloudflare.com', 'serial': 2336167473, 'refresh': 10000, 'retry': 2400, 'expire': 604800, 'minttl': 1800}, {'name': 'pon-cat.com', 'ns': 'harlan.ns.cloudflare.com', 'mailbox': 'dns.cloudflare.com', 'serial': 2336167473, 'refresh': 10000, 'retry': 2400, 'expire': 604800, 'minttl': 1800}, {'name': 'pon-cat.com', 'ns': 'harlan.ns.cloudflare.com', 'mailbox': 'dns.cloudflare.com', 'serial': 2336167473, 'refresh': 10000, 'retry': 2400, 'expire': 604800, 'minttl': 1800}, {'name': 'pon-cat.com', 'ns': 'harlan.ns.cloudflare.com', 'mailbox': 'dns.cloudflare.com', 'serial': 2336167473, 'refresh': 10000, 'retry': 2400, 'expire': 604800, 'minttl': 1800}, {'name': 'pon-cat.com', 'ns': 'harlan.ns.cloudflare.com', 'mailbox': 'dns.cloudflare.com', 'serial': 2336167473, 'refresh': 10000, 'retry': 2400, 'expire': 604800, 'minttl': 1800}, {'name': 'pon-cat.com', 'ns': 'harlan.ns.cloudflare.com', 'mailbox': 'dns.cloudflare.com', 'serial': 2336167473, 'refresh': 10000, 'retry': 2400, 'expire': 604800, 'minttl': 1800}, {'name': 'pon-cat.com', 'ns': 'harlan.ns.cloudflare.com', 'mailbox': 'dns.cloudflare.com', 'serial': 2336167473, 'refresh': 10000, 'retry': 2400, 'expire': 604800, 'minttl': 1800}",,,,NOERROR,,,
[x],dremio-tst.pon-cat.com,300,,,,"{'name': 'pon-cat.com', 'ns': 'harlan.ns.cloudflare.com', 'mailbox': 'dns.cloudflare.com', 'serial': 2336167473, 'refresh': 10000, 'retry': 2400, 'expire': 604800, 'minttl': 1800}, {'name': 'pon-cat.com', 'ns': 'harlan.ns.cloudflare.com', 'mailbox': 'dns.cloudflare.com', 'serial': 2336167473, 'refresh': 10000, 'retry': 2400, 'expire': 604800, 'minttl': 1800}, {'name': 'pon-cat.com', 'ns': 'harlan.ns.cloudflare.com', 'mailbox': 'dns.cloudflare.com', 'serial': 2336167473, 'refresh': 10000, 'retry': 2400, 'expire': 604800, 'minttl': 1800}, {'name': 'pon-cat.com', 'ns': 'harlan.ns.cloudflare.com', 'mailbox': 'dns.cloudflare.com', 'serial': 2336167473, 'refresh': 10000, 'retry': 2400, 'expire': 604800, 'minttl': 1800}, {'name': 'pon-cat.com', 'ns': 'harlan.ns.cloudflare.com', 'mailbox': 'dns.cloudflare.com', 'serial': 2336167473, 'refresh': 10000, 'retry': 2400, 'expire': 604800, 'minttl': 1800}, {'name': 'pon-cat.com', 'ns': 'harlan.ns.cloudflare.com', 'mailbox': 'dns.cloudflare.com', 'serial': 2336167473, 'refresh': 10000, 'retry': 2400, 'expire': 604800, 'minttl': 1800}, {'name': 'pon-cat.com', 'ns': 'harlan.ns.cloudflare.com', 'mailbox': 'dns.cloudflare.com', 'serial': 2336167473, 'refresh': 10000, 'retry': 2400, 'expire': 604800, 'minttl': 1800}",,,,NOERROR,,,
[x],enterpriseenrollment.pon-cat.com,300,52.236.189.96,,,"{'name': 'westeurope.cloudapp.azure.com', 'ns': 'ns1-201.azure-dns.com', 'mailbox': 'msnhst.microsoft.com', 'serial': 10001, 'refresh': 900, 'retry': 300, 'expire': 604800, 'minttl': 60}, {'name': 'centralus.cloudapp.azure.com', 'ns': 'ns1-201.azure-dns.com', 'mailbox': 'msnhst.microsoft.com', 'serial': 10001, 'refresh': 900, 'retry': 300, 'expire': 604800, 'minttl': 60}, {'name': 'swedencentral.cloudapp.azure.com', 'ns': 'ns1-07.azure-dns.com', 'mailbox': 'azuredns-hostmaster.microsoft.com', 'serial': 1, 'refresh': 3600, 'retry': 300, 'expire': 2419200, 'minttl': 300}, {'name': 'westeurope.cloudapp.azure.com', 'ns': 'ns1-201.azure-dns.com', 'mailbox': 'msnhst.microsoft.com', 'serial': 10001, 'refresh': 900, 'retry': 300, 'expire': 604800, 'minttl': 60}, {'name': 'westeurope.cloudapp.azure.com', 'ns': 'ns1-201.azure-dns.com', 'mailbox': 'msnhst.microsoft.com', 'serial': 10001, 'refresh': 900, 'retry': 300, 'expire': 604800, 'minttl': 60}",,,,NOERROR,"enterpriseenrollment-s.manage.microsoft.com, manage-pe.trafficmanager.net, pexsucpeu02.westeurope.cloudapp.azure.com, pexsucpna03.centralus.cloudapp.azure.com, pexsucpeu03.swedencentral.cloudapp.azure.com",,
[x],enterpriseregistration.pon-cat.com,300,"40.126.32.66, 40.126.32.131, 40.126.32.6, 40.126.32.129","2603:1027:1:158::7, 2603:1026:3000:150::3, 2603:1026:3000:150::2, 2603:1027:1:148::b",,"{'name': 'trafficmanager.net', 'ns': 'tm1.dns-tm.com', 'mailbox': 'hostmaster.trafficmanager.net', 'serial': 2003080800, 'refresh': 900, 'retry': 300, 'expire': 2419200, 'minttl': 30}, {'name': 'trafficmanager.net', 'ns': 'tm1.dns-tm.com', 'mailbox': 'hostmaster.trafficmanager.net', 'serial': 2003080800, 'refresh': 900, 'retry': 300, 'expire': 2419200, 'minttl': 30}, {'name': 'akadns.net', 'ns': 'internal.akadns.net', 'mailbox': 'hostmaster.akamai.com', 'serial': 1629813934, 'refresh': 90000, 'retry': 90000, 'expire': 90000, 'minttl': 180}, {'name': 'trafficmanager.net', 'ns': 'tm1.dns-tm.com', 'mailbox': 'hostmaster.trafficmanager.net', 'serial': 2003080800, 'refresh': 900, 'retry': 300, 'expire': 2419200, 'minttl': 30}, {'name': 'akadns.net', 'ns': 'internal.akadns.net', 'mailbox': 'hostmaster.akamai.com', 'serial': 1629813934, 'refresh': 90000, 'retry': 90000, 'expire': 90000, 'minttl': 180}",,,,NOERROR,"enterpriseregistration.windows.net, na.privatelink.msidentity.com, prdf.aadg.msidentity.com, www.tm.f.prd.aadg.akadns.net, www.tm.f.prd.aadg.trafficmanager.net",,
[x],forms.pon-cat.com,300,"104.18.36.53, 172.64.151.203","2606:4700:4400::6812:2435, 2606:4700:4400::ac40:97cb",,"{'name': 'pon-cat.com', 'ns': 'harlan.ns.cloudflare.com', 'mailbox': 'dns.cloudflare.com', 'serial': 2336167473, 'refresh': 10000, 'retry': 2400, 'expire': 604800, 'minttl': 1800}, {'name': 'pon-cat.com', 'ns': 'harlan.ns.cloudflare.com', 'mailbox': 'dns.cloudflare.com', 'serial': 2336167473, 'refresh': 10000, 'retry': 2400, 'expire': 604800, 'minttl': 1800}, {'name': 'pon-cat.com', 'ns': 'harlan.ns.cloudflare.com', 'mailbox': 'dns.cloudflare.com', 'serial': 2336167473, 'refresh': 10000, 'retry': 2400, 'expire': 604800, 'minttl': 1800}, {'name': 'pon-cat.com', 'ns': 'harlan.ns.cloudflare.com', 'mailbox': 'dns.cloudflare.com', 'serial': 2336167473, 'refresh': 10000, 'retry': 2400, 'expire': 604800, 'minttl': 1800}, {'name': 'pon-cat.com', 'ns': 'harlan.ns.cloudflare.com', 'mailbox': 'dns.cloudflare.com', 'serial': 2336167473, 'refresh': 10000, 'retry': 2400, 'expire': 604800, 'minttl': 1800}",,,,NOERROR,,,
[x],ftp.pon-cat.com,300,"172.64.151.203, 104.18.36.53","2606:4700:4400::6812:2435, 2606:4700:4400::ac40:97cb",,"{'name': 'pon-cat.com', 'ns': 'harlan.ns.cloudflare.com', 'mailbox': 'dns.cloudflare.com', 'serial': 2336167473, 'refresh': 10000, 'retry': 2400, 'expire': 604800, 'minttl': 1800}, {'name': 'pon-cat.com', 'ns': 'harlan.ns.cloudflare.com', 'mailbox': 'dns.cloudflare.com', 'serial': 2336167473, 'refresh': 10000, 'retry': 2400, 'expire': 604800, 'minttl': 1800}, {'name': 'pon-cat.com', 'ns': 'harlan.ns.cloudflare.com', 'mailbox': 'dns.cloudflare.com', 'serial': 2336167473, 'refresh': 10000, 'retry': 2400, 'expire': 604800, 'minttl': 1800}, {'name': 'pon-cat.com', 'ns': 'harlan.ns.cloudflare.com', 'mailbox': 'dns.cloudflare.com', 'serial': 2336167473, 'refresh': 10000, 'retry': 2400, 'expire': 604800, 'minttl': 1800}, {'name': 'pon-cat.com', 'ns': 'harlan.ns.cloudflare.com', 'mailbox': 'dns.cloudflare.com', 'serial': 2336167473, 'refresh': 10000, 'retry': 2400, 'expire': 604800, 'minttl': 1800}",,,,NOERROR,,,
[x],hub.pon-cat.com,300,20.199.107.83,,,"{'name': 'trafficmanager.net', 'ns': 'tm1.dns-tm.com', 'mailbox': 'hostmaster.trafficmanager.net', 'serial': 2003080800, 'refresh': 900, 'retry': 300, 'expire': 2419200, 'minttl': 30}, {'name': 'trafficmanager.net', 'ns': 'tm1.dns-tm.com', 'mailbox': 'hostmaster.trafficmanager.net', 'serial': 2003080800, 'refresh': 900, 'retry': 300, 'expire': 2419200, 'minttl': 30}, {'name': 'trafficmanager.net', 'ns': 'tm1.dns-tm.com', 'mailbox': 'hostmaster.trafficmanager.net', 'serial': 2003080800, 'refresh': 900, 'retry': 300, 'expire': 2419200, 'minttl': 30}, {'name': 'trafficmanager.net', 'ns': 'tm1.dns-tm.com', 'mailbox': 'hostmaster.trafficmanager.net', 'serial': 2003080800, 'refresh': 900, 'retry': 300, 'expire': 2419200, 'minttl': 30}",,,,NOERROR,"hub-ponpepp.msappproxy.net, 9298fb21-7a67-4d91-9e6c-2623b2095768.tenant.runtime.msappproxy.net, cwap-eur1-runtime.routing.msappproxy.net, eur.proxy-3.appproxy.msidentity.com, www.tm.eur.proxy-3.appproxy.trafficmanager.net",,
[x],hybrid.pon-cat.com,300,51.137.88.77,,,"{'name': 'pon-cat.com', 'ns': 'harlan.ns.cloudflare.com', 'mailbox': 'dns.cloudflare.com', 'serial': 2336167473, 'refresh': 10000, 'retry': 2400, 'expire': 604800, 'minttl': 1800}, {'name': 'pon-cat.com', 'ns': 'harlan.ns.cloudflare.com', 'mailbox': 'dns.cloudflare.com', 'serial': 2336167473, 'refresh': 10000, 'retry': 2400, 'expire': 604800, 'minttl': 1800}, {'name': 'pon-cat.com', 'ns': 'harlan.ns.cloudflare.com', 'mailbox': 'dns.cloudflare.com', 'serial': 2336167473, 'refresh': 10000, 'retry': 2400, 'expire': 604800, 'minttl': 1800}, {'name': 'pon-cat.com', 'ns': 'harlan.ns.cloudflare.com', 'mailbox': 'dns.cloudflare.com', 'serial': 2336167473, 'refresh': 10000, 'retry': 2400, 'expire': 604800, 'minttl': 1800}, {'name': 'pon-cat.com', 'ns': 'harlan.ns.cloudflare.com', 'mailbox': 'dns.cloudflare.com', 'serial': 2336167473, 'refresh': 10000, 'retry': 2400, 'expire': 604800, 'minttl': 1800}",,,,NOERROR,,,
[x],insight.pon-cat.com,222,"188.114.99.224, 188.114.98.224","2606:4700:4400::ac40:97cb, 2606:4700:4400::6812:2435",,"{'name': 'pon-cat.com', 'ns': 'harlan.ns.cloudflare.com', 'mailbox': 'dns.cloudflare.com', 'serial': 2336167473, 'refresh': 10000, 'retry': 2400, 'expire': 604800, 'minttl': 1800}, {'name': 'pon-cat.com', 'ns': 'harlan.ns.cloudflare.com', 'mailbox': 'dns.cloudflare.com', 'serial': 2336167473, 'refresh': 10000, 'retry': 2400, 'expire': 604800, 'minttl': 1800}, {'name': 'pon-cat.com', 'ns': 'harlan.ns.cloudflare.com', 'mailbox': 'dns.cloudflare.com', 'serial': 2336167473, 'refresh': 10000, 'retry': 2400, 'expire': 604800, 'minttl': 1800}, {'name': 'pon-cat.com', 'ns': 'harlan.ns.cloudflare.com', 'mailbox': 'dns.cloudflare.com', 'serial': 2336167473, 'refresh': 10000, 'retry': 2400, 'expire': 604800, 'minttl': 1800}, {'name': 'pon-cat.com', 'ns': 'harlan.ns.cloudflare.com', 'mailbox': 'dns.cloudflare.com', 'serial': 2336167473, 'refresh': 10000, 'retry': 2400, 'expire': 604800, 'minttl': 1800}, {'name': 'pon-cat.com', 'ns': 'harlan.ns.cloudflare.com', 'mailbox': 'dns.cloudflare.com', 'serial': 2336167473, 'refresh': 10000, 'retry': 2400, 'expire': 604800, 'minttl': 1800}",,,,NOERROR,,,
[x],kompaktmaskiner.pon-cat.com,1675,,,,"{'name': 'pon-cat.com', 'ns': 'harlan.ns.cloudflare.com', 'mailbox': 'dns.cloudflare.com', 'serial': 2336167473, 'refresh': 10000, 'retry': 2400, 'expire': 604800, 'minttl': 1800}, {'name': 'pon-cat.com', 'ns': 'harlan.ns.cloudflare.com', 'mailbox': 'dns.cloudflare.com', 'serial': 2336167473, 'refresh': 10000, 'retry': 2400, 'expire': 604800, 'minttl': 1800}, {'name': 'pon-cat.com', 'ns': 'harlan.ns.cloudflare.com', 'mailbox': 'dns.cloudflare.com', 'serial': 2336167473, 'refresh': 10000, 'retry': 2400, 'expire': 604800, 'minttl': 1800}, {'name': 'pon-cat.com', 'ns': 'harlan.ns.cloudflare.com', 'mailbox': 'dns.cloudflare.com', 'serial': 2336167473, 'refresh': 10000, 'retry': 2400, 'expire': 604800, 'minttl': 1800}, {'name': 'pon-cat.com', 'ns': 'harlan.ns.cloudflare.com', 'mailbox': 'dns.cloudflare.com', 'serial': 2336167473, 'refresh': 10000, 'retry': 2400, 'expire': 604800, 'minttl': 1800}, {'name': 'pon-cat.com', 'ns': 'harlan.ns.cloudflare.com', 'mailbox': 'dns.cloudflare.com', 'serial': 2336167473, 'refresh': 10000, 'retry': 2400, 'expire': 604800, 'minttl': 1800}, {'name': 'pon-cat.com', 'ns': 'harlan.ns.cloudflare.com', 'mailbox': 'dns.cloudflare.com', 'serial': 2336167473, 'refresh': 10000, 'retry': 2400, 'expire': 604800, 'minttl': 1800}, {'name': 'pon-cat.com', 'ns': 'harlan.ns.cloudflare.com', 'mailbox': 'dns.cloudflare.com', 'serial': 2336167473, 'refresh': 10000, 'retry': 2400, 'expire': 604800, 'minttl': 1800}",,,,NOERROR,,,
[x],komptech.pon-cat.com,1800,,,,"{'name': 'pon-cat.com', 'ns': 'harlan.ns.cloudflare.com', 'mailbox': 'dns.cloudflare.com', 'serial': 2336167473, 'refresh': 10000, 'retry': 2400, 'expire': 604800, 'minttl': 1800}, {'name': 'pon-cat.com', 'ns': 'harlan.ns.cloudflare.com', 'mailbox': 'dns.cloudflare.com', 'serial': 2336167473, 'refresh': 10000, 'retry': 2400, 'expire': 604800, 'minttl': 1800}, {'name': 'pon-cat.com', 'ns': 'harlan.ns.cloudflare.com', 'mailbox': 'dns.cloudflare.com', 'serial': 2336167473, 'refresh': 10000, 'retry': 2400, 'expire': 604800, 'minttl': 1800}, {'name': 'pon-cat.com', 'ns': 'harlan.ns.cloudflare.com', 'mailbox': 'dns.cloudflare.com', 'serial': 2336167473, 'refresh': 10000, 'retry': 2400, 'expire': 604800, 'minttl': 1800}, {'name': 'pon-cat.com', 'ns': 'harlan.ns.cloudflare.com', 'mailbox': 'dns.cloudflare.com', 'serial': 2336167473, 'refresh': 10000, 'retry': 2400, 'expire': 604800, 'minttl': 1800}, {'name': 'pon-cat.com', 'ns': 'harlan.ns.cloudflare.com', 'mailbox': 'dns.cloudflare.com', 'serial': 2336167473, 'refresh': 10000, 'retry': 2400, 'expire': 604800, 'minttl': 1800}, {'name': 'pon-cat.com', 'ns': 'harlan.ns.cloudflare.com', 'mailbox': 'dns.cloudflare.com', 'serial': 2336167473, 'refresh': 10000, 'retry': 2400, 'expire': 604800, 'minttl': 1800}, {'name': 'pon-cat.com', 'ns': 'harlan.ns.cloudflare.com', 'mailbox': 'dns.cloudflare.com', 'serial': 2336167473, 'refresh': 10000, 'retry': 2400, 'expire': 604800, 'minttl': 1800}",,,,NOERROR,,,
[x],mail.pon-cat.com,300,"104.18.36.53, 172.64.151.203","2606:4700:4400::6812:2435, 2606:4700:4400::ac40:97cb",,"{'name': 'pon-cat.com', 'ns': 'harlan.ns.cloudflare.com', 'mailbox': 'dns.cloudflare.com', 'serial': 2336167473, 'refresh': 10000, 'retry': 2400, 'expire': 604800, 'minttl': 1800}, {'name': 'pon-cat.com', 'ns': 'harlan.ns.cloudflare.com', 'mailbox': 'dns.cloudflare.com', 'serial': 2336167473, 'refresh': 10000, 'retry': 2400, 'expire': 604800, 'minttl': 1800}, {'name': 'pon-cat.com', 'ns': 'harlan.ns.cloudflare.com', 'mailbox': 'dns.cloudflare.com', 'serial': 2336167473, 'refresh': 10000, 'retry': 2400, 'expire': 604800, 'minttl': 1800}, {'name': 'pon-cat.com', 'ns': 'harlan.ns.cloudflare.com', 'mailbox': 'dns.cloudflare.com', 'serial': 2336167473, 'refresh': 10000, 'retry': 2400, 'expire': 604800, 'minttl': 1800}",,,,NOERROR,,,
[x],mail1.pon-cat.com,300,"104.18.36.53, 172.64.151.203","2606:4700:4400::6812:2435, 2606:4700:4400::ac40:97cb",,"{'name': 'pon-cat.com', 'ns': 'harlan.ns.cloudflare.com', 'mailbox': 'dns.cloudflare.com', 'serial': 2336167473, 'refresh': 10000, 'retry': 2400, 'expire': 604800, 'minttl': 1800}, {'name': 'pon-cat.com', 'ns': 'harlan.ns.cloudflare.com', 'mailbox': 'dns.cloudflare.com', 'serial': 2336167473, 'refresh': 10000, 'retry': 2400, 'expire': 604800, 'minttl': 1800}, {'name': 'pon-cat.com', 'ns': 'harlan.ns.cloudflare.com', 'mailbox': 'dns.cloudflare.com', 'serial': 2336167473, 'refresh': 10000, 'retry': 2400, 'expire': 604800, 'minttl': 1800}, {'name': 'pon-cat.com', 'ns': 'harlan.ns.cloudflare.com', 'mailbox': 'dns.cloudflare.com', 'serial': 2336167473, 'refresh': 10000, 'retry': 2400, 'expire': 604800, 'minttl': 1800}, {'name': 'pon-cat.com', 'ns': 'harlan.ns.cloudflare.com', 'mailbox': 'dns.cloudflare.com', 'serial': 2336167473, 'refresh': 10000, 'retry': 2400, 'expire': 604800, 'minttl': 1800}",,,,NOERROR,,,
[x],microgrids.pon-cat.com,300,"104.18.36.53, 172.64.151.203","2606:4700:4400::6812:2435, 2606:4700:4400::ac40:97cb",,"{'name': 'pon-cat.com', 'ns': 'harlan.ns.cloudflare.com', 'mailbox': 'dns.cloudflare.com', 'serial': 2336167473, 'refresh': 10000, 'retry': 2400, 'expire': 604800, 'minttl': 1800}, {'name': 'pon-cat.com', 'ns': 'harlan.ns.cloudflare.com', 'mailbox': 'dns.cloudflare.com', 'serial': 2336167473, 'refresh': 10000, 'retry': 2400, 'expire': 604800, 'minttl': 1800}, {'name': 'pon-cat.com', 'ns': 'harlan.ns.cloudflare.com', 'mailbox': 'dns.cloudflare.com', 'serial': 2336167473, 'refresh': 10000, 'retry': 2400, 'expire': 604800, 'minttl': 1800}, {'name': 'pon-cat.com', 'ns': 'harlan.ns.cloudflare.com', 'mailbox': 'dns.cloudflare.com', 'serial': 2336167473, 'refresh': 10000, 'retry': 2400, 'expire': 604800, 'minttl': 1800}",,,,NOERROR,,,
[x],motorennieuws.pon-cat.com,300,,,,"{'name': 'maglr.com', 'ns': 'fiona.ns.cloudflare.com', 'mailbox': 'dns.cloudflare.com', 'serial': 2334476787, 'refresh': 10000, 'retry': 2400, 'expire': 604800, 'minttl': 1800}",,"v=spf1 -all, v=DKIM1, v=DMARC1;p=reject","amazontrust.com, letsencrypt.org, globalsign.com, sectigo.com, digicert.com",NOERROR,"1790.server3.online-magazine.nl, 373.cname.maglr.com",,
[x],myponpower.pon-cat.com,300,,"2606:4700:4400::6812:2435, 2606:4700:4400::ac40:97cb",,"{'name': 'pon-cat.com', 'ns': 'harlan.ns.cloudflare.com', 'mailbox': 'dns.cloudflare.com', 'serial': 2336167473, 'refresh': 10000, 'retry': 2400, 'expire': 604800, 'minttl': 1800}, {'name': 'pon-cat.com', 'ns': 'harlan.ns.cloudflare.com', 'mailbox': 'dns.cloudflare.com', 'serial': 2336167473, 'refresh': 10000, 'retry': 2400, 'expire': 604800, 'minttl': 1800}, {'name': 'pon-cat.com', 'ns': 'harlan.ns.cloudflare.com', 'mailbox': 'dns.cloudflare.com', 'serial': 2336167473, 'refresh': 10000, 'retry': 2400, 'expire': 604800, 'minttl': 1800}, {'name': 'pon-cat.com', 'ns': 'harlan.ns.cloudflare.com', 'mailbox': 'dns.cloudflare.com', 'serial': 2336167473, 'refresh': 10000, 'retry': 2400, 'expire': 604800, 'minttl': 1800}, {'name': 'pon-cat.com', 'ns': 'harlan.ns.cloudflare.com', 'mailbox': 'dns.cloudflare.com', 'serial': 2336167473, 'refresh': 10000, 'retry': 2400, 'expire': 604800, 'minttl': 1800}",,,,NOERROR,,,
[x],nl.equipment.pon-cat.com,1800,,,,"{'name': 'pon-cat.com', 'ns': 'harlan.ns.cloudflare.com', 'mailbox': 'dns.cloudflare.com', 'serial': 2336167473, 'refresh': 10000, 'retry': 2400, 'expire': 604800, 'minttl': 1800}, {'name': 'pon-cat.com', 'ns': 'harlan.ns.cloudflare.com', 'mailbox': 'dns.cloudflare.com', 'serial': 2336167473, 'refresh': 10000, 'retry': 2400, 'expire': 604800, 'minttl': 1800}, {'name': 'pon-cat.com', 'ns': 'harlan.ns.cloudflare.com', 'mailbox': 'dns.cloudflare.com', 'serial': 2336167473, 'refresh': 10000, 'retry': 2400, 'expire': 604800, 'minttl': 1800}, {'name': 'pon-cat.com', 'ns': 'harlan.ns.cloudflare.com', 'mailbox': 'dns.cloudflare.com', 'serial': 2336167473, 'refresh': 10000, 'retry': 2400, 'expire': 604800, 'minttl': 1800}, {'name': 'pon-cat.com', 'ns': 'harlan.ns.cloudflare.com', 'mailbox': 'dns.cloudflare.com', 'serial': 2336167473, 'refresh': 10000, 'retry': 2400, 'expire': 604800, 'minttl': 1800}, {'name': 'pon-cat.com', 'ns': 'harlan.ns.cloudflare.com', 'mailbox': 'dns.cloudflare.com', 'serial': 2336167473, 'refresh': 10000, 'retry': 2400, 'expire': 604800, 'minttl': 1800}, {'name': 'pon-cat.com', 'ns': 'harlan.ns.cloudflare.com', 'mailbox': 'dns.cloudflare.com', 'serial': 2336167473, 'refresh': 10000, 'retry': 2400, 'expire': 604800, 'minttl': 1800}",,,,NOERROR,,,
[x],nl.power.pon-cat.com,300,"104.18.36.53, 172.64.151.203",,,"{'name': 'pon-cat.com', 'ns': 'harlan.ns.cloudflare.com', 'mailbox': 'dns.cloudflare.com', 'serial': 2336167473, 'refresh': 10000, 'retry': 2400, 'expire': 604800, 'minttl': 1800}, {'name': 'pon-cat.com', 'ns': 'harlan.ns.cloudflare.com', 'mailbox': 'dns.cloudflare.com', 'serial': 2336167473, 'refresh': 10000, 'retry': 2400, 'expire': 604800, 'minttl': 1800}, {'name': 'pon-cat.com', 'ns': 'harlan.ns.cloudflare.com', 'mailbox': 'dns.cloudflare.com', 'serial': 2336167473, 'refresh': 10000, 'retry': 2400, 'expire': 604800, 'minttl': 1800}, {'name': 'pon-cat.com', 'ns': 'harlan.ns.cloudflare.com', 'mailbox': 'dns.cloudflare.com', 'serial': 2336167473, 'refresh': 10000, 'retry': 2400, 'expire': 604800, 'minttl': 1800}, {'name': 'pon-cat.com', 'ns': 'harlan.ns.cloudflare.com', 'mailbox': 'dns.cloudflare.com', 'serial': 2336167473, 'refresh': 10000, 'retry': 2400, 'expire': 604800, 'minttl': 1800}",,,,NOERROR,,,
[x],no.power.pon-cat.com,300,"172.64.151.203, 104.18.36.53",,,"{'name': 'pon-cat.com', 'ns': 'harlan.ns.cloudflare.com', 'mailbox': 'dns.cloudflare.com', 'serial': 2336167473, 'refresh': 10000, 'retry': 2400, 'expire': 604800, 'minttl': 1800}, {'name': 'pon-cat.com', 'ns': 'harlan.ns.cloudflare.com', 'mailbox': 'dns.cloudflare.com', 'serial': 2336167473, 'refresh': 10000, 'retry': 2400, 'expire': 604800, 'minttl': 1800}, {'name': 'pon-cat.com', 'ns': 'harlan.ns.cloudflare.com', 'mailbox': 'dns.cloudflare.com', 'serial': 2336167473, 'refresh': 10000, 'retry': 2400, 'expire': 604800, 'minttl': 1800}, {'name': 'pon-cat.com', 'ns': 'harlan.ns.cloudflare.com', 'mailbox': 'dns.cloudflare.com', 'serial': 2336167473, 'refresh': 10000, 'retry': 2400, 'expire': 604800, 'minttl': 1800}, {'name': 'pon-cat.com', 'ns': 'harlan.ns.cloudflare.com', 'mailbox': 'dns.cloudflare.com', 'serial': 2336167473, 'refresh': 10000, 'retry': 2400, 'expire': 604800, 'minttl': 1800}, {'name': 'pon-cat.com', 'ns': 'harlan.ns.cloudflare.com', 'mailbox': 'dns.cloudflare.com', 'serial': 2336167473, 'refresh': 10000, 'retry': 2400, 'expire': 604800, 'minttl': 1800}",,,,NOERROR,,,
[x],norway.pon-cat.com,300,,"2606:4700:4400::ac40:97cb, 2606:4700:4400::6812:2435",,"{'name': 'pon-cat.com', 'ns': 'harlan.ns.cloudflare.com', 'mailbox': 'dns.cloudflare.com', 'serial': 2336167473, 'refresh': 10000, 'retry': 2400, 'expire': 604800, 'minttl': 1800}, {'name': 'pon-cat.com', 'ns': 'harlan.ns.cloudflare.com', 'mailbox': 'dns.cloudflare.com', 'serial': 2336167473, 'refresh': 10000, 'retry': 2400, 'expire': 604800, 'minttl': 1800}, {'name': 'pon-cat.com', 'ns': 'harlan.ns.cloudflare.com', 'mailbox': 'dns.cloudflare.com', 'serial': 2336167473, 'refresh': 10000, 'retry': 2400, 'expire': 604800, 'minttl': 1800}, {'name': 'pon-cat.com', 'ns': 'harlan.ns.cloudflare.com', 'mailbox': 'dns.cloudflare.com', 'serial': 2336167473, 'refresh': 10000, 'retry': 2400, 'expire': 604800, 'minttl': 1800}",,,,NOERROR,,,
[x],nyheder.pon-cat.com,814,,,,"{'name': 'pon-cat.com', 'ns': 'harlan.ns.cloudflare.com', 'mailbox': 'dns.cloudflare.com', 'serial': 2336167473, 'refresh': 10000, 'retry': 2400, 'expire': 604800, 'minttl': 1800}, {'name': 'pon-cat.com', 'ns': 'harlan.ns.cloudflare.com', 'mailbox': 'dns.cloudflare.com', 'serial': 2336167473, 'refresh': 10000, 'retry': 2400, 'expire': 604800, 'minttl': 1800}, {'name': 'pon-cat.com', 'ns': 'harlan.ns.cloudflare.com', 'mailbox': 'dns.cloudflare.com', 'serial': 2336167473, 'refresh': 10000, 'retry': 2400, 'expire': 604800, 'minttl': 1800}, {'name': 'pon-cat.com', 'ns': 'harlan.ns.cloudflare.com', 'mailbox': 'dns.cloudflare.com', 'serial': 2336167473, 'refresh': 10000, 'retry': 2400, 'expire': 604800, 'minttl': 1800}, {'name': 'pon-cat.com', 'ns': 'harlan.ns.cloudflare.com', 'mailbox': 'dns.cloudflare.com', 'serial': 2336167473, 'refresh': 10000, 'retry': 2400, 'expire': 604800, 'minttl': 1800}, {'name': 'pon-cat.com', 'ns': 'harlan.ns.cloudflare.com', 'mailbox': 'dns.cloudflare.com', 'serial': 2336167473, 'refresh': 10000, 'retry': 2400, 'expire': 604800, 'minttl': 1800}, {'name': 'pon-cat.com', 'ns': 'harlan.ns.cloudflare.com', 'mailbox': 'dns.cloudflare.com', 'serial': 2336167473, 'refresh': 10000, 'retry': 2400, 'expire': 604800, 'minttl': 1800}",,,,NOERROR,,,
[x],omniwin.pon-cat.com,300,20.126.253.135,,,"{'name': 'pon-cat.com', 'ns': 'harlan.ns.cloudflare.com', 'mailbox': 'dns.cloudflare.com', 'serial': 2336167473, 'refresh': 10000, 'retry': 2400, 'expire': 604800, 'minttl': 1800}, {'name': 'pon-cat.com', 'ns': 'harlan.ns.cloudflare.com', 'mailbox': 'dns.cloudflare.com', 'serial': 2336167473, 'refresh': 10000, 'retry': 2400, 'expire': 604800, 'minttl': 1800}, {'name': 'pon-cat.com', 'ns': 'harlan.ns.cloudflare.com', 'mailbox': 'dns.cloudflare.com', 'serial': 2336167473, 'refresh': 10000, 'retry': 2400, 'expire': 604800, 'minttl': 1800}, {'name': 'pon-cat.com', 'ns': 'harlan.ns.cloudflare.com', 'mailbox': 'dns.cloudflare.com', 'serial': 2336167473, 'refresh': 10000, 'retry': 2400, 'expire': 604800, 'minttl': 1800}, {'name': 'pon-cat.com', 'ns': 'harlan.ns.cloudflare.com', 'mailbox': 'dns.cloudflare.com', 'serial': 2336167473, 'refresh': 10000, 'retry': 2400, 'expire': 604800, 'minttl': 1800}, {'name': 'pon-cat.com', 'ns': 'harlan.ns.cloudflare.com', 'mailbox': 'dns.cloudflare.com', 'serial': 2336167473, 'refresh': 10000, 'retry': 2400, 'expire': 604800, 'minttl': 1800}, {'name': 'pon-cat.com', 'ns': 'harlan.ns.cloudflare.com', 'mailbox': 'dns.cloudflare.com', 'serial': 2336167473, 'refresh': 10000, 'retry': 2400, 'expire': 604800, 'minttl': 1800}",,,,NOERROR,,,
[x],ovaledge-prod.pon-cat.com,300,20.23.78.171,,,"{'name': 'pon-cat.com', 'ns': 'harlan.ns.cloudflare.com', 'mailbox': 'dns.cloudflare.com', 'serial': 2336167473, 'refresh': 10000, 'retry': 2400, 'expire': 604800, 'minttl': 1800}, {'name': 'pon-cat.com', 'ns': 'harlan.ns.cloudflare.com', 'mailbox': 'dns.cloudflare.com', 'serial': 2336167473, 'refresh': 10000, 'retry': 2400, 'expire': 604800, 'minttl': 1800}, {'name': 'pon-cat.com', 'ns': 'harlan.ns.cloudflare.com', 'mailbox': 'dns.cloudflare.com', 'serial': 2336167473, 'refresh': 10000, 'retry': 2400, 'expire': 604800, 'minttl': 1800}, {'name': 'pon-cat.com', 'ns': 'harlan.ns.cloudflare.com', 'mailbox': 'dns.cloudflare.com', 'serial': 2336167473, 'refresh': 10000, 'retry': 2400, 'expire': 604800, 'minttl': 1800}, {'name': 'pon-cat.com', 'ns': 'harlan.ns.cloudflare.com', 'mailbox': 'dns.cloudflare.com', 'serial': 2336167473, 'refresh': 10000, 'retry': 2400, 'expire': 604800, 'minttl': 1800}, {'name': 'pon-cat.com', 'ns': 'harlan.ns.cloudflare.com', 'mailbox': 'dns.cloudflare.com', 'serial': 2336167473, 'refresh': 10000, 'retry': 2400, 'expire': 604800, 'minttl': 1800}, {'name': 'pon-cat.com', 'ns': 'harlan.ns.cloudflare.com', 'mailbox': 'dns.cloudflare.com', 'serial': 2336167473, 'refresh': 10000, 'retry': 2400, 'expire': 604800, 'minttl': 1800}",,,,NOERROR,,,
[x],partstore-prd.pon-cat.com,1649,,,,"{'name': 'pon-cat.com', 'ns': 'harlan.ns.cloudflare.com', 'mailbox': 'dns.cloudflare.com', 'serial': 2336167473, 'refresh': 10000, 'retry': 2400, 'expire': 604800, 'minttl': 1800}, {'name': 'pon-cat.com', 'ns': 'harlan.ns.cloudflare.com', 'mailbox': 'dns.cloudflare.com', 'serial': 2336167473, 'refresh': 10000, 'retry': 2400, 'expire': 604800, 'minttl': 1800}, {'name': 'pon-cat.com', 'ns': 'harlan.ns.cloudflare.com', 'mailbox': 'dns.cloudflare.com', 'serial': 2336167473, 'refresh': 10000, 'retry': 2400, 'expire': 604800, 'minttl': 1800}, {'name': 'pon-cat.com', 'ns': 'harlan.ns.cloudflare.com', 'mailbox': 'dns.cloudflare.com', 'serial': 2336167473, 'refresh': 10000, 'retry': 2400, 'expire': 604800, 'minttl': 1800}, {'name': 'pon-cat.com', 'ns': 'harlan.ns.cloudflare.com', 'mailbox': 'dns.cloudflare.com', 'serial': 2336167473, 'refresh': 10000, 'retry': 2400, 'expire': 604800, 'minttl': 1800}, {'name': 'pon-cat.com', 'ns': 'harlan.ns.cloudflare.com', 'mailbox': 'dns.cloudflare.com', 'serial': 2336167473, 'refresh': 10000, 'retry': 2400, 'expire': 604800, 'minttl': 1800}, {'name': 'pon-cat.com', 'ns': 'harlan.ns.cloudflare.com', 'mailbox': 'dns.cloudflare.com', 'serial': 2336167473, 'refresh': 10000, 'retry': 2400, 'expire': 604800, 'minttl': 1800}, {'name': 'pon-cat.com', 'ns': 'harlan.ns.cloudflare.com', 'mailbox': 'dns.cloudflare.com', 'serial': 2336167473, 'refresh': 10000, 'retry': 2400, 'expire': 604800, 'minttl': 1800}",,,,NOERROR,,,
[x],partstore-tst.pon-cat.com,1800,,,,"{'name': 'pon-cat.com', 'ns': 'harlan.ns.cloudflare.com', 'mailbox': 'dns.cloudflare.com', 'serial': 2336167473, 'refresh': 10000, 'retry': 2400, 'expire': 604800, 'minttl': 1800}, {'name': 'pon-cat.com', 'ns': 'harlan.ns.cloudflare.com', 'mailbox': 'dns.cloudflare.com', 'serial': 2336167473, 'refresh': 10000, 'retry': 2400, 'expire': 604800, 'minttl': 1800}, {'name': 'pon-cat.com', 'ns': 'harlan.ns.cloudflare.com', 'mailbox': 'dns.cloudflare.com', 'serial': 2336167473, 'refresh': 10000, 'retry': 2400, 'expire': 604800, 'minttl': 1800}, {'name': 'pon-cat.com', 'ns': 'harlan.ns.cloudflare.com', 'mailbox': 'dns.cloudflare.com', 'serial': 2336167473, 'refresh': 10000, 'retry': 2400, 'expire': 604800, 'minttl': 1800}, {'name': 'pon-cat.com', 'ns': 'harlan.ns.cloudflare.com', 'mailbox': 'dns.cloudflare.com', 'serial': 2336167473, 'refresh': 10000, 'retry': 2400, 'expire': 604800, 'minttl': 1800}",,,,NOERROR,,,
[x],partstore-tst2.pon-cat.com,1800,,,,"{'name': 'pon-cat.com', 'ns': 'harlan.ns.cloudflare.com', 'mailbox': 'dns.cloudflare.com', 'serial': 2336167473, 'refresh': 10000, 'retry': 2400, 'expire': 604800, 'minttl': 1800}, {'name': 'pon-cat.com', 'ns': 'harlan.ns.cloudflare.com', 'mailbox': 'dns.cloudflare.com', 'serial': 2336167473, 'refresh': 10000, 'retry': 2400, 'expire': 604800, 'minttl': 1800}, {'name': 'pon-cat.com', 'ns': 'harlan.ns.cloudflare.com', 'mailbox': 'dns.cloudflare.com', 'serial': 2336167473, 'refresh': 10000, 'retry': 2400, 'expire': 604800, 'minttl': 1800}, {'name': 'pon-cat.com', 'ns': 'harlan.ns.cloudflare.com', 'mailbox': 'dns.cloudflare.com', 'serial': 2336167473, 'refresh': 10000, 'retry': 2400, 'expire': 604800, 'minttl': 1800}, {'name': 'pon-cat.com', 'ns': 'harlan.ns.cloudflare.com', 'mailbox': 'dns.cloudflare.com', 'serial': 2336167473, 'refresh': 10000, 'retry': 2400, 'expire': 604800, 'minttl': 1800}, {'name': 'pon-cat.com', 'ns': 'harlan.ns.cloudflare.com', 'mailbox': 'dns.cloudflare.com', 'serial': 2336167473, 'refresh': 10000, 'retry': 2400, 'expire': 604800, 'minttl': 1800}, {'name': 'pon-cat.com', 'ns': 'harlan.ns.cloudflare.com', 'mailbox': 'dns.cloudflare.com', 'serial': 2336167473, 'refresh': 10000, 'retry': 2400, 'expire': 604800, 'minttl': 1800}",,,,NOERROR,,,
[x],partstore.pon-cat.com,1800,,,partstore-poncat-com03c.mail.protection.outlook.com,"{'name': 'pon-cat.com', 'ns': 'harlan.ns.cloudflare.com', 'mailbox': 'dns.cloudflare.com', 'serial': 2336167473, 'refresh': 10000, 'retry': 2400, 'expire': 604800, 'minttl': 1800}, {'name': 'pon-cat.com', 'ns': 'harlan.ns.cloudflare.com', 'mailbox': 'dns.cloudflare.com', 'serial': 2336167473, 'refresh': 10000, 'retry': 2400, 'expire': 604800, 'minttl': 1800}, {'name': 'pon-cat.com', 'ns': 'harlan.ns.cloudflare.com', 'mailbox': 'dns.cloudflare.com', 'serial': 2336167473, 'refresh': 10000, 'retry': 2400, 'expire': 604800, 'minttl': 1800}, {'name': 'pon-cat.com', 'ns': 'harlan.ns.cloudflare.com', 'mailbox': 'dns.cloudflare.com', 'serial': 2336167473, 'refresh': 10000, 'retry': 2400, 'expire': 604800, 'minttl': 1800}",,"google-site-verification=L38IazPUSxpvGycNgof0DBBHepRkUWOjfIHgYhdiuAw, v=spf1 include:_spf.google.com include:spf.protection.outlook.com -all",,NOERROR,,,
[x],peppwepamt01.pon-cat.com,300,20.101.211.178,,,"{'name': 'pon-cat.com', 'ns': 'harlan.ns.cloudflare.com', 'mailbox': 'dns.cloudflare.com', 'serial': 2336167473, 'refresh': 10000, 'retry': 2400, 'expire': 604800, 'minttl': 1800}, {'name': 'pon-cat.com', 'ns': 'harlan.ns.cloudflare.com', 'mailbox': 'dns.cloudflare.com', 'serial': 2336167473, 'refresh': 10000, 'retry': 2400, 'expire': 604800, 'minttl': 1800}, {'name': 'pon-cat.com', 'ns': 'harlan.ns.cloudflare.com', 'mailbox': 'dns.cloudflare.com', 'serial': 2336167473, 'refresh': 10000, 'retry': 2400, 'expire': 604800, 'minttl': 1800}, {'name': 'pon-cat.com', 'ns': 'harlan.ns.cloudflare.com', 'mailbox': 'dns.cloudflare.com', 'serial': 2336167473, 'refresh': 10000, 'retry': 2400, 'expire': 604800, 'minttl': 1800}, {'name': 'pon-cat.com', 'ns': 'harlan.ns.cloudflare.com', 'mailbox': 'dns.cloudflare.com', 'serial': 2336167473, 'refresh': 10000, 'retry': 2400, 'expire': 604800, 'minttl': 1800}, {'name': 'pon-cat.com', 'ns': 'harlan.ns.cloudflare.com', 'mailbox': 'dns.cloudflare.com', 'serial': 2336167473, 'refresh': 10000, 'retry': 2400, 'expire': 604800, 'minttl': 1800}",,,,NOERROR,,,
[x],pepsintranet.pon-cat.com,1800,,,,"{'name': 'pon-cat.com', 'ns': 'harlan.ns.cloudflare.com', 'mailbox': 'dns.cloudflare.com', 'serial': 2336167473, 'refresh': 10000, 'retry': 2400, 'expire': 604800, 'minttl': 1800}, {'name': 'pon-cat.com', 'ns': 'harlan.ns.cloudflare.com', 'mailbox': 'dns.cloudflare.com', 'serial': 2336167473, 'refresh': 10000, 'retry': 2400, 'expire': 604800, 'minttl': 1800}, {'name': 'pon-cat.com', 'ns': 'harlan.ns.cloudflare.com', 'mailbox': 'dns.cloudflare.com', 'serial': 2336167473, 'refresh': 10000, 'retry': 2400, 'expire': 604800, 'minttl': 1800}, {'name': 'pon-cat.com', 'ns': 'harlan.ns.cloudflare.com', 'mailbox': 'dns.cloudflare.com', 'serial': 2336167473, 'refresh': 10000, 'retry': 2400, 'expire': 604800, 'minttl': 1800}, {'name': 'pon-cat.com', 'ns': 'harlan.ns.cloudflare.com', 'mailbox': 'dns.cloudflare.com', 'serial': 2336167473, 'refresh': 10000, 'retry': 2400, 'expire': 604800, 'minttl': 1800}, {'name': 'pon-cat.com', 'ns': 'harlan.ns.cloudflare.com', 'mailbox': 'dns.cloudflare.com', 'serial': 2336167473, 'refresh': 10000, 'retry': 2400, 'expire': 604800, 'minttl': 1800}, {'name': 'pon-cat.com', 'ns': 'harlan.ns.cloudflare.com', 'mailbox': 'dns.cloudflare.com', 'serial': 2336167473, 'refresh': 10000, 'retry': 2400, 'expire': 604800, 'minttl': 1800}",,,,NOERROR,,,
[x],pon-cat.com,300,"172.64.151.203, 104.18.36.53","2606:4700:4400::6812:2435, 2606:4700:4400::ac40:97cb",poncat-com0i.mail.protection.outlook.com,"{'name': 'pon-cat.com', 'ns': 'harlan.ns.cloudflare.com', 'mailbox': 'dns.cloudflare.com', 'serial': 2336167473, 'refresh': 10000, 'retry': 2400, 'expire': 604800, 'minttl': 1800}, {'name': 'pon-cat.com', 'ns': 'harlan.ns.cloudflare.com', 'mailbox': 'dns.cloudflare.com', 'serial': 2336167473, 'refresh': 10000, 'retry': 2400, 'expire': 604800, 'minttl': 1800}","harlan.ns.cloudflare.com, teresa.ns.cloudflare.com","MS=ms33079047, d365mktkey=12nvu6lu1c5aluw0w20ab2szo, apple-domain-verification=QF2PU2W0jMBwm6Pk, r+DqenvRrLH8XCVpfp7GMYPt+DqpV8uiSz//E7Io/c8=, amazonses:IP5IqLr6FR4Zvuxn3ZDNhivbFd5gUpXeIETQe9jdZbs=, d365mktkey=yiPiyJPVQV0Z1wLDYChStiB9XBhRxlUsyGrrABjmX4Ux, facebook-domain-verification=2v4ip5yvoh0emimmx8bmixcu63uyjk, smartsheet-site-validation=sm0Gmv6gMZ_UMjv3e3Crlo31G5Oz2XnL, google-site-verification=yKVB0Tl-kVOE1JXYTS4L_uKfWiHYK6M0Oolpmq-ozv0, adobe-idp-site-verification=a234dbe0107896d2ec8455b7c0754c17e78daa1f23a7375616d429dd7b8b128e, v=spf1 ip4:80.252.90.180 ip4:62.221.214.220 ip4:104.40.229.156 ip4:52.169.0.179 include:spf.protection.outlook.com include:_spf.google.com include:_spfblock1.pon-cat.com include:spf1.emarketeer.com include:servers.mcsv.net include:emsd1.com include:_spf.p, rofils.org -all","comodoca.com, digicert.com; cansignhttpexchanges=yes, letsencrypt.org, pki.goog; cansignhttpexchanges=yes",NOERROR,,,
[x],ponpowerjobs.pon-cat.com,1650,,,,"{'name': 'pon-cat.com', 'ns': 'harlan.ns.cloudflare.com', 'mailbox': 'dns.cloudflare.com', 'serial': 2336167473, 'refresh': 10000, 'retry': 2400, 'expire': 604800, 'minttl': 1800}, {'name': 'pon-cat.com', 'ns': 'harlan.ns.cloudflare.com', 'mailbox': 'dns.cloudflare.com', 'serial': 2336167473, 'refresh': 10000, 'retry': 2400, 'expire': 604800, 'minttl': 1800}, {'name': 'pon-cat.com', 'ns': 'harlan.ns.cloudflare.com', 'mailbox': 'dns.cloudflare.com', 'serial': 2336167473, 'refresh': 10000, 'retry': 2400, 'expire': 604800, 'minttl': 1800}, {'name': 'pon-cat.com', 'ns': 'harlan.ns.cloudflare.com', 'mailbox': 'dns.cloudflare.com', 'serial': 2336167473, 'refresh': 10000, 'retry': 2400, 'expire': 604800, 'minttl': 1800}, {'name': 'pon-cat.com', 'ns': 'harlan.ns.cloudflare.com', 'mailbox': 'dns.cloudflare.com', 'serial': 2336167473, 'refresh': 10000, 'retry': 2400, 'expire': 604800, 'minttl': 1800}",,,,NOERROR,,,
[x],portal.pon-cat.com,300,"172.64.151.203, 104.18.36.53","2a06:98c1:3123:e000::, 2a06:98c1:3122:e000::",,"{'name': 'pon-cat.com', 'ns': 'harlan.ns.cloudflare.com', 'mailbox': 'dns.cloudflare.com', 'serial': 2336167473, 'refresh': 10000, 'retry': 2400, 'expire': 604800, 'minttl': 1800}, {'name': 'pon-cat.com', 'ns': 'harlan.ns.cloudflare.com', 'mailbox': 'dns.cloudflare.com', 'serial': 2336167473, 'refresh': 10000, 'retry': 2400, 'expire': 604800, 'minttl': 1800}, {'name': 'pon-cat.com', 'ns': 'harlan.ns.cloudflare.com', 'mailbox': 'dns.cloudflare.com', 'serial': 2336167473, 'refresh': 10000, 'retry': 2400, 'expire': 604800, 'minttl': 1800}, {'name': 'pon-cat.com', 'ns': 'harlan.ns.cloudflare.com', 'mailbox': 'dns.cloudflare.com', 'serial': 2336167473, 'refresh': 10000, 'retry': 2400, 'expire': 604800, 'minttl': 1800}, {'name': 'pon-cat.com', 'ns': 'harlan.ns.cloudflare.com', 'mailbox': 'dns.cloudflare.com', 'serial': 2336167473, 'refresh': 10000, 'retry': 2400, 'expire': 604800, 'minttl': 1800}",,,,NOERROR,,,
[x],prd.so.se.pon-cat.com,300,80.252.95.121,,,"{'name': 'pon-cat.com', 'ns': 'harlan.ns.cloudflare.com', 'mailbox': 'dns.cloudflare.com', 'serial': 2336167473, 'refresh': 10000, 'retry': 2400, 'expire': 604800, 'minttl': 1800}, {'name': 'pon-cat.com', 'ns': 'harlan.ns.cloudflare.com', 'mailbox': 'dns.cloudflare.com', 'serial': 2336167473, 'refresh': 10000, 'retry': 2400, 'expire': 604800, 'minttl': 1800}, {'name': 'pon-cat.com', 'ns': 'harlan.ns.cloudflare.com', 'mailbox': 'dns.cloudflare.com', 'serial': 2336167473, 'refresh': 10000, 'retry': 2400, 'expire': 604800, 'minttl': 1800}, {'name': 'pon-cat.com', 'ns': 'harlan.ns.cloudflare.com', 'mailbox': 'dns.cloudflare.com', 'serial': 2336167473, 'refresh': 10000, 'retry': 2400, 'expire': 604800, 'minttl': 1800}, {'name': 'pon-cat.com', 'ns': 'harlan.ns.cloudflare.com', 'mailbox': 'dns.cloudflare.com', 'serial': 2336167473, 'refresh': 10000, 'retry': 2400, 'expire': 604800, 'minttl': 1800}, {'name': 'pon-cat.com', 'ns': 'harlan.ns.cloudflare.com', 'mailbox': 'dns.cloudflare.com', 'serial': 2336167473, 'refresh': 10000, 'retry': 2400, 'expire': 604800, 'minttl': 1800}",,,,NOERROR,,,
[x],prod.pon-cat.com,1800,,,,"{'name': 'pon-cat.com', 'ns': 'harlan.ns.cloudflare.com', 'mailbox': 'dns.cloudflare.com', 'serial': 2336167473, 'refresh': 10000, 'retry': 2400, 'expire': 604800, 'minttl': 1800}, {'name': 'pon-cat.com', 'ns': 'harlan.ns.cloudflare.com', 'mailbox': 'dns.cloudflare.com', 'serial': 2336167473, 'refresh': 10000, 'retry': 2400, 'expire': 604800, 'minttl': 1800}, {'name': 'pon-cat.com', 'ns': 'harlan.ns.cloudflare.com', 'mailbox': 'dns.cloudflare.com', 'serial': 2336167473, 'refresh': 10000, 'retry': 2400, 'expire': 604800, 'minttl': 1800}, {'name': 'pon-cat.com', 'ns': 'harlan.ns.cloudflare.com', 'mailbox': 'dns.cloudflare.com', 'serial': 2336167473, 'refresh': 10000, 'retry': 2400, 'expire': 604800, 'minttl': 1800}, {'name': 'pon-cat.com', 'ns': 'harlan.ns.cloudflare.com', 'mailbox': 'dns.cloudflare.com', 'serial': 2336167473, 'refresh': 10000, 'retry': 2400, 'expire': 604800, 'minttl': 1800}, {'name': 'pon-cat.com', 'ns': 'harlan.ns.cloudflare.com', 'mailbox': 'dns.cloudflare.com', 'serial': 2336167473, 'refresh': 10000, 'retry': 2400, 'expire': 604800, 'minttl': 1800}, {'name': 'pon-cat.com', 'ns': 'harlan.ns.cloudflare.com', 'mailbox': 'dns.cloudflare.com', 'serial': 2336167473, 'refresh': 10000, 'retry': 2400, 'expire': 604800, 'minttl': 1800}, {'name': 'pon-cat.com', 'ns': 'harlan.ns.cloudflare.com', 'mailbox': 'dns.cloudflare.com', 'serial': 2336167473, 'refresh': 10000, 'retry': 2400, 'expire': 604800, 'minttl': 1800}",,,,NOERROR,,,
[x],prodproxynaxt.pon-cat.com,300,20.93.254.120,,,"{'name': 'pon-cat.com', 'ns': 'harlan.ns.cloudflare.com', 'mailbox': 'dns.cloudflare.com', 'serial': 2336167473, 'refresh': 10000, 'retry': 2400, 'expire': 604800, 'minttl': 1800}, {'name': 'pon-cat.com', 'ns': 'harlan.ns.cloudflare.com', 'mailbox': 'dns.cloudflare.com', 'serial': 2336167473, 'refresh': 10000, 'retry': 2400, 'expire': 604800, 'minttl': 1800}, {'name': 'pon-cat.com', 'ns': 'harlan.ns.cloudflare.com', 'mailbox': 'dns.cloudflare.com', 'serial': 2336167473, 'refresh': 10000, 'retry': 2400, 'expire': 604800, 'minttl': 1800}, {'name': 'pon-cat.com', 'ns': 'harlan.ns.cloudflare.com', 'mailbox': 'dns.cloudflare.com', 'serial': 2336167473, 'refresh': 10000, 'retry': 2400, 'expire': 604800, 'minttl': 1800}, {'name': 'pon-cat.com', 'ns': 'harlan.ns.cloudflare.com', 'mailbox': 'dns.cloudflare.com', 'serial': 2336167473, 'refresh': 10000, 'retry': 2400, 'expire': 604800, 'minttl': 1800}, {'name': 'pon-cat.com', 'ns': 'harlan.ns.cloudflare.com', 'mailbox': 'dns.cloudflare.com', 'serial': 2336167473, 'refresh': 10000, 'retry': 2400, 'expire': 604800, 'minttl': 1800}, {'name': 'pon-cat.com', 'ns': 'harlan.ns.cloudflare.com', 'mailbox': 'dns.cloudflare.com', 'serial': 2336167473, 'refresh': 10000, 'retry': 2400, 'expire': 604800, 'minttl': 1800}",,,,NOERROR,,,
[x],rentalstore.pon-cat.com,1800,,,,"{'name': 'pon-cat.com', 'ns': 'harlan.ns.cloudflare.com', 'mailbox': 'dns.cloudflare.com', 'serial': 2336167473, 'refresh': 10000, 'retry': 2400, 'expire': 604800, 'minttl': 1800}, {'name': 'pon-cat.com', 'ns': 'harlan.ns.cloudflare.com', 'mailbox': 'dns.cloudflare.com', 'serial': 2336167473, 'refresh': 10000, 'retry': 2400, 'expire': 604800, 'minttl': 1800}, {'name': 'pon-cat.com', 'ns': 'harlan.ns.cloudflare.com', 'mailbox': 'dns.cloudflare.com', 'serial': 2336167473, 'refresh': 10000, 'retry': 2400, 'expire': 604800, 'minttl': 1800}, {'name': 'pon-cat.com', 'ns': 'harlan.ns.cloudflare.com', 'mailbox': 'dns.cloudflare.com', 'serial': 2336167473, 'refresh': 10000, 'retry': 2400, 'expire': 604800, 'minttl': 1800}, {'name': 'pon-cat.com', 'ns': 'harlan.ns.cloudflare.com', 'mailbox': 'dns.cloudflare.com', 'serial': 2336167473, 'refresh': 10000, 'retry': 2400, 'expire': 604800, 'minttl': 1800}, {'name': 'pon-cat.com', 'ns': 'harlan.ns.cloudflare.com', 'mailbox': 'dns.cloudflare.com', 'serial': 2336167473, 'refresh': 10000, 'retry': 2400, 'expire': 604800, 'minttl': 1800}, {'name': 'pon-cat.com', 'ns': 'harlan.ns.cloudflare.com', 'mailbox': 'dns.cloudflare.com', 'serial': 2336167473, 'refresh': 10000, 'retry': 2400, 'expire': 604800, 'minttl': 1800}, {'name': 'pon-cat.com', 'ns': 'harlan.ns.cloudflare.com', 'mailbox': 'dns.cloudflare.com', 'serial': 2336167473, 'refresh': 10000, 'retry': 2400, 'expire': 604800, 'minttl': 1800}",,,,NOERROR,,,
[x],reseller.pon-cat.com,300,"104.18.36.53, 172.64.151.203",,,"{'name': 'pon-cat.com', 'ns': 'harlan.ns.cloudflare.com', 'mailbox': 'dns.cloudflare.com', 'serial': 2336167473, 'refresh': 10000, 'retry': 2400, 'expire': 604800, 'minttl': 1800}, {'name': 'pon-cat.com', 'ns': 'harlan.ns.cloudflare.com', 'mailbox': 'dns.cloudflare.com', 'serial': 2336167473, 'refresh': 10000, 'retry': 2400, 'expire': 604800, 'minttl': 1800}, {'name': 'pon-cat.com', 'ns': 'harlan.ns.cloudflare.com', 'mailbox': 'dns.cloudflare.com', 'serial': 2336167473, 'refresh': 10000, 'retry': 2400, 'expire': 604800, 'minttl': 1800}, {'name': 'pon-cat.com', 'ns': 'harlan.ns.cloudflare.com', 'mailbox': 'dns.cloudflare.com', 'serial': 2336167473, 'refresh': 10000, 'retry': 2400, 'expire': 604800, 'minttl': 1800}, {'name': 'pon-cat.com', 'ns': 'harlan.ns.cloudflare.com', 'mailbox': 'dns.cloudflare.com', 'serial': 2336167473, 'refresh': 10000, 'retry': 2400, 'expire': 604800, 'minttl': 1800}",,,,NOERROR,,,
[x],scim.pon-cat.com,300,20.93.226.234,,,"{'name': 'pon-cat.com', 'ns': 'harlan.ns.cloudflare.com', 'mailbox': 'dns.cloudflare.com', 'serial': 2336167473, 'refresh': 10000, 'retry': 2400, 'expire': 604800, 'minttl': 1800}, {'name': 'pon-cat.com', 'ns': 'harlan.ns.cloudflare.com', 'mailbox': 'dns.cloudflare.com', 'serial': 2336167473, 'refresh': 10000, 'retry': 2400, 'expire': 604800, 'minttl': 1800}, {'name': 'pon-cat.com', 'ns': 'harlan.ns.cloudflare.com', 'mailbox': 'dns.cloudflare.com', 'serial': 2336167473, 'refresh': 10000, 'retry': 2400, 'expire': 604800, 'minttl': 1800}, {'name': 'pon-cat.com', 'ns': 'harlan.ns.cloudflare.com', 'mailbox': 'dns.cloudflare.com', 'serial': 2336167473, 'refresh': 10000, 'retry': 2400, 'expire': 604800, 'minttl': 1800}, {'name': 'pon-cat.com', 'ns': 'harlan.ns.cloudflare.com', 'mailbox': 'dns.cloudflare.com', 'serial': 2336167473, 'refresh': 10000, 'retry': 2400, 'expire': 604800, 'minttl': 1800}, {'name': 'pon-cat.com', 'ns': 'harlan.ns.cloudflare.com', 'mailbox': 'dns.cloudflare.com', 'serial': 2336167473, 'refresh': 10000, 'retry': 2400, 'expire': 604800, 'minttl': 1800}, {'name': 'pon-cat.com', 'ns': 'harlan.ns.cloudflare.com', 'mailbox': 'dns.cloudflare.com', 'serial': 2336167473, 'refresh': 10000, 'retry': 2400, 'expire': 604800, 'minttl': 1800}",,,,NOERROR,,,
[x],servicelevels.pon-cat.com,300,"172.64.151.203, 104.18.36.53","2606:4700:4400::6812:2435, 2606:4700:4400::ac40:97cb",,"{'name': 'pon-cat.com', 'ns': 'harlan.ns.cloudflare.com', 'mailbox': 'dns.cloudflare.com', 'serial': 2336167473, 'refresh': 10000, 'retry': 2400, 'expire': 604800, 'minttl': 1800}, {'name': 'pon-cat.com', 'ns': 'harlan.ns.cloudflare.com', 'mailbox': 'dns.cloudflare.com', 'serial': 2336167473, 'refresh': 10000, 'retry': 2400, 'expire': 604800, 'minttl': 1800}, {'name': 'pon-cat.com', 'ns': 'harlan.ns.cloudflare.com', 'mailbox': 'dns.cloudflare.com', 'serial': 2336167473, 'refresh': 10000, 'retry': 2400, 'expire': 604800, 'minttl': 1800}, {'name': 'pon-cat.com', 'ns': 'harlan.ns.cloudflare.com', 'mailbox': 'dns.cloudflare.com', 'serial': 2336167473, 'refresh': 10000, 'retry': 2400, 'expire': 604800, 'minttl': 1800}, {'name': 'pon-cat.com', 'ns': 'harlan.ns.cloudflare.com', 'mailbox': 'dns.cloudflare.com', 'serial': 2336167473, 'refresh': 10000, 'retry': 2400, 'expire': 604800, 'minttl': 1800}",,,,NOERROR,,,
[x],sftp.pon-cat.com,300,4.180.0.69,,,"{'name': 'pon-cat.com', 'ns': 'harlan.ns.cloudflare.com', 'mailbox': 'dns.cloudflare.com', 'serial': 2336167473, 'refresh': 10000, 'retry': 2400, 'expire': 604800, 'minttl': 1800}, {'name': 'pon-cat.com', 'ns': 'harlan.ns.cloudflare.com', 'mailbox': 'dns.cloudflare.com', 'serial': 2336167473, 'refresh': 10000, 'retry': 2400, 'expire': 604800, 'minttl': 1800}, {'name': 'pon-cat.com', 'ns': 'harlan.ns.cloudflare.com', 'mailbox': 'dns.cloudflare.com', 'serial': 2336167473, 'refresh': 10000, 'retry': 2400, 'expire': 604800, 'minttl': 1800}, {'name': 'pon-cat.com', 'ns': 'harlan.ns.cloudflare.com', 'mailbox': 'dns.cloudflare.com', 'serial': 2336167473, 'refresh': 10000, 'retry': 2400, 'expire': 604800, 'minttl': 1800}, {'name': 'pon-cat.com', 'ns': 'harlan.ns.cloudflare.com', 'mailbox': 'dns.cloudflare.com', 'serial': 2336167473, 'refresh': 10000, 'retry': 2400, 'expire': 604800, 'minttl': 1800}",,,,NOERROR,,,
[x],splash.pon-cat.com,300,"104.18.36.53, 172.64.151.203","2606:4700:4400::6812:2435, 2606:4700:4400::ac40:97cb",,"{'name': 'pon-cat.com', 'ns': 'harlan.ns.cloudflare.com', 'mailbox': 'dns.cloudflare.com', 'serial': 2336167473, 'refresh': 10000, 'retry': 2400, 'expire': 604800, 'minttl': 1800}, {'name': 'pon-cat.com', 'ns': 'harlan.ns.cloudflare.com', 'mailbox': 'dns.cloudflare.com', 'serial': 2336167473, 'refresh': 10000, 'retry': 2400, 'expire': 604800, 'minttl': 1800}, {'name': 'pon-cat.com', 'ns': 'harlan.ns.cloudflare.com', 'mailbox': 'dns.cloudflare.com', 'serial': 2336167473, 'refresh': 10000, 'retry': 2400, 'expire': 604800, 'minttl': 1800}",,,,NOERROR,,,
[x],staging.pon-cat.com,300,"172.64.151.203, 104.18.36.53",,,"{'name': 'pon-cat.com', 'ns': 'harlan.ns.cloudflare.com', 'mailbox': 'dns.cloudflare.com', 'serial': 2336167473, 'refresh': 10000, 'retry': 2400, 'expire': 604800, 'minttl': 1800}, {'name': 'pon-cat.com', 'ns': 'harlan.ns.cloudflare.com', 'mailbox': 'dns.cloudflare.com', 'serial': 2336167473, 'refresh': 10000, 'retry': 2400, 'expire': 604800, 'minttl': 1800}, {'name': 'pon-cat.com', 'ns': 'harlan.ns.cloudflare.com', 'mailbox': 'dns.cloudflare.com', 'serial': 2336167473, 'refresh': 10000, 'retry': 2400, 'expire': 604800, 'minttl': 1800}, {'name': 'pon-cat.com', 'ns': 'harlan.ns.cloudflare.com', 'mailbox': 'dns.cloudflare.com', 'serial': 2336167473, 'refresh': 10000, 'retry': 2400, 'expire': 604800, 'minttl': 1800}",,,,NOERROR,,,
[x],test.pon-cat.com,300,"172.64.151.203, 104.18.36.53","2606:4700:4400::ac40:97cb, 2606:4700:4400::6812:2435",,"{'name': 'pon-cat.com', 'ns': 'harlan.ns.cloudflare.com', 'mailbox': 'dns.cloudflare.com', 'serial': 2336167473, 'refresh': 10000, 'retry': 2400, 'expire': 604800, 'minttl': 1800}, {'name': 'pon-cat.com', 'ns': 'harlan.ns.cloudflare.com', 'mailbox': 'dns.cloudflare.com', 'serial': 2336167473, 'refresh': 10000, 'retry': 2400, 'expire': 604800, 'minttl': 1800}, {'name': 'pon-cat.com', 'ns': 'harlan.ns.cloudflare.com', 'mailbox': 'dns.cloudflare.com', 'serial': 2336167473, 'refresh': 10000, 'retry': 2400, 'expire': 604800, 'minttl': 1800}, {'name': 'pon-cat.com', 'ns': 'harlan.ns.cloudflare.com', 'mailbox': 'dns.cloudflare.com', 'serial': 2336167473, 'refresh': 10000, 'retry': 2400, 'expire': 604800, 'minttl': 1800}, {'name': 'pon-cat.com', 'ns': 'harlan.ns.cloudflare.com', 'mailbox': 'dns.cloudflare.com', 'serial': 2336167473, 'refresh': 10000, 'retry': 2400, 'expire': 604800, 'minttl': 1800}, {'name': 'pon-cat.com', 'ns': 'harlan.ns.cloudflare.com', 'mailbox': 'dns.cloudflare.com', 'serial': 2336167473, 'refresh': 10000, 'retry': 2400, 'expire': 604800, 'minttl': 1800}",,,,NOERROR,,,
[x],track.pon-cat.com,300,141.95.205.206,,,"{'name': 'lemlist.com', 'ns': 'algin.ns.cloudflare.com', 'mailbox': 'dns.cloudflare.com', 'serial': 2335835432, 'refresh': 10000, 'retry': 2400, 'expire': 604800, 'minttl': 1800}, {'name': 'lemlist.com', 'ns': 'algin.ns.cloudflare.com', 'mailbox': 'dns.cloudflare.com', 'serial': 2335835432, 'refresh': 10000, 'retry': 2400, 'expire': 604800, 'minttl': 1800}, {'name': 'lemlist.com', 'ns': 'algin.ns.cloudflare.com', 'mailbox': 'dns.cloudflare.com', 'serial': 2335835432, 'refresh': 10000, 'retry': 2400, 'expire': 604800, 'minttl': 1800}, {'name': 'lemlist.com', 'ns': 'algin.ns.cloudflare.com', 'mailbox': 'dns.cloudflare.com', 'serial': 2335835432, 'refresh': 10000, 'retry': 2400, 'expire': 604800, 'minttl': 1800}, {'name': 'lemlist.com', 'ns': 'algin.ns.cloudflare.com', 'mailbox': 'dns.cloudflare.com', 'serial': 2335835432, 'refresh': 10000, 'retry': 2400, 'expire': 604800, 'minttl': 1800}",,,,NOERROR,custom.lemlist.com,,
[x],traveler.pon-cat.com,300,"172.64.151.203, 104.18.36.53","2606:4700:4400::6812:2435, 2606:4700:4400::ac40:97cb",,"{'name': 'pon-cat.com', 'ns': 'harlan.ns.cloudflare.com', 'mailbox': 'dns.cloudflare.com', 'serial': 2336167473, 'refresh': 10000, 'retry': 2400, 'expire': 604800, 'minttl': 1800}, {'name': 'pon-cat.com', 'ns': 'harlan.ns.cloudflare.com', 'mailbox': 'dns.cloudflare.com', 'serial': 2336167473, 'refresh': 10000, 'retry': 2400, 'expire': 604800, 'minttl': 1800}, {'name': 'pon-cat.com', 'ns': 'harlan.ns.cloudflare.com', 'mailbox': 'dns.cloudflare.com', 'serial': 2336167473, 'refresh': 10000, 'retry': 2400, 'expire': 604800, 'minttl': 1800}, {'name': 'pon-cat.com', 'ns': 'harlan.ns.cloudflare.com', 'mailbox': 'dns.cloudflare.com', 'serial': 2336167473, 'refresh': 10000, 'retry': 2400, 'expire': 604800, 'minttl': 1800}, {'name': 'pon-cat.com', 'ns': 'harlan.ns.cloudflare.com', 'mailbox': 'dns.cloudflare.com', 'serial': 2336167473, 'refresh': 10000, 'retry': 2400, 'expire': 604800, 'minttl': 1800}, {'name': 'pon-cat.com', 'ns': 'harlan.ns.cloudflare.com', 'mailbox': 'dns.cloudflare.com', 'serial': 2336167473, 'refresh': 10000, 'retry': 2400, 'expire': 604800, 'minttl': 1800}",,,,NOERROR,,,
[x],tst.so.se.pon-cat.com,300,"104.18.36.53, 172.64.151.203","2606:4700:4400::ac40:97cb, 2606:4700:4400::6812:2435",,"{'name': 'pon-cat.com', 'ns': 'harlan.ns.cloudflare.com', 'mailbox': 'dns.cloudflare.com', 'serial': 2336167473, 'refresh': 10000, 'retry': 2400, 'expire': 604800, 'minttl': 1800}, {'name': 'pon-cat.com', 'ns': 'harlan.ns.cloudflare.com', 'mailbox': 'dns.cloudflare.com', 'serial': 2336167473, 'refresh': 10000, 'retry': 2400, 'expire': 604800, 'minttl': 1800}, {'name': 'pon-cat.com', 'ns': 'harlan.ns.cloudflare.com', 'mailbox': 'dns.cloudflare.com', 'serial': 2336167473, 'refresh': 10000, 'retry': 2400, 'expire': 604800, 'minttl': 1800}, {'name': 'pon-cat.com', 'ns': 'harlan.ns.cloudflare.com', 'mailbox': 'dns.cloudflare.com', 'serial': 2336167473, 'refresh': 10000, 'retry': 2400, 'expire': 604800, 'minttl': 1800}, {'name': 'pon-cat.com', 'ns': 'harlan.ns.cloudflare.com', 'mailbox': 'dns.cloudflare.com', 'serial': 2336167473, 'refresh': 10000, 'retry': 2400, 'expire': 604800, 'minttl': 1800}",,,,NOERROR,,,
[x],used.pon-cat.com,300,"104.18.36.53, 172.64.151.203","2606:4700:4400::ac40:97cb, 2606:4700:4400::6812:2435",,"{'name': 'pon-cat.com', 'ns': 'harlan.ns.cloudflare.com', 'mailbox': 'dns.cloudflare.com', 'serial': 2336167473, 'refresh': 10000, 'retry': 2400, 'expire': 604800, 'minttl': 1800}, {'name': 'pon-cat.com', 'ns': 'harlan.ns.cloudflare.com', 'mailbox': 'dns.cloudflare.com', 'serial': 2336167473, 'refresh': 10000, 'retry': 2400, 'expire': 604800, 'minttl': 1800}, {'name': 'pon-cat.com', 'ns': 'harlan.ns.cloudflare.com', 'mailbox': 'dns.cloudflare.com', 'serial': 2336167473, 'refresh': 10000, 'retry': 2400, 'expire': 604800, 'minttl': 1800}",,,,NOERROR,,,
[x],webdk.pon-cat.com,300,"104.18.36.53, 172.64.151.203","2606:4700:4400::ac40:97cb, 2606:4700:4400::6812:2435",,"{'name': 'pon-cat.com', 'ns': 'harlan.ns.cloudflare.com', 'mailbox': 'dns.cloudflare.com', 'serial': 2336167473, 'refresh': 10000, 'retry': 2400, 'expire': 604800, 'minttl': 1800}, {'name': 'pon-cat.com', 'ns': 'harlan.ns.cloudflare.com', 'mailbox': 'dns.cloudflare.com', 'serial': 2336167473, 'refresh': 10000, 'retry': 2400, 'expire': 604800, 'minttl': 1800}, {'name': 'pon-cat.com', 'ns': 'harlan.ns.cloudflare.com', 'mailbox': 'dns.cloudflare.com', 'serial': 2336167473, 'refresh': 10000, 'retry': 2400, 'expire': 604800, 'minttl': 1800}",,,,NOERROR,,,
[x],webno.pon-cat.com,266,"188.114.98.224, 188.114.99.224","2606:4700:4400::6812:2435, 2606:4700:4400::ac40:97cb",,"{'name': 'pon-cat.com', 'ns': 'harlan.ns.cloudflare.com', 'mailbox': 'dns.cloudflare.com', 'serial': 2336167473, 'refresh': 10000, 'retry': 2400, 'expire': 604800, 'minttl': 1800}, {'name': 'pon-cat.com', 'ns': 'harlan.ns.cloudflare.com', 'mailbox': 'dns.cloudflare.com', 'serial': 2336167473, 'refresh': 10000, 'retry': 2400, 'expire': 604800, 'minttl': 1800}, {'name': 'pon-cat.com', 'ns': 'harlan.ns.cloudflare.com', 'mailbox': 'dns.cloudflare.com', 'serial': 2336167473, 'refresh': 10000, 'retry': 2400, 'expire': 604800, 'minttl': 1800}, {'name': 'pon-cat.com', 'ns': 'harlan.ns.cloudflare.com', 'mailbox': 'dns.cloudflare.com', 'serial': 2336167473, 'refresh': 10000, 'retry': 2400, 'expire': 604800, 'minttl': 1800}, {'name': 'pon-cat.com', 'ns': 'harlan.ns.cloudflare.com', 'mailbox': 'dns.cloudflare.com', 'serial': 2336167473, 'refresh': 10000, 'retry': 2400, 'expire': 604800, 'minttl': 1800}, {'name': 'pon-cat.com', 'ns': 'harlan.ns.cloudflare.com', 'mailbox': 'dns.cloudflare.com', 'serial': 2336167473, 'refresh': 10000, 'retry': 2400, 'expire': 604800, 'minttl': 1800}",,,,NOERROR,,,
[x],webshop.pon-cat.com,300,"172.64.151.203, 104.18.36.53","2606:4700:4400::6812:2435, 2606:4700:4400::ac40:97cb",,"{'name': 'pon-cat.com', 'ns': 'harlan.ns.cloudflare.com', 'mailbox': 'dns.cloudflare.com', 'serial': 2336167473, 'refresh': 10000, 'retry': 2400, 'expire': 604800, 'minttl': 1800}, {'name': 'pon-cat.com', 'ns': 'harlan.ns.cloudflare.com', 'mailbox': 'dns.cloudflare.com', 'serial': 2336167473, 'refresh': 10000, 'retry': 2400, 'expire': 604800, 'minttl': 1800}, {'name': 'pon-cat.com', 'ns': 'harlan.ns.cloudflare.com', 'mailbox': 'dns.cloudflare.com', 'serial': 2336167473, 'refresh': 10000, 'retry': 2400, 'expire': 604800, 'minttl': 1800}, {'name': 'pon-cat.com', 'ns': 'harlan.ns.cloudflare.com', 'mailbox': 'dns.cloudflare.com', 'serial': 2336167473, 'refresh': 10000, 'retry': 2400, 'expire': 604800, 'minttl': 1800}",,,,NOERROR,,,
[x],wfm.pon-cat.com,300,"172.64.151.203, 104.18.36.53","2606:4700:4400::6812:2435, 2606:4700:4400::ac40:97cb",,"{'name': 'pon-cat.com', 'ns': 'harlan.ns.cloudflare.com', 'mailbox': 'dns.cloudflare.com', 'serial': 2336167473, 'refresh': 10000, 'retry': 2400, 'expire': 604800, 'minttl': 1800}, {'name': 'pon-cat.com', 'ns': 'harlan.ns.cloudflare.com', 'mailbox': 'dns.cloudflare.com', 'serial': 2336167473, 'refresh': 10000, 'retry': 2400, 'expire': 604800, 'minttl': 1800}, {'name': 'pon-cat.com', 'ns': 'harlan.ns.cloudflare.com', 'mailbox': 'dns.cloudflare.com', 'serial': 2336167473, 'refresh': 10000, 'retry': 2400, 'expire': 604800, 'minttl': 1800}, {'name': 'pon-cat.com', 'ns': 'harlan.ns.cloudflare.com', 'mailbox': 'dns.cloudflare.com', 'serial': 2336167473, 'refresh': 10000, 'retry': 2400, 'expire': 604800, 'minttl': 1800}, {'name': 'pon-cat.com', 'ns': 'harlan.ns.cloudflare.com', 'mailbox': 'dns.cloudflare.com', 'serial': 2336167473, 'refresh': 10000, 'retry': 2400, 'expire': 604800, 'minttl': 1800}, {'name': 'pon-cat.com', 'ns': 'harlan.ns.cloudflare.com', 'mailbox': 'dns.cloudflare.com', 'serial': 2336167473, 'refresh': 10000, 'retry': 2400, 'expire': 604800, 'minttl': 1800}",,,,NOERROR,,,
[x],ww.pon-cat.com,1800,,,,"{'name': 'pon-cat.com', 'ns': 'harlan.ns.cloudflare.com', 'mailbox': 'dns.cloudflare.com', 'serial': 2336167473, 'refresh': 10000, 'retry': 2400, 'expire': 604800, 'minttl': 1800}, {'name': 'pon-cat.com', 'ns': 'harlan.ns.cloudflare.com', 'mailbox': 'dns.cloudflare.com', 'serial': 2336167473, 'refresh': 10000, 'retry': 2400, 'expire': 604800, 'minttl': 1800}, {'name': 'pon-cat.com', 'ns': 'harlan.ns.cloudflare.com', 'mailbox': 'dns.cloudflare.com', 'serial': 2336167473, 'refresh': 10000, 'retry': 2400, 'expire': 604800, 'minttl': 1800}, {'name': 'pon-cat.com', 'ns': 'harlan.ns.cloudflare.com', 'mailbox': 'dns.cloudflare.com', 'serial': 2336167473, 'refresh': 10000, 'retry': 2400, 'expire': 604800, 'minttl': 1800}, {'name': 'pon-cat.com', 'ns': 'harlan.ns.cloudflare.com', 'mailbox': 'dns.cloudflare.com', 'serial': 2336167473, 'refresh': 10000, 'retry': 2400, 'expire': 604800, 'minttl': 1800}, {'name': 'pon-cat.com', 'ns': 'harlan.ns.cloudflare.com', 'mailbox': 'dns.cloudflare.com', 'serial': 2336167473, 'refresh': 10000, 'retry': 2400, 'expire': 604800, 'minttl': 1800}, {'name': 'pon-cat.com', 'ns': 'harlan.ns.cloudflare.com', 'mailbox': 'dns.cloudflare.com', 'serial': 2336167473, 'refresh': 10000, 'retry': 2400, 'expire': 604800, 'minttl': 1800}, {'name': 'pon-cat.com', 'ns': 'harlan.ns.cloudflare.com', 'mailbox': 'dns.cloudflare.com', 'serial': 2336167473, 'refresh': 10000, 'retry': 2400, 'expire': 604800, 'minttl': 1800}",,,,NOERROR,,,
[x],www.brukt.pon-cat.com,1800,,,,"{'name': 'pon-cat.com', 'ns': 'harlan.ns.cloudflare.com', 'mailbox': 'dns.cloudflare.com', 'serial': 2336167473, 'refresh': 10000, 'retry': 2400, 'expire': 604800, 'minttl': 1800}, {'name': 'pon-cat.com', 'ns': 'harlan.ns.cloudflare.com', 'mailbox': 'dns.cloudflare.com', 'serial': 2336167473, 'refresh': 10000, 'retry': 2400, 'expire': 604800, 'minttl': 1800}, {'name': 'pon-cat.com', 'ns': 'harlan.ns.cloudflare.com', 'mailbox': 'dns.cloudflare.com', 'serial': 2336167473, 'refresh': 10000, 'retry': 2400, 'expire': 604800, 'minttl': 1800}, {'name': 'pon-cat.com', 'ns': 'harlan.ns.cloudflare.com', 'mailbox': 'dns.cloudflare.com', 'serial': 2336167473, 'refresh': 10000, 'retry': 2400, 'expire': 604800, 'minttl': 1800}, {'name': 'pon-cat.com', 'ns': 'harlan.ns.cloudflare.com', 'mailbox': 'dns.cloudflare.com', 'serial': 2336167473, 'refresh': 10000, 'retry': 2400, 'expire': 604800, 'minttl': 1800}, {'name': 'pon-cat.com', 'ns': 'harlan.ns.cloudflare.com', 'mailbox': 'dns.cloudflare.com', 'serial': 2336167473, 'refresh': 10000, 'retry': 2400, 'expire': 604800, 'minttl': 1800}, {'name': 'pon-cat.com', 'ns': 'harlan.ns.cloudflare.com', 'mailbox': 'dns.cloudflare.com', 'serial': 2336167473, 'refresh': 10000, 'retry': 2400, 'expire': 604800, 'minttl': 1800}",,,,NOERROR,,,
[x],www.dremio-prod.pon-cat.com,1800,,,,"{'name': 'pon-cat.com', 'ns': 'harlan.ns.cloudflare.com', 'mailbox': 'dns.cloudflare.com', 'serial': 2336167473, 'refresh': 10000, 'retry': 2400, 'expire': 604800, 'minttl': 1800}, {'name': 'pon-cat.com', 'ns': 'harlan.ns.cloudflare.com', 'mailbox': 'dns.cloudflare.com', 'serial': 2336167473, 'refresh': 10000, 'retry': 2400, 'expire': 604800, 'minttl': 1800}, {'name': 'pon-cat.com', 'ns': 'harlan.ns.cloudflare.com', 'mailbox': 'dns.cloudflare.com', 'serial': 2336167473, 'refresh': 10000, 'retry': 2400, 'expire': 604800, 'minttl': 1800}, {'name': 'pon-cat.com', 'ns': 'harlan.ns.cloudflare.com', 'mailbox': 'dns.cloudflare.com', 'serial': 2336167473, 'refresh': 10000, 'retry': 2400, 'expire': 604800, 'minttl': 1800}, {'name': 'pon-cat.com', 'ns': 'harlan.ns.cloudflare.com', 'mailbox': 'dns.cloudflare.com', 'serial': 2336167473, 'refresh': 10000, 'retry': 2400, 'expire': 604800, 'minttl': 1800}, {'name': 'pon-cat.com', 'ns': 'harlan.ns.cloudflare.com', 'mailbox': 'dns.cloudflare.com', 'serial': 2336167473, 'refresh': 10000, 'retry': 2400, 'expire': 604800, 'minttl': 1800}",,,,NOERROR,,,
[x],www.dremio-tst.pon-cat.com,300,,,,"{'name': 'pon-cat.com', 'ns': 'harlan.ns.cloudflare.com', 'mailbox': 'dns.cloudflare.com', 'serial': 2336167473, 'refresh': 10000, 'retry': 2400, 'expire': 604800, 'minttl': 1800}, {'name': 'pon-cat.com', 'ns': 'harlan.ns.cloudflare.com', 'mailbox': 'dns.cloudflare.com', 'serial': 2336167473, 'refresh': 10000, 'retry': 2400, 'expire': 604800, 'minttl': 1800}, {'name': 'pon-cat.com', 'ns': 'harlan.ns.cloudflare.com', 'mailbox': 'dns.cloudflare.com', 'serial': 2336167473, 'refresh': 10000, 'retry': 2400, 'expire': 604800, 'minttl': 1800}, {'name': 'pon-cat.com', 'ns': 'harlan.ns.cloudflare.com', 'mailbox': 'dns.cloudflare.com', 'serial': 2336167473, 'refresh': 10000, 'retry': 2400, 'expire': 604800, 'minttl': 1800}, {'name': 'pon-cat.com', 'ns': 'harlan.ns.cloudflare.com', 'mailbox': 'dns.cloudflare.com', 'serial': 2336167473, 'refresh': 10000, 'retry': 2400, 'expire': 604800, 'minttl': 1800}",,,,NOERROR,,,
[x],www.hub.pon-cat.com,1800,,,,"{'name': 'pon-cat.com', 'ns': 'harlan.ns.cloudflare.com', 'mailbox': 'dns.cloudflare.com', 'serial': 2336167473, 'refresh': 10000, 'retry': 2400, 'expire': 604800, 'minttl': 1800}, {'name': 'pon-cat.com', 'ns': 'harlan.ns.cloudflare.com', 'mailbox': 'dns.cloudflare.com', 'serial': 2336167473, 'refresh': 10000, 'retry': 2400, 'expire': 604800, 'minttl': 1800}, {'name': 'pon-cat.com', 'ns': 'harlan.ns.cloudflare.com', 'mailbox': 'dns.cloudflare.com', 'serial': 2336167473, 'refresh': 10000, 'retry': 2400, 'expire': 604800, 'minttl': 1800}, {'name': 'pon-cat.com', 'ns': 'harlan.ns.cloudflare.com', 'mailbox': 'dns.cloudflare.com', 'serial': 2336167473, 'refresh': 10000, 'retry': 2400, 'expire': 604800, 'minttl': 1800}, {'name': 'pon-cat.com', 'ns': 'harlan.ns.cloudflare.com', 'mailbox': 'dns.cloudflare.com', 'serial': 2336167473, 'refresh': 10000, 'retry': 2400, 'expire': 604800, 'minttl': 1800}, {'name': 'pon-cat.com', 'ns': 'harlan.ns.cloudflare.com', 'mailbox': 'dns.cloudflare.com', 'serial': 2336167473, 'refresh': 10000, 'retry': 2400, 'expire': 604800, 'minttl': 1800}, {'name': 'pon-cat.com', 'ns': 'harlan.ns.cloudflare.com', 'mailbox': 'dns.cloudflare.com', 'serial': 2336167473, 'refresh': 10000, 'retry': 2400, 'expire': 604800, 'minttl': 1800}, {'name': 'pon-cat.com', 'ns': 'harlan.ns.cloudflare.com', 'mailbox': 'dns.cloudflare.com', 'serial': 2336167473, 'refresh': 10000, 'retry': 2400, 'expire': 604800, 'minttl': 1800}",,,,NOERROR,,,
[x],www.myponpower.pon-cat.com,300,"172.64.151.203, 104.18.36.53","2606:4700:4400::ac40:97cb, 2606:4700:4400::6812:2435",,"{'name': 'pon-cat.com', 'ns': 'harlan.ns.cloudflare.com', 'mailbox': 'dns.cloudflare.com', 'serial': 2336167473, 'refresh': 10000, 'retry': 2400, 'expire': 604800, 'minttl': 1800}, {'name': 'pon-cat.com', 'ns': 'harlan.ns.cloudflare.com', 'mailbox': 'dns.cloudflare.com', 'serial': 2336167473, 'refresh': 10000, 'retry': 2400, 'expire': 604800, 'minttl': 1800}, {'name': 'pon-cat.com', 'ns': 'harlan.ns.cloudflare.com', 'mailbox': 'dns.cloudflare.com', 'serial': 2336167473, 'refresh': 10000, 'retry': 2400, 'expire': 604800, 'minttl': 1800}, {'name': 'pon-cat.com', 'ns': 'harlan.ns.cloudflare.com', 'mailbox': 'dns.cloudflare.com', 'serial': 2336167473, 'refresh': 10000, 'retry': 2400, 'expire': 604800, 'minttl': 1800}, {'name': 'pon-cat.com', 'ns': 'harlan.ns.cloudflare.com', 'mailbox': 'dns.cloudflare.com', 'serial': 2336167473, 'refresh': 10000, 'retry': 2400, 'expire': 604800, 'minttl': 1800}",,,,NOERROR,,,
[x],www.nyheder.pon-cat.com,745,,,,"{'name': 'pon-cat.com', 'ns': 'harlan.ns.cloudflare.com', 'mailbox': 'dns.cloudflare.com', 'serial': 2336167473, 'refresh': 10000, 'retry': 2400, 'expire': 604800, 'minttl': 1800}, {'name': 'pon-cat.com', 'ns': 'harlan.ns.cloudflare.com', 'mailbox': 'dns.cloudflare.com', 'serial': 2336167473, 'refresh': 10000, 'retry': 2400, 'expire': 604800, 'minttl': 1800}, {'name': 'pon-cat.com', 'ns': 'harlan.ns.cloudflare.com', 'mailbox': 'dns.cloudflare.com', 'serial': 2336167473, 'refresh': 10000, 'retry': 2400, 'expire': 604800, 'minttl': 1800}, {'name': 'pon-cat.com', 'ns': 'harlan.ns.cloudflare.com', 'mailbox': 'dns.cloudflare.com', 'serial': 2336167473, 'refresh': 10000, 'retry': 2400, 'expire': 604800, 'minttl': 1800}, {'name': 'pon-cat.com', 'ns': 'harlan.ns.cloudflare.com', 'mailbox': 'dns.cloudflare.com', 'serial': 2336167473, 'refresh': 10000, 'retry': 2400, 'expire': 604800, 'minttl': 1800}",,,,NOERROR,,,
[x],www.omniwin.pon-cat.com,300,,,,"{'name': 'pon-cat.com', 'ns': 'harlan.ns.cloudflare.com', 'mailbox': 'dns.cloudflare.com', 'serial': 2336167473, 'refresh': 10000, 'retry': 2400, 'expire': 604800, 'minttl': 1800}, {'name': 'pon-cat.com', 'ns': 'harlan.ns.cloudflare.com', 'mailbox': 'dns.cloudflare.com', 'serial': 2336167473, 'refresh': 10000, 'retry': 2400, 'expire': 604800, 'minttl': 1800}, {'name': 'pon-cat.com', 'ns': 'harlan.ns.cloudflare.com', 'mailbox': 'dns.cloudflare.com', 'serial': 2336167473, 'refresh': 10000, 'retry': 2400, 'expire': 604800, 'minttl': 1800}, {'name': 'pon-cat.com', 'ns': 'harlan.ns.cloudflare.com', 'mailbox': 'dns.cloudflare.com', 'serial': 2336167473, 'refresh': 10000, 'retry': 2400, 'expire': 604800, 'minttl': 1800}, {'name': 'pon-cat.com', 'ns': 'harlan.ns.cloudflare.com', 'mailbox': 'dns.cloudflare.com', 'serial': 2336167473, 'refresh': 10000, 'retry': 2400, 'expire': 604800, 'minttl': 1800}, {'name': 'pon-cat.com', 'ns': 'harlan.ns.cloudflare.com', 'mailbox': 'dns.cloudflare.com', 'serial': 2336167473, 'refresh': 10000, 'retry': 2400, 'expire': 604800, 'minttl': 1800}, {'name': 'pon-cat.com', 'ns': 'harlan.ns.cloudflare.com', 'mailbox': 'dns.cloudflare.com', 'serial': 2336167473, 'refresh': 10000, 'retry': 2400, 'expire': 604800, 'minttl': 1800}, {'name': 'pon-cat.com', 'ns': 'harlan.ns.cloudflare.com', 'mailbox': 'dns.cloudflare.com', 'serial': 2336167473, 'refresh': 10000, 'retry': 2400, 'expire': 604800, 'minttl': 1800}",,,,NOERROR,,,
[x],www.ovaledge-prod.pon-cat.com,300,,,,"{'name': 'pon-cat.com', 'ns': 'harlan.ns.cloudflare.com', 'mailbox': 'dns.cloudflare.com', 'serial': 2336167473, 'refresh': 10000, 'retry': 2400, 'expire': 604800, 'minttl': 1800}, {'name': 'pon-cat.com', 'ns': 'harlan.ns.cloudflare.com', 'mailbox': 'dns.cloudflare.com', 'serial': 2336167473, 'refresh': 10000, 'retry': 2400, 'expire': 604800, 'minttl': 1800}, {'name': 'pon-cat.com', 'ns': 'harlan.ns.cloudflare.com', 'mailbox': 'dns.cloudflare.com', 'serial': 2336167473, 'refresh': 10000, 'retry': 2400, 'expire': 604800, 'minttl': 1800}, {'name': 'pon-cat.com', 'ns': 'harlan.ns.cloudflare.com', 'mailbox': 'dns.cloudflare.com', 'serial': 2336167473, 'refresh': 10000, 'retry': 2400, 'expire': 604800, 'minttl': 1800}, {'name': 'pon-cat.com', 'ns': 'harlan.ns.cloudflare.com', 'mailbox': 'dns.cloudflare.com', 'serial': 2336167473, 'refresh': 10000, 'retry': 2400, 'expire': 604800, 'minttl': 1800}, {'name': 'pon-cat.com', 'ns': 'harlan.ns.cloudflare.com', 'mailbox': 'dns.cloudflare.com', 'serial': 2336167473, 'refresh': 10000, 'retry': 2400, 'expire': 604800, 'minttl': 1800}",,,,NOERROR,,,
[x],www.partstore-prd.pon-cat.com,1758,,,,"{'name': 'pon-cat.com', 'ns': 'harlan.ns.cloudflare.com', 'mailbox': 'dns.cloudflare.com', 'serial': 2336167473, 'refresh': 10000, 'retry': 2400, 'expire': 604800, 'minttl': 1800}, {'name': 'pon-cat.com', 'ns': 'harlan.ns.cloudflare.com', 'mailbox': 'dns.cloudflare.com', 'serial': 2336167473, 'refresh': 10000, 'retry': 2400, 'expire': 604800, 'minttl': 1800}, {'name': 'pon-cat.com', 'ns': 'harlan.ns.cloudflare.com', 'mailbox': 'dns.cloudflare.com', 'serial': 2336167473, 'refresh': 10000, 'retry': 2400, 'expire': 604800, 'minttl': 1800}, {'name': 'pon-cat.com', 'ns': 'harlan.ns.cloudflare.com', 'mailbox': 'dns.cloudflare.com', 'serial': 2336167473, 'refresh': 10000, 'retry': 2400, 'expire': 604800, 'minttl': 1800}, {'name': 'pon-cat.com', 'ns': 'harlan.ns.cloudflare.com', 'mailbox': 'dns.cloudflare.com', 'serial': 2336167473, 'refresh': 10000, 'retry': 2400, 'expire': 604800, 'minttl': 1800}, {'name': 'pon-cat.com', 'ns': 'harlan.ns.cloudflare.com', 'mailbox': 'dns.cloudflare.com', 'serial': 2336167473, 'refresh': 10000, 'retry': 2400, 'expire': 604800, 'minttl': 1800}, {'name': 'pon-cat.com', 'ns': 'harlan.ns.cloudflare.com', 'mailbox': 'dns.cloudflare.com', 'serial': 2336167473, 'refresh': 10000, 'retry': 2400, 'expire': 604800, 'minttl': 1800}, {'name': 'pon-cat.com', 'ns': 'harlan.ns.cloudflare.com', 'mailbox': 'dns.cloudflare.com', 'serial': 2336167473, 'refresh': 10000, 'retry': 2400, 'expire': 604800, 'minttl': 1800}",,,,NOERROR,,,
[x],www.partstore-tst.pon-cat.com,1800,,,,"{'name': 'pon-cat.com', 'ns': 'harlan.ns.cloudflare.com', 'mailbox': 'dns.cloudflare.com', 'serial': 2336167473, 'refresh': 10000, 'retry': 2400, 'expire': 604800, 'minttl': 1800}, {'name': 'pon-cat.com', 'ns': 'harlan.ns.cloudflare.com', 'mailbox': 'dns.cloudflare.com', 'serial': 2336167473, 'refresh': 10000, 'retry': 2400, 'expire': 604800, 'minttl': 1800}, {'name': 'pon-cat.com', 'ns': 'harlan.ns.cloudflare.com', 'mailbox': 'dns.cloudflare.com', 'serial': 2336167473, 'refresh': 10000, 'retry': 2400, 'expire': 604800, 'minttl': 1800}, {'name': 'pon-cat.com', 'ns': 'harlan.ns.cloudflare.com', 'mailbox': 'dns.cloudflare.com', 'serial': 2336167473, 'refresh': 10000, 'retry': 2400, 'expire': 604800, 'minttl': 1800}, {'name': 'pon-cat.com', 'ns': 'harlan.ns.cloudflare.com', 'mailbox': 'dns.cloudflare.com', 'serial': 2336167473, 'refresh': 10000, 'retry': 2400, 'expire': 604800, 'minttl': 1800}, {'name': 'pon-cat.com', 'ns': 'harlan.ns.cloudflare.com', 'mailbox': 'dns.cloudflare.com', 'serial': 2336167473, 'refresh': 10000, 'retry': 2400, 'expire': 604800, 'minttl': 1800}, {'name': 'pon-cat.com', 'ns': 'harlan.ns.cloudflare.com', 'mailbox': 'dns.cloudflare.com', 'serial': 2336167473, 'refresh': 10000, 'retry': 2400, 'expire': 604800, 'minttl': 1800}",,,,NOERROR,,,
[x],www.partstore-tst2.pon-cat.com,1800,,,,"{'name': 'pon-cat.com', 'ns': 'harlan.ns.cloudflare.com', 'mailbox': 'dns.cloudflare.com', 'serial': 2336167473, 'refresh': 10000, 'retry': 2400, 'expire': 604800, 'minttl': 1800}, {'name': 'pon-cat.com', 'ns': 'harlan.ns.cloudflare.com', 'mailbox': 'dns.cloudflare.com', 'serial': 2336167473, 'refresh': 10000, 'retry': 2400, 'expire': 604800, 'minttl': 1800}, {'name': 'pon-cat.com', 'ns': 'harlan.ns.cloudflare.com', 'mailbox': 'dns.cloudflare.com', 'serial': 2336167473, 'refresh': 10000, 'retry': 2400, 'expire': 604800, 'minttl': 1800}, {'name': 'pon-cat.com', 'ns': 'harlan.ns.cloudflare.com', 'mailbox': 'dns.cloudflare.com', 'serial': 2336167473, 'refresh': 10000, 'retry': 2400, 'expire': 604800, 'minttl': 1800}, {'name': 'pon-cat.com', 'ns': 'harlan.ns.cloudflare.com', 'mailbox': 'dns.cloudflare.com', 'serial': 2336167473, 'refresh': 10000, 'retry': 2400, 'expire': 604800, 'minttl': 1800}, {'name': 'pon-cat.com', 'ns': 'harlan.ns.cloudflare.com', 'mailbox': 'dns.cloudflare.com', 'serial': 2336167473, 'refresh': 10000, 'retry': 2400, 'expire': 604800, 'minttl': 1800}",,,,NOERROR,,,
[x],www.peppwepamt01.pon-cat.com,1800,,,,"{'name': 'pon-cat.com', 'ns': 'harlan.ns.cloudflare.com', 'mailbox': 'dns.cloudflare.com', 'serial': 2336167473, 'refresh': 10000, 'retry': 2400, 'expire': 604800, 'minttl': 1800}, {'name': 'pon-cat.com', 'ns': 'harlan.ns.cloudflare.com', 'mailbox': 'dns.cloudflare.com', 'serial': 2336167473, 'refresh': 10000, 'retry': 2400, 'expire': 604800, 'minttl': 1800}, {'name': 'pon-cat.com', 'ns': 'harlan.ns.cloudflare.com', 'mailbox': 'dns.cloudflare.com', 'serial': 2336167473, 'refresh': 10000, 'retry': 2400, 'expire': 604800, 'minttl': 1800}, {'name': 'pon-cat.com', 'ns': 'harlan.ns.cloudflare.com', 'mailbox': 'dns.cloudflare.com', 'serial': 2336167473, 'refresh': 10000, 'retry': 2400, 'expire': 604800, 'minttl': 1800}, {'name': 'pon-cat.com', 'ns': 'harlan.ns.cloudflare.com', 'mailbox': 'dns.cloudflare.com', 'serial': 2336167473, 'refresh': 10000, 'retry': 2400, 'expire': 604800, 'minttl': 1800}, {'name': 'pon-cat.com', 'ns': 'harlan.ns.cloudflare.com', 'mailbox': 'dns.cloudflare.com', 'serial': 2336167473, 'refresh': 10000, 'retry': 2400, 'expire': 604800, 'minttl': 1800}, {'name': 'pon-cat.com', 'ns': 'harlan.ns.cloudflare.com', 'mailbox': 'dns.cloudflare.com', 'serial': 2336167473, 'refresh': 10000, 'retry': 2400, 'expire': 604800, 'minttl': 1800}",,,,NOERROR,,,
[x],www.pon-cat.com,300,"104.18.36.53, 172.64.151.203",,,"{'name': 'pon-cat.com', 'ns': 'harlan.ns.cloudflare.com', 'mailbox': 'dns.cloudflare.com', 'serial': 2336167473, 'refresh': 10000, 'retry': 2400, 'expire': 604800, 'minttl': 1800}, {'name': 'pon-cat.com', 'ns': 'harlan.ns.cloudflare.com', 'mailbox': 'dns.cloudflare.com', 'serial': 2336167473, 'refresh': 10000, 'retry': 2400, 'expire': 604800, 'minttl': 1800}, {'name': 'pon-cat.com', 'ns': 'harlan.ns.cloudflare.com', 'mailbox': 'dns.cloudflare.com', 'serial': 2336167473, 'refresh': 10000, 'retry': 2400, 'expire': 604800, 'minttl': 1800}, {'name': 'pon-cat.com', 'ns': 'harlan.ns.cloudflare.com', 'mailbox': 'dns.cloudflare.com', 'serial': 2336167473, 'refresh': 10000, 'retry': 2400, 'expire': 604800, 'minttl': 1800}, {'name': 'pon-cat.com', 'ns': 'harlan.ns.cloudflare.com', 'mailbox': 'dns.cloudflare.com', 'serial': 2336167473, 'refresh': 10000, 'retry': 2400, 'expire': 604800, 'minttl': 1800}",,,,NOERROR,,,
[x],www.prd.so.se.pon-cat.com,1800,,,,"{'name': 'pon-cat.com', 'ns': 'harlan.ns.cloudflare.com', 'mailbox': 'dns.cloudflare.com', 'serial': 2336167473, 'refresh': 10000, 'retry': 2400, 'expire': 604800, 'minttl': 1800}, {'name': 'pon-cat.com', 'ns': 'harlan.ns.cloudflare.com', 'mailbox': 'dns.cloudflare.com', 'serial': 2336167473, 'refresh': 10000, 'retry': 2400, 'expire': 604800, 'minttl': 1800}, {'name': 'pon-cat.com', 'ns': 'harlan.ns.cloudflare.com', 'mailbox': 'dns.cloudflare.com', 'serial': 2336167473, 'refresh': 10000, 'retry': 2400, 'expire': 604800, 'minttl': 1800}, {'name': 'pon-cat.com', 'ns': 'harlan.ns.cloudflare.com', 'mailbox': 'dns.cloudflare.com', 'serial': 2336167473, 'refresh': 10000, 'retry': 2400, 'expire': 604800, 'minttl': 1800}, {'name': 'pon-cat.com', 'ns': 'harlan.ns.cloudflare.com', 'mailbox': 'dns.cloudflare.com', 'serial': 2336167473, 'refresh': 10000, 'retry': 2400, 'expire': 604800, 'minttl': 1800}, {'name': 'pon-cat.com', 'ns': 'harlan.ns.cloudflare.com', 'mailbox': 'dns.cloudflare.com', 'serial': 2336167473, 'refresh': 10000, 'retry': 2400, 'expire': 604800, 'minttl': 1800}",,,,NOERROR,,,
[x],www.prod.pon-cat.com,300,,,,"{'name': 'pon-cat.com', 'ns': 'harlan.ns.cloudflare.com', 'mailbox': 'dns.cloudflare.com', 'serial': 2336167473, 'refresh': 10000, 'retry': 2400, 'expire': 604800, 'minttl': 1800}, {'name': 'pon-cat.com', 'ns': 'harlan.ns.cloudflare.com', 'mailbox': 'dns.cloudflare.com', 'serial': 2336167473, 'refresh': 10000, 'retry': 2400, 'expire': 604800, 'minttl': 1800}, {'name': 'pon-cat.com', 'ns': 'harlan.ns.cloudflare.com', 'mailbox': 'dns.cloudflare.com', 'serial': 2336167473, 'refresh': 10000, 'retry': 2400, 'expire': 604800, 'minttl': 1800}, {'name': 'pon-cat.com', 'ns': 'harlan.ns.cloudflare.com', 'mailbox': 'dns.cloudflare.com', 'serial': 2336167473, 'refresh': 10000, 'retry': 2400, 'expire': 604800, 'minttl': 1800}, {'name': 'pon-cat.com', 'ns': 'harlan.ns.cloudflare.com', 'mailbox': 'dns.cloudflare.com', 'serial': 2336167473, 'refresh': 10000, 'retry': 2400, 'expire': 604800, 'minttl': 1800}, {'name': 'pon-cat.com', 'ns': 'harlan.ns.cloudflare.com', 'mailbox': 'dns.cloudflare.com', 'serial': 2336167473, 'refresh': 10000, 'retry': 2400, 'expire': 604800, 'minttl': 1800}, {'name': 'pon-cat.com', 'ns': 'harlan.ns.cloudflare.com', 'mailbox': 'dns.cloudflare.com', 'serial': 2336167473, 'refresh': 10000, 'retry': 2400, 'expire': 604800, 'minttl': 1800}, {'name': 'pon-cat.com', 'ns': 'harlan.ns.cloudflare.com', 'mailbox': 'dns.cloudflare.com', 'serial': 2336167473, 'refresh': 10000, 'retry': 2400, 'expire': 604800, 'minttl': 1800}",,,,NOERROR,,,
[x],www.prodproxynaxt.pon-cat.com,1800,,,,"{'name': 'pon-cat.com', 'ns': 'harlan.ns.cloudflare.com', 'mailbox': 'dns.cloudflare.com', 'serial': 2336167473, 'refresh': 10000, 'retry': 2400, 'expire': 604800, 'minttl': 1800}, {'name': 'pon-cat.com', 'ns': 'harlan.ns.cloudflare.com', 'mailbox': 'dns.cloudflare.com', 'serial': 2336167473, 'refresh': 10000, 'retry': 2400, 'expire': 604800, 'minttl': 1800}, {'name': 'pon-cat.com', 'ns': 'harlan.ns.cloudflare.com', 'mailbox': 'dns.cloudflare.com', 'serial': 2336167473, 'refresh': 10000, 'retry': 2400, 'expire': 604800, 'minttl': 1800}, {'name': 'pon-cat.com', 'ns': 'harlan.ns.cloudflare.com', 'mailbox': 'dns.cloudflare.com', 'serial': 2336167473, 'refresh': 10000, 'retry': 2400, 'expire': 604800, 'minttl': 1800}, {'name': 'pon-cat.com', 'ns': 'harlan.ns.cloudflare.com', 'mailbox': 'dns.cloudflare.com', 'serial': 2336167473, 'refresh': 10000, 'retry': 2400, 'expire': 604800, 'minttl': 1800}, {'name': 'pon-cat.com', 'ns': 'harlan.ns.cloudflare.com', 'mailbox': 'dns.cloudflare.com', 'serial': 2336167473, 'refresh': 10000, 'retry': 2400, 'expire': 604800, 'minttl': 1800}",,,,NOERROR,,,
[x],www.staging.pon-cat.com,1800,,,,"{'name': 'pon-cat.com', 'ns': 'harlan.ns.cloudflare.com', 'mailbox': 'dns.cloudflare.com', 'serial': 2336167473, 'refresh': 10000, 'retry': 2400, 'expire': 604800, 'minttl': 1800}, {'name': 'pon-cat.com', 'ns': 'harlan.ns.cloudflare.com', 'mailbox': 'dns.cloudflare.com', 'serial': 2336167473, 'refresh': 10000, 'retry': 2400, 'expire': 604800, 'minttl': 1800}, {'name': 'pon-cat.com', 'ns': 'harlan.ns.cloudflare.com', 'mailbox': 'dns.cloudflare.com', 'serial': 2336167473, 'refresh': 10000, 'retry': 2400, 'expire': 604800, 'minttl': 1800}, {'name': 'pon-cat.com', 'ns': 'harlan.ns.cloudflare.com', 'mailbox': 'dns.cloudflare.com', 'serial': 2336167473, 'refresh': 10000, 'retry': 2400, 'expire': 604800, 'minttl': 1800}, {'name': 'pon-cat.com', 'ns': 'harlan.ns.cloudflare.com', 'mailbox': 'dns.cloudflare.com', 'serial': 2336167473, 'refresh': 10000, 'retry': 2400, 'expire': 604800, 'minttl': 1800}, {'name': 'pon-cat.com', 'ns': 'harlan.ns.cloudflare.com', 'mailbox': 'dns.cloudflare.com', 'serial': 2336167473, 'refresh': 10000, 'retry': 2400, 'expire': 604800, 'minttl': 1800}, {'name': 'pon-cat.com', 'ns': 'harlan.ns.cloudflare.com', 'mailbox': 'dns.cloudflare.com', 'serial': 2336167473, 'refresh': 10000, 'retry': 2400, 'expire': 604800, 'minttl': 1800}",,,,NOERROR,,,
[x],www.tst.so.se.pon-cat.com,1800,,,,"{'name': 'pon-cat.com', 'ns': 'harlan.ns.cloudflare.com', 'mailbox': 'dns.cloudflare.com', 'serial': 2336167473, 'refresh': 10000, 'retry': 2400, 'expire': 604800, 'minttl': 1800}, {'name': 'pon-cat.com', 'ns': 'harlan.ns.cloudflare.com', 'mailbox': 'dns.cloudflare.com', 'serial': 2336167473, 'refresh': 10000, 'retry': 2400, 'expire': 604800, 'minttl': 1800}, {'name': 'pon-cat.com', 'ns': 'harlan.ns.cloudflare.com', 'mailbox': 'dns.cloudflare.com', 'serial': 2336167473, 'refresh': 10000, 'retry': 2400, 'expire': 604800, 'minttl': 1800}, {'name': 'pon-cat.com', 'ns': 'harlan.ns.cloudflare.com', 'mailbox': 'dns.cloudflare.com', 'serial': 2336167473, 'refresh': 10000, 'retry': 2400, 'expire': 604800, 'minttl': 1800}, {'name': 'pon-cat.com', 'ns': 'harlan.ns.cloudflare.com', 'mailbox': 'dns.cloudflare.com', 'serial': 2336167473, 'refresh': 10000, 'retry': 2400, 'expire': 604800, 'minttl': 1800}, {'name': 'pon-cat.com', 'ns': 'harlan.ns.cloudflare.com', 'mailbox': 'dns.cloudflare.com', 'serial': 2336167473, 'refresh': 10000, 'retry': 2400, 'expire': 604800, 'minttl': 1800}",,,,NOERROR,,,
[x],www.used.pon-cat.com,1800,,,,"{'name': 'pon-cat.com', 'ns': 'harlan.ns.cloudflare.com', 'mailbox': 'dns.cloudflare.com', 'serial': 2336167473, 'refresh': 10000, 'retry': 2400, 'expire': 604800, 'minttl': 1800}, {'name': 'pon-cat.com', 'ns': 'harlan.ns.cloudflare.com', 'mailbox': 'dns.cloudflare.com', 'serial': 2336167473, 'refresh': 10000, 'retry': 2400, 'expire': 604800, 'minttl': 1800}, {'name': 'pon-cat.com', 'ns': 'harlan.ns.cloudflare.com', 'mailbox': 'dns.cloudflare.com', 'serial': 2336167473, 'refresh': 10000, 'retry': 2400, 'expire': 604800, 'minttl': 1800}, {'name': 'pon-cat.com', 'ns': 'harlan.ns.cloudflare.com', 'mailbox': 'dns.cloudflare.com', 'serial': 2336167473, 'refresh': 10000, 'retry': 2400, 'expire': 604800, 'minttl': 1800}, {'name': 'pon-cat.com', 'ns': 'harlan.ns.cloudflare.com', 'mailbox': 'dns.cloudflare.com', 'serial': 2336167473, 'refresh': 10000, 'retry': 2400, 'expire': 604800, 'minttl': 1800}, {'name': 'pon-cat.com', 'ns': 'harlan.ns.cloudflare.com', 'mailbox': 'dns.cloudflare.com', 'serial': 2336167473, 'refresh': 10000, 'retry': 2400, 'expire': 604800, 'minttl': 1800}, {'name': 'pon-cat.com', 'ns': 'harlan.ns.cloudflare.com', 'mailbox': 'dns.cloudflare.com', 'serial': 2336167473, 'refresh': 10000, 'retry': 2400, 'expire': 604800, 'minttl': 1800}",,,,NOERROR,,,
[x],www.wfm.pon-cat.com,1360,,,,"{'name': 'pon-cat.com', 'ns': 'harlan.ns.cloudflare.com', 'mailbox': 'dns.cloudflare.com', 'serial': 2336167473, 'refresh': 10000, 'retry': 2400, 'expire': 604800, 'minttl': 1800}, {'name': 'pon-cat.com', 'ns': 'harlan.ns.cloudflare.com', 'mailbox': 'dns.cloudflare.com', 'serial': 2336167473, 'refresh': 10000, 'retry': 2400, 'expire': 604800, 'minttl': 1800}, {'name': 'pon-cat.com', 'ns': 'harlan.ns.cloudflare.com', 'mailbox': 'dns.cloudflare.com', 'serial': 2336167473, 'refresh': 10000, 'retry': 2400, 'expire': 604800, 'minttl': 1800}, {'name': 'pon-cat.com', 'ns': 'harlan.ns.cloudflare.com', 'mailbox': 'dns.cloudflare.com', 'serial': 2336167473, 'refresh': 10000, 'retry': 2400, 'expire': 604800, 'minttl': 1800}, {'name': 'pon-cat.com', 'ns': 'harlan.ns.cloudflare.com', 'mailbox': 'dns.cloudflare.com', 'serial': 2336167473, 'refresh': 10000, 'retry': 2400, 'expire': 604800, 'minttl': 1800}, {'name': 'pon-cat.com', 'ns': 'harlan.ns.cloudflare.com', 'mailbox': 'dns.cloudflare.com', 'serial': 2336167473, 'refresh': 10000, 'retry': 2400, 'expire': 604800, 'minttl': 1800}, {'name': 'pon-cat.com', 'ns': 'harlan.ns.cloudflare.com', 'mailbox': 'dns.cloudflare.com', 'serial': 2336167473, 'refresh': 10000, 'retry': 2400, 'expire': 604800, 'minttl': 1800}",,,,NOERROR,,,
