new,host,ttl,a,aaaa,cname,soa,status_code,caa,ns,cdn,cdn-name,txt,mx
,account.octopus.com,2524,"13.107.213.67, 13.107.246.67","2620:1ec:46::53, 2620:1ec:bdf::53","account-octopus-com-bdbvfqfzegagh2e2.z01.azurefd.net, star-azurefd-prod.trafficmanager.net, shed.dual-low.part-0039.t-0009.t-msedge.net, part-0039.t-0009.t-msedge.net, shed.dual-low.part-0025.t-0009.t-msedge.net, part-0025.t-0009.t-msedge.net, shed.dual-low.part-0035.t-0009.t-msedge.net, part-0035.t-0009.t-msedge.net, shed.dual-low.part-0036.t-0009.t-msedge.net, part-0036.t-0009.t-msedge.net, shed.dual-low.part-0017.t-0009.t-msedge.net, part-0017.t-0009.t-msedge.net","{'name': 't-msedge.net', 'ns': 'ns1.t-msedge.net', 'mailbox': 'msnhst.microsoft.com', 'serial': 2017103101, 'refresh': 1800, 'retry': 900, 'expire': 2419200, 'minttl': 60}, {'name': 't-msedge.net', 'ns': 'ns1.t-msedge.net', 'mailbox': 'msnhst.microsoft.com', 'serial': 2017103101, 'refresh': 1800, 'retry': 900, 'expire': 2419200, 'minttl': 60}, {'name': 't-msedge.net', 'ns': 'ns1.t-msedge.net', 'mailbox': 'msnhst.microsoft.com', 'serial': 2017103101, 'refresh': 1800, 'retry': 900, 'expire': 2419200, 'minttl': 60}, {'name': 't-msedge.net', 'ns': 'ns1.t-msedge.net', 'mailbox': 'msnhst.microsoft.com', 'serial': 2017103101, 'refresh': 1800, 'retry': 900, 'expire': 2419200, 'minttl': 60}",NOERROR,,,,,,
,advisories.octopus.com,2508,"18.244.28.76, 18.244.28.59, 18.244.28.12, 18.244.28.85","2600:9000:2670:e600:10:8dfc:6000:93a1, 2600:9000:2670:6200:10:8dfc:6000:93a1, 2600:9000:2670:6600:10:8dfc:6000:93a1, 2600:9000:2670:3600:10:8dfc:6000:93a1, 2600:9000:2670:600:10:8dfc:6000:93a1, 2600:9000:2670:5e00:10:8dfc:6000:93a1, 2600:9000:2670:4800:10:8dfc:6000:93a1, 2600:9000:2670:5800:10:8dfc:6000:93a1",d1voitpjid5c3k.cloudfront.net,"{'name': 'd1voitpjid5c3k.cloudfront.net', 'ns': 'ns-1952.awsdns-52.co.uk', 'mailbox': 'awsdns-hostmaster.amazon.com', 'serial': 1, 'refresh': 7200, 'retry': 900, 'expire': 1209600, 'minttl': 86400}, {'name': 'd1voitpjid5c3k.cloudfront.net', 'ns': 'ns-1952.awsdns-52.co.uk', 'mailbox': 'awsdns-hostmaster.amazon.com', 'serial': 1, 'refresh': 7200, 'retry': 900, 'expire': 1209600, 'minttl': 86400}, {'name': 'd1voitpjid5c3k.cloudfront.net', 'ns': 'ns-1952.awsdns-52.co.uk', 'mailbox': 'awsdns-hostmaster.amazon.com', 'serial': 1, 'refresh': 7200, 'retry': 900, 'expire': 1209600, 'minttl': 86400}",NOERROR,,"ns-1102.awsdns-09.org, ns-1952.awsdns-52.co.uk, ns-66.awsdns-08.com, ns-829.awsdns-39.net",True,cloudfront,,
,api.billing.a.dev.octopus.com,639,,"2620:1ec:bdf::42, 2620:1ec:46::42","comm-bill-dev-a-endpoint-drcqfmfceqg3c8fs.z01.azurefd.net, star-azurefd-prod.trafficmanager.net, shed.dual-low.part-0014.t-0009.t-msedge.net, part-0014.t-0009.t-msedge.net, shed.dual-low.part-0017.t-0009.t-msedge.net, part-0017.t-0009.t-msedge.net","{'name': 't-msedge.net', 'ns': 'ns1.t-msedge.net', 'mailbox': 'msnhst.microsoft.com', 'serial': 2017103101, 'refresh': 1800, 'retry': 900, 'expire': 2419200, 'minttl': 60}, {'name': 't-msedge.net', 'ns': 'ns1.t-msedge.net', 'mailbox': 'msnhst.microsoft.com', 'serial': 2017103101, 'refresh': 1800, 'retry': 900, 'expire': 2419200, 'minttl': 60}, {'name': 't-msedge.net', 'ns': 'ns1.t-msedge.net', 'mailbox': 'msnhst.microsoft.com', 'serial': 2017103101, 'refresh': 1800, 'retry': 900, 'expire': 2419200, 'minttl': 60}",NOERROR,,,,,,
,api.billing.b.dev.octopus.com,3600,"13.107.246.67, 13.107.213.67",,"comm-bill-dev-b-endpoint-eeekecgjc3ape3bf.z01.azurefd.net, star-azurefd-prod.trafficmanager.net, shed.dual-low.part-0039.t-0009.t-msedge.net, part-0039.t-0009.t-msedge.net, shed.dual-low.part-0025.t-0009.t-msedge.net, part-0025.t-0009.t-msedge.net, shed.dual-low.part-0014.t-0009.t-msedge.net, part-0014.t-0009.t-msedge.net","{'name': 't-msedge.net', 'ns': 'ns1.t-msedge.net', 'mailbox': 'msnhst.microsoft.com', 'serial': 2017103101, 'refresh': 1800, 'retry': 900, 'expire': 2419200, 'minttl': 60}, {'name': 't-msedge.net', 'ns': 'ns1.t-msedge.net', 'mailbox': 'msnhst.microsoft.com', 'serial': 2017103101, 'refresh': 1800, 'retry': 900, 'expire': 2419200, 'minttl': 60}, {'name': 't-msedge.net', 'ns': 'ns1.t-msedge.net', 'mailbox': 'msnhst.microsoft.com', 'serial': 2017103101, 'refresh': 1800, 'retry': 900, 'expire': 2419200, 'minttl': 60}, {'name': 't-msedge.net', 'ns': 'ns1.t-msedge.net', 'mailbox': 'msnhst.microsoft.com', 'serial': 2017103101, 'refresh': 1800, 'retry': 900, 'expire': 2419200, 'minttl': 60}",NOERROR,,,,,,
,api.billing.c.dev.octopus.com,2289,"13.107.246.67, 13.107.213.67","2620:1ec:46::42, 2620:1ec:bdf::42","comm-bill-dev-c-endpoint-edaab4f8awaucce7.z01.azurefd.net, star-azurefd-prod.trafficmanager.net, shed.dual-low.part-0039.t-0009.t-msedge.net, part-0039.t-0009.t-msedge.net, shed.dual-low.part-0014.t-0009.t-msedge.net, part-0014.t-0009.t-msedge.net, shed.dual-low.part-0017.t-0009.t-msedge.net, part-0017.t-0009.t-msedge.net","{'name': 't-msedge.net', 'ns': 'ns1.t-msedge.net', 'mailbox': 'msnhst.microsoft.com', 'serial': 2017103101, 'refresh': 1800, 'retry': 900, 'expire': 2419200, 'minttl': 60}, {'name': 't-msedge.net', 'ns': 'ns1.t-msedge.net', 'mailbox': 'msnhst.microsoft.com', 'serial': 2017103101, 'refresh': 1800, 'retry': 900, 'expire': 2419200, 'minttl': 60}, {'name': 't-msedge.net', 'ns': 'ns1.t-msedge.net', 'mailbox': 'msnhst.microsoft.com', 'serial': 2017103101, 'refresh': 1800, 'retry': 900, 'expire': 2419200, 'minttl': 60}, {'name': 't-msedge.net', 'ns': 'ns1.t-msedge.net', 'mailbox': 'msnhst.microsoft.com', 'serial': 2017103101, 'refresh': 1800, 'retry': 900, 'expire': 2419200, 'minttl': 60}, {'name': 't-msedge.net', 'ns': 'ns1.t-msedge.net', 'mailbox': 'msnhst.microsoft.com', 'serial': 2017103101, 'refresh': 1800, 'retry': 900, 'expire': 2419200, 'minttl': 60}",NOERROR,,,,,,
,api.billing.octopus.com,3600,"13.107.246.67, 13.107.213.67",,"comm-bill-prod-endpoint-acd6h6dsauhmfnd6.z01.azurefd.net, star-azurefd-prod.trafficmanager.net, shed.dual-low.part-0039.t-0009.t-msedge.net, part-0039.t-0009.t-msedge.net, shed.dual-low.part-0017.t-0009.t-msedge.net, part-0017.t-0009.t-msedge.net, shed.dual-low.part-0014.t-0009.t-msedge.net, part-0014.t-0009.t-msedge.net","{'name': 't-msedge.net', 'ns': 'ns1.t-msedge.net', 'mailbox': 'msnhst.microsoft.com', 'serial': 2017103101, 'refresh': 1800, 'retry': 900, 'expire': 2419200, 'minttl': 60}, {'name': 't-msedge.net', 'ns': 'ns1.t-msedge.net', 'mailbox': 'msnhst.microsoft.com', 'serial': 2017103101, 'refresh': 1800, 'retry': 900, 'expire': 2419200, 'minttl': 60}, {'name': 't-msedge.net', 'ns': 'ns1.t-msedge.net', 'mailbox': 'msnhst.microsoft.com', 'serial': 2017103101, 'refresh': 1800, 'retry': 900, 'expire': 2419200, 'minttl': 60}",NOERROR,,,,,,
,api.billing.preprod.octopus.com,659,"13.107.246.45, 13.107.213.45","2620:1ec:bdf::45, 2620:1ec:46::45","comm-bill-preprod-endpoint-defsgvabfza0cqad.z01.azurefd.net, star-azurefd-prod.trafficmanager.net, shed.dual-low.part-0017.t-0009.t-msedge.net, part-0017.t-0009.t-msedge.net, shed.dual-low.part-0039.t-0009.t-msedge.net, part-0039.t-0009.t-msedge.net, shed.dual-low.part-0012.t-0009.t-msedge.net, part-0012.t-0009.t-msedge.net","{'name': 't-msedge.net', 'ns': 'ns1.t-msedge.net', 'mailbox': 'msnhst.microsoft.com', 'serial': 2017103101, 'refresh': 1800, 'retry': 900, 'expire': 2419200, 'minttl': 60}, {'name': 't-msedge.net', 'ns': 'ns1.t-msedge.net', 'mailbox': 'msnhst.microsoft.com', 'serial': 2017103101, 'refresh': 1800, 'retry': 900, 'expire': 2419200, 'minttl': 60}, {'name': 't-msedge.net', 'ns': 'ns1.t-msedge.net', 'mailbox': 'msnhst.microsoft.com', 'serial': 2017103101, 'refresh': 1800, 'retry': 900, 'expire': 2419200, 'minttl': 60}, {'name': 't-msedge.net', 'ns': 'ns1.t-msedge.net', 'mailbox': 'msnhst.microsoft.com', 'serial': 2017103101, 'refresh': 1800, 'retry': 900, 'expire': 2419200, 'minttl': 60}",NOERROR,,,,,,
,apt.octopus.com,2525,"3.161.82.104, 3.161.82.11, 3.161.82.39, 3.161.82.127","2600:9000:250a:3400:3:5e6e:eb40:93a1, 2600:9000:250a:ba00:3:5e6e:eb40:93a1, 2600:9000:250a:2800:3:5e6e:eb40:93a1, 2600:9000:250a:7a00:3:5e6e:eb40:93a1, 2600:9000:250a:e000:3:5e6e:eb40:93a1, 2600:9000:250a:e600:3:5e6e:eb40:93a1, 2600:9000:250a:2000:3:5e6e:eb40:93a1, 2600:9000:250a:bc00:3:5e6e:eb40:93a1",d7z9thgmzl4d.cloudfront.net,"{'name': 'd7z9thgmzl4d.cloudfront.net', 'ns': 'ns-71.awsdns-08.com', 'mailbox': 'awsdns-hostmaster.amazon.com', 'serial': 1, 'refresh': 7200, 'retry': 900, 'expire': 1209600, 'minttl': 86400}, {'name': 'd7z9thgmzl4d.cloudfront.net', 'ns': 'ns-71.awsdns-08.com', 'mailbox': 'awsdns-hostmaster.amazon.com', 'serial': 1, 'refresh': 7200, 'retry': 900, 'expire': 1209600, 'minttl': 86400}, {'name': 'd7z9thgmzl4d.cloudfront.net', 'ns': 'ns-71.awsdns-08.com', 'mailbox': 'awsdns-hostmaster.amazon.com', 'serial': 1, 'refresh': 7200, 'retry': 900, 'expire': 1209600, 'minttl': 86400}, {'name': 'd7z9thgmzl4d.cloudfront.net', 'ns': 'ns-71.awsdns-08.com', 'mailbox': 'awsdns-hostmaster.amazon.com', 'serial': 1, 'refresh': 7200, 'retry': 900, 'expire': 1209600, 'minttl': 86400}",NOERROR,,"ns-1037.awsdns-01.org, ns-2040.awsdns-63.co.uk, ns-71.awsdns-08.com, ns-977.awsdns-58.net",True,cloudfront,,
,atlas.octopus.com,647,"13.107.213.45, 13.107.246.45","2620:1ec:46::45, 2620:1ec:bdf::45","deactivatedcloudinstance.octopus.com, octopus.com","{'name': 'octopus.com', 'ns': 'ns1.dnsimple.com', 'mailbox': 'admin.dnsimple.com', 'serial': 1442916132, 'refresh': 86400, 'retry': 7200, 'expire': 604800, 'minttl': 300}",NOERROR,,,,,,"aspmx.l.google.com, alt1.aspmx.l.google.com, alt2.aspmx.l.google.com, aspmx2.googlemail.com, aspmx3.googlemail.com"
,b.dev.octopus.com,3600,"13.107.246.63, 13.107.213.63","2620:1ec:bdf::64, 2620:1ec:46::64","octo-public-dev-b-endpoint-dme2a4crfxdeghg4.z01.azurefd.net, star-azurefd-prod.trafficmanager.net, shed.dual-low.part-0035.t-0009.t-msedge.net, part-0035.t-0009.t-msedge.net, shed.dual-low.part-0036.t-0009.t-msedge.net, part-0036.t-0009.t-msedge.net, shed.dual-low.part-0039.t-0009.t-msedge.net, part-0039.t-0009.t-msedge.net, shed.dual-low.part-0017.t-0009.t-msedge.net, part-0017.t-0009.t-msedge.net","{'name': 't-msedge.net', 'ns': 'ns1.t-msedge.net', 'mailbox': 'msnhst.microsoft.com', 'serial': 2017103101, 'refresh': 1800, 'retry': 900, 'expire': 2419200, 'minttl': 60}, {'name': 't-msedge.net', 'ns': 'ns1.t-msedge.net', 'mailbox': 'msnhst.microsoft.com', 'serial': 2017103101, 'refresh': 1800, 'retry': 900, 'expire': 2419200, 'minttl': 60}, {'name': 't-msedge.net', 'ns': 'ns1.t-msedge.net', 'mailbox': 'msnhst.microsoft.com', 'serial': 2017103101, 'refresh': 1800, 'retry': 900, 'expire': 2419200, 'minttl': 60}, {'name': 't-msedge.net', 'ns': 'ns1.t-msedge.net', 'mailbox': 'msnhst.microsoft.com', 'serial': 2017103101, 'refresh': 1800, 'retry': 900, 'expire': 2419200, 'minttl': 60}, {'name': 't-msedge.net', 'ns': 'ns1.t-msedge.net', 'mailbox': 'msnhst.microsoft.com', 'serial': 2017103101, 'refresh': 1800, 'retry': 900, 'expire': 2419200, 'minttl': 60}",NOERROR,,,,,,
,billing.a.dev.octopus.com,3600,"13.107.213.40, 13.107.246.40","2620:1ec:46::42, 2620:1ec:bdf::42","comm-bill-dev-a-endpoint-drcqfmfceqg3c8fs.z01.azurefd.net, star-azurefd-prod.trafficmanager.net, shed.dual-low.part-0012.t-0009.t-msedge.net, part-0012.t-0009.t-msedge.NET, shed.dual-low.part-0014.t-0009.t-msedge.net, part-0014.t-0009.t-msedge.net, shed.dual-low.part-0039.t-0009.t-msedge.net, part-0039.t-0009.t-msedge.net","{'name': 't-msedge.net', 'ns': 'ns1.t-msedge.net', 'mailbox': 'msnhst.microsoft.com', 'serial': 2017103101, 'refresh': 1800, 'retry': 900, 'expire': 2419200, 'minttl': 60}, {'name': 't-msedge.net', 'ns': 'ns1.t-msedge.net', 'mailbox': 'msnhst.microsoft.com', 'serial': 2017103101, 'refresh': 1800, 'retry': 900, 'expire': 2419200, 'minttl': 60}, {'name': 't-msedge.net', 'ns': 'ns1.t-msedge.net', 'mailbox': 'msnhst.microsoft.com', 'serial': 2017103101, 'refresh': 1800, 'retry': 900, 'expire': 2419200, 'minttl': 60}, {'name': 't-msedge.net', 'ns': 'ns1.t-msedge.net', 'mailbox': 'msnhst.microsoft.com', 'serial': 2017103101, 'refresh': 1800, 'retry': 900, 'expire': 2419200, 'minttl': 60}, {'name': 't-msedge.net', 'ns': 'ns1.t-msedge.net', 'mailbox': 'msnhst.microsoft.com', 'serial': 2017103101, 'refresh': 1800, 'retry': 900, 'expire': 2419200, 'minttl': 60}",NOERROR,,,,,,
,billing.b.dev.octopus.com,661,"13.107.213.45, 13.107.246.45","2620:1ec:46::45, 2620:1ec:bdf::45","comm-bill-dev-b-endpoint-eeekecgjc3ape3bf.z01.azurefd.net, star-azurefd-prod.trafficmanager.net, shed.dual-low.part-0017.t-0009.t-msedge.net, part-0017.t-0009.t-msedge.net, shed.dual-low.part-0039.t-0009.t-msedge.net, part-0039.t-0009.t-msedge.net","{'name': 't-msedge.net', 'ns': 'ns1.t-msedge.net', 'mailbox': 'msnhst.microsoft.com', 'serial': 2017103101, 'refresh': 1800, 'retry': 900, 'expire': 2419200, 'minttl': 60}, {'name': 't-msedge.net', 'ns': 'ns1.t-msedge.net', 'mailbox': 'msnhst.microsoft.com', 'serial': 2017103101, 'refresh': 1800, 'retry': 900, 'expire': 2419200, 'minttl': 60}, {'name': 't-msedge.net', 'ns': 'ns1.t-msedge.net', 'mailbox': 'msnhst.microsoft.com', 'serial': 2017103101, 'refresh': 1800, 'retry': 900, 'expire': 2419200, 'minttl': 60}, {'name': 't-msedge.net', 'ns': 'ns1.t-msedge.net', 'mailbox': 'msnhst.microsoft.com', 'serial': 2017103101, 'refresh': 1800, 'retry': 900, 'expire': 2419200, 'minttl': 60}",NOERROR,,,,,,
,billing.c.dev.octopus.com,3600,"13.107.213.67, 13.107.246.67","2620:1ec:bdf::45, 2620:1ec:46::45","comm-bill-dev-c-endpoint-edaab4f8awaucce7.z01.azurefd.net, star-azurefd-prod.trafficmanager.net, shed.dual-low.part-0039.t-0009.t-msedge.net, part-0039.t-0009.t-msedge.net, shed.dual-low.part-0017.t-0009.t-msedge.net, part-0017.t-0009.t-msedge.net, shed.dual-low.part-0025.t-0009.t-msedge.net, part-0025.t-0009.t-msedge.net","{'name': 't-msedge.net', 'ns': 'ns1.t-msedge.net', 'mailbox': 'msnhst.microsoft.com', 'serial': 2017103101, 'refresh': 1800, 'retry': 900, 'expire': 2419200, 'minttl': 60}, {'name': 't-msedge.net', 'ns': 'ns1.t-msedge.net', 'mailbox': 'msnhst.microsoft.com', 'serial': 2017103101, 'refresh': 1800, 'retry': 900, 'expire': 2419200, 'minttl': 60}, {'name': 't-msedge.net', 'ns': 'ns1.t-msedge.net', 'mailbox': 'msnhst.microsoft.com', 'serial': 2017103101, 'refresh': 1800, 'retry': 900, 'expire': 2419200, 'minttl': 60}, {'name': 't-msedge.net', 'ns': 'ns1.t-msedge.net', 'mailbox': 'msnhst.microsoft.com', 'serial': 2017103101, 'refresh': 1800, 'retry': 900, 'expire': 2419200, 'minttl': 60}",NOERROR,,,,,,
,billing.octopus.com,638,"13.107.246.67, 13.107.213.67","2620:1ec:46::42, 2620:1ec:bdf::42","comm-bill-prod-endpoint-acd6h6dsauhmfnd6.z01.azurefd.net, star-azurefd-prod.trafficmanager.net, shed.dual-low.part-0039.t-0009.t-msedge.net, part-0039.t-0009.t-msedge.net, shed.dual-low.part-0014.t-0009.t-msedge.net, part-0014.t-0009.t-msedge.net, shed.dual-low.part-0017.t-0009.t-msedge.net, part-0017.t-0009.t-msedge.net, shed.dual-low.part-0025.t-0009.t-msedge.net, part-0025.t-0009.t-msedge.net, shed.dual-low.part-0012.t-0009.t-msedge.net, part-0012.t-0009.t-msedge.NET","{'name': 't-msedge.net', 'ns': 'ns1.t-msedge.net', 'mailbox': 'msnhst.microsoft.com', 'serial': 2017103101, 'refresh': 1800, 'retry': 900, 'expire': 2419200, 'minttl': 60}, {'name': 't-msedge.net', 'ns': 'ns1.t-msedge.net', 'mailbox': 'msnhst.microsoft.com', 'serial': 2017103101, 'refresh': 1800, 'retry': 900, 'expire': 2419200, 'minttl': 60}, {'name': 't-msedge.net', 'ns': 'ns1.t-msedge.net', 'mailbox': 'msnhst.microsoft.com', 'serial': 2017103101, 'refresh': 1800, 'retry': 900, 'expire': 2419200, 'minttl': 60}, {'name': 't-msedge.NET', 'ns': 'ns1.t-msedge.NET', 'mailbox': 'msnhst.microsoft.com', 'serial': 2017103101, 'refresh': 1800, 'retry': 900, 'expire': 2419200, 'minttl': 60}, {'name': 't-msedge.net', 'ns': 'ns1.t-msedge.net', 'mailbox': 'msnhst.microsoft.com', 'serial': 2017103101, 'refresh': 1800, 'retry': 900, 'expire': 2419200, 'minttl': 60}",NOERROR,,,,,,
,billing.preprod.octopus.com,3600,"13.107.213.42, 13.107.246.42","2620:1ec:bdf::53, 2620:1ec:46::53","comm-bill-preprod-endpoint-defsgvabfza0cqad.z01.azurefd.net, star-azurefd-prod.trafficmanager.net, shed.dual-low.part-0014.t-0009.t-msedge.net, part-0014.t-0009.t-msedge.net, shed.dual-low.part-0025.t-0009.t-msedge.net, part-0025.t-0009.t-msedge.net, shed.dual-low.part-0017.t-0009.t-msedge.net, part-0017.t-0009.t-msedge.net, shed.dual-low.part-0039.t-0009.t-msedge.net, part-0039.t-0009.t-msedge.net","{'name': 't-msedge.net', 'ns': 'ns1.t-msedge.net', 'mailbox': 'msnhst.microsoft.com', 'serial': 2017103101, 'refresh': 1800, 'retry': 900, 'expire': 2419200, 'minttl': 60}, {'name': 't-msedge.net', 'ns': 'ns1.t-msedge.net', 'mailbox': 'msnhst.microsoft.com', 'serial': 2017103101, 'refresh': 1800, 'retry': 900, 'expire': 2419200, 'minttl': 60}, {'name': 't-msedge.net', 'ns': 'ns1.t-msedge.net', 'mailbox': 'msnhst.microsoft.com', 'serial': 2017103101, 'refresh': 1800, 'retry': 900, 'expire': 2419200, 'minttl': 60}",NOERROR,,,,,,
,books.octopus.com,3600,"172.64.147.209, 104.18.40.47",,"hosting.gitbook.com, hosting.gitbook.io","{'name': 'gitbook.io', 'ns': 'dahlia.ns.cloudflare.com', 'mailbox': 'dns.cloudflare.com', 'serial': 2335905850, 'refresh': 10000, 'retry': 2400, 'expire': 604800, 'minttl': 1800}, {'name': 'gitbook.io', 'ns': 'dahlia.ns.cloudflare.com', 'mailbox': 'dns.cloudflare.com', 'serial': 2335905850, 'refresh': 10000, 'retry': 2400, 'expire': 604800, 'minttl': 1800}, {'name': 'gitbook.io', 'ns': 'dahlia.ns.cloudflare.com', 'mailbox': 'dns.cloudflare.com', 'serial': 2335905850, 'refresh': 10000, 'retry': 2400, 'expire': 604800, 'minttl': 1800}, {'name': 'gitbook.io', 'ns': 'dahlia.ns.cloudflare.com', 'mailbox': 'dns.cloudflare.com', 'serial': 2335905850, 'refresh': 10000, 'retry': 2400, 'expire': 604800, 'minttl': 1800}",NOERROR,,,,,,
,bounce.octopus.com,3600,,,custom-email-domain.stripe.com,"{'name': 'custom-email-domain.stripe.com', 'ns': 'ns-994.awsdns-60.net', 'mailbox': 'awsdns-hostmaster.amazon.com', 'serial': 1, 'refresh': 7200, 'retry': 900, 'expire': 1209600, 'minttl': 86400}, {'name': 'custom-email-domain.stripe.com', 'ns': 'ns-994.awsdns-60.net', 'mailbox': 'awsdns-hostmaster.amazon.com', 'serial': 1, 'refresh': 7200, 'retry': 900, 'expire': 1209600, 'minttl': 86400}, {'name': 'custom-email-domain.stripe.com', 'ns': 'ns-994.awsdns-60.net', 'mailbox': 'awsdns-hostmaster.amazon.com', 'serial': 1, 'refresh': 7200, 'retry': 900, 'expire': 1209600, 'minttl': 86400}",NOERROR,,"ns-163.awsdns-20.com, ns-994.awsdns-60.net, ns-1404.awsdns-47.org, ns-2008.awsdns-59.co.uk",,,v=spf1 include:amazonses.com ~all,feedback-smtp.us-west-2.amazonses.com
,c.dev.octopus.com,1115,,"2620:1ec:bdf::63, 2620:1ec:46::63","octo-public-dev-c-endpoint-cjedcqczhggfhsbb.z01.azurefd.net, star-azurefd-prod.trafficmanager.net, shed.dual-low.part-0035.t-0009.t-msedge.net, part-0035.t-0009.t-msedge.net, shed.dual-low.part-0039.t-0009.t-msedge.net, part-0039.t-0009.t-msedge.net, shed.dual-low.part-0014.t-0009.t-msedge.net, part-0014.t-0009.t-msedge.net","{'name': 't-msedge.net', 'ns': 'ns1.t-msedge.net', 'mailbox': 'msnhst.microsoft.com', 'serial': 2017103101, 'refresh': 1800, 'retry': 900, 'expire': 2419200, 'minttl': 60}, {'name': 't-msedge.net', 'ns': 'ns1.t-msedge.net', 'mailbox': 'msnhst.microsoft.com', 'serial': 2017103101, 'refresh': 1800, 'retry': 900, 'expire': 2419200, 'minttl': 60}, {'name': 't-msedge.net', 'ns': 'ns1.t-msedge.net', 'mailbox': 'msnhst.microsoft.com', 'serial': 2017103101, 'refresh': 1800, 'retry': 900, 'expire': 2419200, 'minttl': 60}, {'name': 't-msedge.net', 'ns': 'ns1.t-msedge.net', 'mailbox': 'msnhst.microsoft.com', 'serial': 2017103101, 'refresh': 1800, 'retry': 900, 'expire': 2419200, 'minttl': 60}",NOERROR,,,,,,
,deactivatedcloudinstance.octopus.com,3600,"13.107.213.45, 13.107.246.45","2620:1ec:bdf::40, 2620:1ec:46::40",octopus.com,,NOERROR,,"ns3.dnsimple.com, ns4.dnsimple-edge.org, ns1.dnsimple.com, ns2.dnsimple-edge.net",,,"1password-site-verification=IFTMJKN35ZGWJMP5T5GHGTV7BU, ALIAS for octo-public-prod-endpoint-f2e5gmecbdf3bfg9.z01.azurefd.net, MS=ms61150237, apple-domain-verification=y93Xuvh12dBMwgF0, atlassian-domain-verification=fdTudDbP7jSq4+NtWDU/VnkcZNLZ3X6aFH85IK15J+fQGRgNUbPzYuhm4xSOQtWH, box-domain-verification=c99e5318794e20b4f92d23fd11892b39399b195c647a617058459fcea9db3b1d, docusign=85bbc996-26d7-4d67-b649-ae6ae60c88c9, dropbox-domain-verification=93uf5do9y11a, f5EgUvIlOYGdM93FLqrBbnS-YZo, google-site-verification=B3mLmqSdP53jayKc_9XLXOBCB7iDFhfEbXBB30lHCWs, google-site-verification=eFiX0LHWfBKj_xMSdjQVFlzZ_xK7wU2BVgZQbhXDyvE, octofront-prod-public-webapp-a.azurewebsites.net, octofront-prod-public-webapp-b.azurewebsites.net, octofront-prod-public-webapp-c.azurewebsites.net, octofront-prod-public-webapp-d.azurewebsites.net, onetrust-domain-verification=a56b316bd9934b7bb14279fb2d5a0337, stripe-verification=b4d0e1fc502dcd537bc6b6185dc32c80243c87cc0aa1311149fc62e101b3d524, stripe-verification=cef34ee75fafecc271b635833b7751793c35525d98e2563f91afca7d81bc8e7d, v=spf1 ip4:104.130.122.0/23 ip4:146.20.112.0/26 ip4:141.193.32.0/23 ip4:209.61.151.0/24 ip4:166.78.68.0/22 ip4:198.61.254.0/23 ip4:192.237.158.0/23 ip4:23.253.182.0/23 ip4:104.130.96.0/28 ip4:146.20.113.0/24 include:_spf.google.com include:sendgrid.net in, clude:mail.zendesk.com include:spfa.octopus.com -all, zapier-domain-verification-challenge=45b4ea56-ec49-4078-a8ec-46dceb348d0d",
,demo.octopus.com,3600,"13.107.246.45, 13.107.213.45",,"demo-octopus-com-btaxfffwfge3hsa5.z01.azurefd.net, star-azurefd-prod.trafficmanager.net, shed.dual-low.part-0017.t-0009.t-msedge.net, part-0017.t-0009.t-msedge.net, shed.dual-low.part-0039.t-0009.t-msedge.net, part-0039.t-0009.t-msedge.net, shed.dual-low.part-0012.t-0009.t-msedge.net, part-0012.t-0009.t-msedge.NET","{'name': 't-msedge.net', 'ns': 'ns1.t-msedge.net', 'mailbox': 'msnhst.microsoft.com', 'serial': 2017103101, 'refresh': 1800, 'retry': 900, 'expire': 2419200, 'minttl': 60}, {'name': 't-msedge.net', 'ns': 'ns1.t-msedge.net', 'mailbox': 'msnhst.microsoft.com', 'serial': 2017103101, 'refresh': 1800, 'retry': 900, 'expire': 2419200, 'minttl': 60}, {'name': 't-msedge.NET', 'ns': 'ns1.t-msedge.NET', 'mailbox': 'msnhst.microsoft.com', 'serial': 2017103101, 'refresh': 1800, 'retry': 900, 'expire': 2419200, 'minttl': 60}, {'name': 't-msedge.net', 'ns': 'ns1.t-msedge.net', 'mailbox': 'msnhst.microsoft.com', 'serial': 2017103101, 'refresh': 1800, 'retry': 900, 'expire': 2419200, 'minttl': 60}",NOERROR,,,,,,
,dev.octopus.com,300,,,,"{'name': 'dev.octopus.com', 'ns': 'ns1-01.azure-dns.com', 'mailbox': 'azuredns-hostmaster.microsoft.com', 'serial': 1, 'refresh': 3600, 'retry': 300, 'expire': 2419200, 'minttl': 300}, {'name': 'dev.octopus.com', 'ns': 'ns1-01.azure-dns.com', 'mailbox': 'azuredns-hostmaster.microsoft.com', 'serial': 1, 'refresh': 3600, 'retry': 300, 'expire': 2419200, 'minttl': 300}, {'name': 'dev.octopus.com', 'ns': 'ns1-01.azure-dns.com', 'mailbox': 'azuredns-hostmaster.microsoft.com', 'serial': 1, 'refresh': 3600, 'retry': 300, 'expire': 2419200, 'minttl': 300}, {'name': 'dev.octopus.com', 'ns': 'ns1-01.azure-dns.com', 'mailbox': 'azuredns-hostmaster.microsoft.com', 'serial': 1, 'refresh': 3600, 'retry': 300, 'expire': 2419200, 'minttl': 300}, {'name': 'dev.octopus.com', 'ns': 'ns1-01.azure-dns.com', 'mailbox': 'azuredns-hostmaster.microsoft.com', 'serial': 1, 'refresh': 3600, 'retry': 300, 'expire': 2419200, 'minttl': 300}, {'name': 'dev.octopus.com', 'ns': 'ns1-01.azure-dns.com', 'mailbox': 'azuredns-hostmaster.microsoft.com', 'serial': 1, 'refresh': 3600, 'retry': 300, 'expire': 2419200, 'minttl': 300}, {'name': 'dev.octopus.com', 'ns': 'ns1-01.azure-dns.com', 'mailbox': 'azuredns-hostmaster.microsoft.com', 'serial': 1, 'refresh': 3600, 'retry': 300, 'expire': 2419200, 'minttl': 300}",NOERROR,,"ns2-01.azure-dns.net, ns3-01.azure-dns.org, ns4-01.azure-dns.info, ns1-01.azure-dns.com",,,,
,docs.octopus.com,3600,"13.107.213.67, 13.107.246.67","2620:1ec:bdf::67, 2620:1ec:46::67","docs-octopus-com-gjgtcpf7b2a9ebdx.z01.azurefd.net, star-azurefd-prod.trafficmanager.net, shed.dual-low.part-0039.t-0009.t-msedge.net, part-0039.t-0009.t-msedge.net, shed.dual-low.part-0036.t-0009.t-msedge.net, part-0036.t-0009.t-msedge.net, shed.dual-low.part-0017.t-0009.t-msedge.net, part-0017.t-0009.t-msedge.net","{'name': 't-msedge.net', 'ns': 'ns1.t-msedge.net', 'mailbox': 'msnhst.microsoft.com', 'serial': 2017103101, 'refresh': 1800, 'retry': 900, 'expire': 2419200, 'minttl': 60}, {'name': 't-msedge.net', 'ns': 'ns1.t-msedge.net', 'mailbox': 'msnhst.microsoft.com', 'serial': 2017103101, 'refresh': 1800, 'retry': 900, 'expire': 2419200, 'minttl': 60}, {'name': 't-msedge.net', 'ns': 'ns1.t-msedge.net', 'mailbox': 'msnhst.microsoft.com', 'serial': 2017103101, 'refresh': 1800, 'retry': 900, 'expire': 2419200, 'minttl': 60}, {'name': 't-msedge.net', 'ns': 'ns1.t-msedge.net', 'mailbox': 'msnhst.microsoft.com', 'serial': 2017103101, 'refresh': 1800, 'retry': 900, 'expire': 2419200, 'minttl': 60}",NOERROR,,,,,,
,drip.octopus.com,3600,,,u9821270.wl021.sendgrid.net,"{'name': 'wl021.sendgrid.net', 'ns': 'aisha.ns.cloudflare.com', 'mailbox': 'dns.cloudflare.com', 'serial': 2337867129, 'refresh': 10000, 'retry': 2400, 'expire': 604800, 'minttl': 1800}, {'name': 'wl021.sendgrid.net', 'ns': 'aisha.ns.cloudflare.com', 'mailbox': 'dns.cloudflare.com', 'serial': 2337867129, 'refresh': 10000, 'retry': 2400, 'expire': 604800, 'minttl': 1800}, {'name': 'wl021.sendgrid.net', 'ns': 'aisha.ns.cloudflare.com', 'mailbox': 'dns.cloudflare.com', 'serial': 2337867129, 'refresh': 10000, 'retry': 2400, 'expire': 604800, 'minttl': 1800}, {'name': 'wl021.sendgrid.net', 'ns': 'aisha.ns.cloudflare.com', 'mailbox': 'dns.cloudflare.com', 'serial': 2337867129, 'refresh': 10000, 'retry': 2400, 'expire': 604800, 'minttl': 1800}",NOERROR,,,,,v=spf1 include:sendgrid.net ~all,
,enterpriseenrollment.octopus.com,3600,,,"enterpriseenrollment-s.manage.microsoft.com, manage-pe.trafficmanager.net, pexsucpeu01.northeurope.cloudapp.azure.com, pexsucpeu02.westeurope.cloudapp.azure.com, pexsucpeu03.swedencentral.cloudapp.azure.com","{'name': 'northeurope.cloudapp.azure.com', 'ns': 'ns1-201.azure-dns.com', 'mailbox': 'msnhst.microsoft.com', 'serial': 10001, 'refresh': 900, 'retry': 300, 'expire': 604800, 'minttl': 60}, {'name': 'northeurope.cloudapp.azure.com', 'ns': 'ns1-201.azure-dns.com', 'mailbox': 'msnhst.microsoft.com', 'serial': 10001, 'refresh': 900, 'retry': 300, 'expire': 604800, 'minttl': 60}, {'name': 'westeurope.cloudapp.azure.com', 'ns': 'ns1-201.azure-dns.com', 'mailbox': 'msnhst.microsoft.com', 'serial': 10001, 'refresh': 900, 'retry': 300, 'expire': 604800, 'minttl': 60}, {'name': 'swedencentral.cloudapp.azure.com', 'ns': 'ns1-07.azure-dns.com', 'mailbox': 'azuredns-hostmaster.microsoft.com', 'serial': 1, 'refresh': 3600, 'retry': 300, 'expire': 2419200, 'minttl': 300}",NOERROR,,,,,,
,enterpriseregistration.octopus.com,3600,"40.126.32.129, 40.126.32.131, 40.126.32.66, 40.126.32.6",,"enterpriseregistration.windows.net, na.privatelink.msidentity.com, prdf.aadg.msidentity.com, www.tm.f.prd.aadg.trafficmanager.net, www.tm.f.prd.aadg.akadns.net","{'name': 'akadns.net', 'ns': 'internal.akadns.net', 'mailbox': 'hostmaster.akamai.com', 'serial': 1712104200, 'refresh': 90000, 'retry': 90000, 'expire': 90000, 'minttl': 180}, {'name': 'akadns.net', 'ns': 'internal.akadns.net', 'mailbox': 'hostmaster.akamai.com', 'serial': 1712104200, 'refresh': 90000, 'retry': 90000, 'expire': 90000, 'minttl': 180}, {'name': 'akadns.net', 'ns': 'internal.akadns.net', 'mailbox': 'hostmaster.akamai.com', 'serial': 1712104200, 'refresh': 90000, 'retry': 90000, 'expire': 90000, 'minttl': 180}",NOERROR,,,,,,
,extensions.octopus.com,2585,"13.33.187.120, 13.33.187.116, 13.33.187.106, 13.33.187.42","2600:9000:235a:3800:13:a3a2:c40:93a1, 2600:9000:235a:b200:13:a3a2:c40:93a1, 2600:9000:235a:e800:13:a3a2:c40:93a1, 2600:9000:235a:1600:13:a3a2:c40:93a1, 2600:9000:235a:8600:13:a3a2:c40:93a1, 2600:9000:235a:ec00:13:a3a2:c40:93a1, 2600:9000:235a:4200:13:a3a2:c40:93a1, 2600:9000:235a:a00:13:a3a2:c40:93a1",dit1npoyv2435.cloudfront.net,"{'name': 'dit1npoyv2435.cloudfront.net', 'ns': 'ns-1277.awsdns-31.org', 'mailbox': 'awsdns-hostmaster.amazon.com', 'serial': 1, 'refresh': 7200, 'retry': 900, 'expire': 1209600, 'minttl': 86400}, {'name': 'dit1npoyv2435.cloudfront.net', 'ns': 'ns-1277.awsdns-31.org', 'mailbox': 'awsdns-hostmaster.amazon.com', 'serial': 1, 'refresh': 7200, 'retry': 900, 'expire': 1209600, 'minttl': 86400}",NOERROR,,"ns-1277.awsdns-31.org, ns-1593.awsdns-07.co.uk, ns-295.awsdns-36.com, ns-576.awsdns-08.net",True,cloudfront,,
,get.octopus.com,639,"104.17.72.206, 104.17.70.206, 104.17.74.206, 104.17.73.206, 104.17.71.206",,"octopusdeploy.mktoweb.com, nld104.mktossl.com","{'name': 'mktossl.com', 'ns': 'bart.ns.cloudflare.com', 'mailbox': 'dns.cloudflare.com', 'serial': 2337676546, 'refresh': 10000, 'retry': 2400, 'expire': 604800, 'minttl': 1800}, {'name': 'mktossl.com', 'ns': 'bart.ns.cloudflare.com', 'mailbox': 'dns.cloudflare.com', 'serial': 2337676546, 'refresh': 10000, 'retry': 2400, 'expire': 604800, 'minttl': 1800}, {'name': 'mktossl.com', 'ns': 'bart.ns.cloudflare.com', 'mailbox': 'dns.cloudflare.com', 'serial': 2337676546, 'refresh': 10000, 'retry': 2400, 'expire': 604800, 'minttl': 1800}, {'name': 'mktossl.com', 'ns': 'bart.ns.cloudflare.com', 'mailbox': 'dns.cloudflare.com', 'serial': 2337676546, 'refresh': 10000, 'retry': 2400, 'expire': 604800, 'minttl': 1800}",NOERROR,,,,,,
,githubactionsworkflowgenerator.octopus.com,2564,"54.183.63.165, 50.18.180.163",,d-bs0bnlp2u8.execute-api.us-west-1.amazonaws.com,"{'name': 'execute-api.us-west-1.amazonaws.com', 'ns': 'ns-49.awsdns-06.com', 'mailbox': 'awsdns-hostmaster.amazon.com', 'serial': 1, 'refresh': 7200, 'retry': 900, 'expire': 1209600, 'minttl': 86400}, {'name': 'execute-api.us-west-1.amazonaws.com', 'ns': 'ns-49.awsdns-06.com', 'mailbox': 'awsdns-hostmaster.amazon.com', 'serial': 1, 'refresh': 7200, 'retry': 900, 'expire': 1209600, 'minttl': 86400}, {'name': 'execute-api.us-west-1.amazonaws.com', 'ns': 'ns-49.awsdns-06.com', 'mailbox': 'awsdns-hostmaster.amazon.com', 'serial': 1, 'refresh': 7200, 'retry': 900, 'expire': 1209600, 'minttl': 86400}, {'name': 'execute-api.us-west-1.amazonaws.com', 'ns': 'ns-49.awsdns-06.com', 'mailbox': 'awsdns-hostmaster.amazon.com', 'serial': 1, 'refresh': 7200, 'retry': 900, 'expire': 1209600, 'minttl': 86400}, {'name': 'execute-api.us-west-1.amazonaws.com', 'ns': 'ns-49.awsdns-06.com', 'mailbox': 'awsdns-hostmaster.amazon.com', 'serial': 1, 'refresh': 7200, 'retry': 900, 'expire': 1209600, 'minttl': 86400}, {'name': 'execute-api.us-west-1.amazonaws.com', 'ns': 'ns-49.awsdns-06.com', 'mailbox': 'awsdns-hostmaster.amazon.com', 'serial': 1, 'refresh': 7200, 'retry': 900, 'expire': 1209600, 'minttl': 86400}",NOERROR,,,,,,
,githubapp.octopus.com,2614,"13.107.213.42, 13.107.246.42","2620:1ec:46::67, 2620:1ec:bdf::67","ghwa-prd-afd-g3drehhugeapd2fh.a03.azurefd.net, shed.dual-low.part-0014.t-0009.t-msedge.net, part-0014.t-0009.t-msedge.net, shed.dual-low.part-0039.t-0009.t-msedge.net, part-0039.t-0009.t-msedge.net, shed.dual-low.part-0025.t-0009.t-msedge.net, part-0025.t-0009.t-msedge.net, shed.dual-low.part-0017.t-0009.t-msedge.net, part-0017.t-0009.t-msedge.net","{'name': 't-msedge.net', 'ns': 'ns1.t-msedge.net', 'mailbox': 'msnhst.microsoft.com', 'serial': 2017103101, 'refresh': 1800, 'retry': 900, 'expire': 2419200, 'minttl': 60}, {'name': 't-msedge.net', 'ns': 'ns1.t-msedge.net', 'mailbox': 'msnhst.microsoft.com', 'serial': 2017103101, 'refresh': 1800, 'retry': 900, 'expire': 2419200, 'minttl': 60}, {'name': 't-msedge.net', 'ns': 'ns1.t-msedge.net', 'mailbox': 'msnhst.microsoft.com', 'serial': 2017103101, 'refresh': 1800, 'retry': 900, 'expire': 2419200, 'minttl': 60}, {'name': 't-msedge.net', 'ns': 'ns1.t-msedge.net', 'mailbox': 'msnhst.microsoft.com', 'serial': 2017103101, 'refresh': 1800, 'retry': 900, 'expire': 2419200, 'minttl': 60}",NOERROR,,,,,,
,handbook.octopus.com,1936,"188.114.98.229, 188.114.99.229",,"hosting.gitbook.com, hosting.gitbook.io","{'name': 'gitbook.io', 'ns': 'dahlia.ns.cloudflare.com', 'mailbox': 'dns.cloudflare.com', 'serial': 2335905850, 'refresh': 10000, 'retry': 2400, 'expire': 604800, 'minttl': 1800}, {'name': 'gitbook.io', 'ns': 'dahlia.ns.cloudflare.com', 'mailbox': 'dns.cloudflare.com', 'serial': 2335905850, 'refresh': 10000, 'retry': 2400, 'expire': 604800, 'minttl': 1800}, {'name': 'gitbook.io', 'ns': 'dahlia.ns.cloudflare.com', 'mailbox': 'dns.cloudflare.com', 'serial': 2335905850, 'refresh': 10000, 'retry': 2400, 'expire': 604800, 'minttl': 1800}",NOERROR,"pki.goog, digicert.com, letsencrypt.org",,,,,
,hatch.octopus.com,3600,20.211.64.12,,"octopus-hatch-production.azurewebsites.net, waws-prod-sy3-089.sip.azurewebsites.windows.net, waws-prod-sy3-089-d993.australiaeast.cloudapp.azure.com","{'name': 'australiaeast.cloudapp.azure.com', 'ns': 'ns1-06.azure-dns.com', 'mailbox': 'msnhst.microsoft.com', 'serial': 10001, 'refresh': 900, 'retry': 300, 'expire': 604800, 'minttl': 60}, {'name': 'australiaeast.cloudapp.azure.com', 'ns': 'ns1-06.azure-dns.com', 'mailbox': 'msnhst.microsoft.com', 'serial': 10001, 'refresh': 900, 'retry': 300, 'expire': 604800, 'minttl': 60}, {'name': 'australiaeast.cloudapp.azure.com', 'ns': 'ns1-06.azure-dns.com', 'mailbox': 'msnhst.microsoft.com', 'serial': 10001, 'refresh': 900, 'retry': 300, 'expire': 604800, 'minttl': 60}, {'name': 'australiaeast.cloudapp.azure.com', 'ns': 'ns1-06.azure-dns.com', 'mailbox': 'msnhst.microsoft.com', 'serial': 10001, 'refresh': 900, 'retry': 300, 'expire': 604800, 'minttl': 60}",NOERROR,,,,,,
,hello.octopus.com,3600,"54.148.165.214, 52.36.216.109, 100.22.20.246",,"5e17930f-7497-4156-9e92-d2574587df36.outrch.com, app1e.outrch.com, app1e.portal.outreach.io","{'name': 'outreach.io', 'ns': 'ns-516.awsdns-00.net', 'mailbox': 'awsdns-hostmaster.amazon.com', 'serial': 1, 'refresh': 7200, 'retry': 900, 'expire': 1209600, 'minttl': 86400}, {'name': 'outreach.io', 'ns': 'ns-516.awsdns-00.net', 'mailbox': 'awsdns-hostmaster.amazon.com', 'serial': 1, 'refresh': 7200, 'retry': 900, 'expire': 1209600, 'minttl': 86400}, {'name': 'outreach.io', 'ns': 'ns-516.awsdns-00.net', 'mailbox': 'awsdns-hostmaster.amazon.com', 'serial': 1, 'refresh': 7200, 'retry': 900, 'expire': 1209600, 'minttl': 86400}, {'name': 'outreach.io', 'ns': 'ns-516.awsdns-00.net', 'mailbox': 'awsdns-hostmaster.amazon.com', 'serial': 1, 'refresh': 7200, 'retry': 900, 'expire': 1209600, 'minttl': 86400}",NOERROR,letsencrypt.org,,,,,
,help-dev.octopus.com,2588,,,alb-discourse-dev-299307204.us-west-2.elb.amazonaws.com,"{'name': 'us-west-2.elb.amazonaws.com', 'ns': 'ns-332.awsdns-41.com', 'mailbox': 'awsdns-hostmaster.amazon.com', 'serial': 1, 'refresh': 7200, 'retry': 900, 'expire': 1209600, 'minttl': 60}, {'name': 'us-west-2.elb.amazonaws.com', 'ns': 'ns-332.awsdns-41.com', 'mailbox': 'awsdns-hostmaster.amazon.com', 'serial': 1, 'refresh': 7200, 'retry': 900, 'expire': 1209600, 'minttl': 60}, {'name': 'us-west-2.elb.amazonaws.com', 'ns': 'ns-332.awsdns-41.com', 'mailbox': 'awsdns-hostmaster.amazon.com', 'serial': 1, 'refresh': 7200, 'retry': 900, 'expire': 1209600, 'minttl': 60}, {'name': 'us-west-2.elb.amazonaws.com', 'ns': 'ns-332.awsdns-41.com', 'mailbox': 'awsdns-hostmaster.amazon.com', 'serial': 1, 'refresh': 7200, 'retry': 900, 'expire': 1209600, 'minttl': 60}, {'name': 'us-west-2.elb.amazonaws.com', 'ns': 'ns-332.awsdns-41.com', 'mailbox': 'awsdns-hostmaster.amazon.com', 'serial': 1, 'refresh': 7200, 'retry': 900, 'expire': 1209600, 'minttl': 60}",NOERROR,,,,,,
,help-preprod.octopus.com,2505,,,alb-discourse-preprod-57379396.us-west-2.elb.amazonaws.com,"{'name': 'us-west-2.elb.amazonaws.com', 'ns': 'ns-332.awsdns-41.com', 'mailbox': 'awsdns-hostmaster.amazon.com', 'serial': 1, 'refresh': 7200, 'retry': 900, 'expire': 1209600, 'minttl': 60}, {'name': 'us-west-2.elb.amazonaws.com', 'ns': 'ns-332.awsdns-41.com', 'mailbox': 'awsdns-hostmaster.amazon.com', 'serial': 1, 'refresh': 7200, 'retry': 900, 'expire': 1209600, 'minttl': 60}, {'name': 'us-west-2.elb.amazonaws.com', 'ns': 'ns-332.awsdns-41.com', 'mailbox': 'awsdns-hostmaster.amazon.com', 'serial': 1, 'refresh': 7200, 'retry': 900, 'expire': 1209600, 'minttl': 60}, {'name': 'us-west-2.elb.amazonaws.com', 'ns': 'ns-332.awsdns-41.com', 'mailbox': 'awsdns-hostmaster.amazon.com', 'serial': 1, 'refresh': 7200, 'retry': 900, 'expire': 1209600, 'minttl': 60}, {'name': 'us-west-2.elb.amazonaws.com', 'ns': 'ns-332.awsdns-41.com', 'mailbox': 'awsdns-hostmaster.amazon.com', 'serial': 1, 'refresh': 7200, 'retry': 900, 'expire': 1209600, 'minttl': 60}, {'name': 'us-west-2.elb.amazonaws.com', 'ns': 'ns-332.awsdns-41.com', 'mailbox': 'awsdns-hostmaster.amazon.com', 'serial': 1, 'refresh': 7200, 'retry': 900, 'expire': 1209600, 'minttl': 60}",NOERROR,,,,,,
,help.octopus.com,3141,,,alb-discourse-prod-838691552.us-west-2.elb.amazonaws.com,"{'name': 'us-west-2.elb.amazonaws.com', 'ns': 'ns-332.awsdns-41.com', 'mailbox': 'awsdns-hostmaster.amazon.com', 'serial': 1, 'refresh': 7200, 'retry': 900, 'expire': 1209600, 'minttl': 60}, {'name': 'us-west-2.elb.amazonaws.com', 'ns': 'ns-332.awsdns-41.com', 'mailbox': 'awsdns-hostmaster.amazon.com', 'serial': 1, 'refresh': 7200, 'retry': 900, 'expire': 1209600, 'minttl': 60}, {'name': 'us-west-2.elb.amazonaws.com', 'ns': 'ns-332.awsdns-41.com', 'mailbox': 'awsdns-hostmaster.amazon.com', 'serial': 1, 'refresh': 7200, 'retry': 900, 'expire': 1209600, 'minttl': 60}, {'name': 'us-west-2.elb.amazonaws.com', 'ns': 'ns-332.awsdns-41.com', 'mailbox': 'awsdns-hostmaster.amazon.com', 'serial': 1, 'refresh': 7200, 'retry': 900, 'expire': 1209600, 'minttl': 60}, {'name': 'us-west-2.elb.amazonaws.com', 'ns': 'ns-332.awsdns-41.com', 'mailbox': 'awsdns-hostmaster.amazon.com', 'serial': 1, 'refresh': 7200, 'retry': 900, 'expire': 1209600, 'minttl': 60}",NOERROR,,,,,,
,i.octopus.com,3600,"13.32.27.61, 13.32.27.128, 13.32.27.27, 13.32.27.58","2600:9000:20ab:2000:19:882b:f440:93a1, 2600:9000:20ab:3c00:19:882b:f440:93a1, 2600:9000:20ab:6800:19:882b:f440:93a1, 2600:9000:20ab:1c00:19:882b:f440:93a1, 2600:9000:20ab:3e00:19:882b:f440:93a1, 2600:9000:20ab:d600:19:882b:f440:93a1, 2600:9000:20ab:800:19:882b:f440:93a1, 2600:9000:20ab:bc00:19:882b:f440:93a1",d140kd8wswor81.cloudfront.net,"{'name': 'd140kd8wswor81.cloudfront.net', 'ns': 'ns-1821.awsdns-35.co.uk', 'mailbox': 'awsdns-hostmaster.amazon.com', 'serial': 1, 'refresh': 7200, 'retry': 900, 'expire': 1209600, 'minttl': 86400}, {'name': 'd140kd8wswor81.cloudfront.net', 'ns': 'ns-1821.awsdns-35.co.uk', 'mailbox': 'awsdns-hostmaster.amazon.com', 'serial': 1, 'refresh': 7200, 'retry': 900, 'expire': 1209600, 'minttl': 86400}, {'name': 'd140kd8wswor81.cloudfront.net', 'ns': 'ns-1821.awsdns-35.co.uk', 'mailbox': 'awsdns-hostmaster.amazon.com', 'serial': 1, 'refresh': 7200, 'retry': 900, 'expire': 1209600, 'minttl': 86400}",NOERROR,,"ns-1430.awsdns-50.org, ns-1821.awsdns-35.co.uk, ns-38.awsdns-04.com, ns-906.awsdns-49.net",True,cloudfront,,
,jenkinspipelinegenerator.octopus.com,2557,"54.241.255.184, 52.52.16.99",,d-kt489q7095.execute-api.us-west-1.amazonaws.com,"{'name': 'execute-api.us-west-1.amazonaws.com', 'ns': 'ns-49.awsdns-06.com', 'mailbox': 'awsdns-hostmaster.amazon.com', 'serial': 1, 'refresh': 7200, 'retry': 900, 'expire': 1209600, 'minttl': 86400}, {'name': 'execute-api.us-west-1.amazonaws.com', 'ns': 'ns-49.awsdns-06.com', 'mailbox': 'awsdns-hostmaster.amazon.com', 'serial': 1, 'refresh': 7200, 'retry': 900, 'expire': 1209600, 'minttl': 86400}, {'name': 'execute-api.us-west-1.amazonaws.com', 'ns': 'ns-49.awsdns-06.com', 'mailbox': 'awsdns-hostmaster.amazon.com', 'serial': 1, 'refresh': 7200, 'retry': 900, 'expire': 1209600, 'minttl': 86400}, {'name': 'execute-api.us-west-1.amazonaws.com', 'ns': 'ns-49.awsdns-06.com', 'mailbox': 'awsdns-hostmaster.amazon.com', 'serial': 1, 'refresh': 7200, 'retry': 900, 'expire': 1209600, 'minttl': 86400}",NOERROR,,,,,,
,jiraconnectapp.octopus.com,1950,52.187.229.23,,"octopus-jiraconnectapp-prod.azurewebsites.net, waws-prod-sy3-029.sip.azurewebsites.windows.net, waws-prod-sy3-029.australiaeast.cloudapp.azure.com","{'name': 'australiaeast.cloudapp.azure.com', 'ns': 'ns1-06.azure-dns.com', 'mailbox': 'msnhst.microsoft.com', 'serial': 10001, 'refresh': 900, 'retry': 300, 'expire': 604800, 'minttl': 60}, {'name': 'australiaeast.cloudapp.azure.com', 'ns': 'ns1-06.azure-dns.com', 'mailbox': 'msnhst.microsoft.com', 'serial': 10001, 'refresh': 900, 'retry': 300, 'expire': 604800, 'minttl': 60}, {'name': 'australiaeast.cloudapp.azure.com', 'ns': 'ns1-06.azure-dns.com', 'mailbox': 'msnhst.microsoft.com', 'serial': 10001, 'refresh': 900, 'retry': 300, 'expire': 604800, 'minttl': 60}",NOERROR,,,,,,
,legacydocs.octopus.com,2521,"13.107.213.67, 13.107.246.67","2620:1ec:bdf::45, 2620:1ec:46::45","legacydocs-octopus-com-g8c4dqe9ayfkdcec.z01.azurefd.net, star-azurefd-prod.trafficmanager.net, shed.dual-low.part-0039.t-0009.t-msedge.net, part-0039.t-0009.t-msedge.net, shed.dual-low.part-0017.t-0009.t-msedge.net, part-0017.t-0009.t-msedge.net, shed.dual-low.part-0012.t-0009.t-msedge.net, part-0012.t-0009.t-msedge.net","{'name': 't-msedge.net', 'ns': 'ns1.t-msedge.net', 'mailbox': 'msnhst.microsoft.com', 'serial': 2017103101, 'refresh': 1800, 'retry': 900, 'expire': 2419200, 'minttl': 60}, {'name': 't-msedge.net', 'ns': 'ns1.t-msedge.net', 'mailbox': 'msnhst.microsoft.com', 'serial': 2017103101, 'refresh': 1800, 'retry': 900, 'expire': 2419200, 'minttl': 60}, {'name': 't-msedge.net', 'ns': 'ns1.t-msedge.net', 'mailbox': 'msnhst.microsoft.com', 'serial': 2017103101, 'refresh': 1800, 'retry': 900, 'expire': 2419200, 'minttl': 60}, {'name': 't-msedge.net', 'ns': 'ns1.t-msedge.net', 'mailbox': 'msnhst.microsoft.com', 'serial': 2017103101, 'refresh': 1800, 'retry': 900, 'expire': 2419200, 'minttl': 60}",NOERROR,,,,,,
,library.octopus.com,2520,40.112.143.214,,"library-prod-webapp.azurewebsites.net, waws-prod-bay-041.vip.azurewebsites.windows.net, waws-prod-bay-041.westus.cloudapp.azure.com","{'name': 'westus.cloudapp.azure.com', 'ns': 'ns1-02.azure-dns.com', 'mailbox': 'msnhst.microsoft.com', 'serial': 10001, 'refresh': 900, 'retry': 300, 'expire': 604800, 'minttl': 60}, {'name': 'westus.cloudapp.azure.com', 'ns': 'ns1-02.azure-dns.com', 'mailbox': 'msnhst.microsoft.com', 'serial': 10001, 'refresh': 900, 'retry': 300, 'expire': 604800, 'minttl': 60}, {'name': 'westus.cloudapp.azure.com', 'ns': 'ns1-02.azure-dns.com', 'mailbox': 'msnhst.microsoft.com', 'serial': 10001, 'refresh': 900, 'retry': 300, 'expire': 604800, 'minttl': 60}, {'name': 'westus.cloudapp.azure.com', 'ns': 'ns1-02.azure-dns.com', 'mailbox': 'msnhst.microsoft.com', 'serial': 10001, 'refresh': 900, 'retry': 300, 'expire': 604800, 'minttl': 60}, {'name': 'westus.cloudapp.azure.com', 'ns': 'ns1-02.azure-dns.com', 'mailbox': 'msnhst.microsoft.com', 'serial': 10001, 'refresh': 900, 'retry': 300, 'expire': 604800, 'minttl': 60}, {'name': 'westus.cloudapp.azure.com', 'ns': 'ns1-02.azure-dns.com', 'mailbox': 'msnhst.microsoft.com', 'serial': 10001, 'refresh': 900, 'retry': 300, 'expire': 604800, 'minttl': 60}",NOERROR,,,,,,
,link.octopus.com,3600,"104.17.73.206, 104.17.72.206, 104.17.74.206, 104.17.71.206, 104.17.70.206",,mkto-nld1040056.com,"{'name': 'mkto-nld1040056.com', 'ns': 'ns1.marketo.com', 'mailbox': 'ops.localhost', 'serial': 2018032600, 'refresh': 28800, 'retry': 7200, 'expire': 604800, 'minttl': 10800}, {'name': 'mkto-nld1040056.com', 'ns': 'ns1.marketo.com', 'mailbox': 'ops.localhost', 'serial': 2018032600, 'refresh': 28800, 'retry': 7200, 'expire': 604800, 'minttl': 10800}, {'name': 'mkto-nld1040056.com', 'ns': 'ns1.marketo.com', 'mailbox': 'ops.localhost', 'serial': 2018032600, 'refresh': 28800, 'retry': 7200, 'expire': 604800, 'minttl': 10800}",NOERROR,,,,,,
,octopus-marketo-test.octopus.com,3600,13.70.123.149,,"octopus-marketo-test.azurewebsites.net, waws-prod-sy3-027.sip.azurewebsites.windows.net, waws-prod-sy3-027.australiaeast.cloudapp.azure.com","{'name': 'australiaeast.cloudapp.azure.com', 'ns': 'ns1-06.azure-dns.com', 'mailbox': 'msnhst.microsoft.com', 'serial': 10001, 'refresh': 900, 'retry': 300, 'expire': 604800, 'minttl': 60}, {'name': 'australiaeast.cloudapp.azure.com', 'ns': 'ns1-06.azure-dns.com', 'mailbox': 'msnhst.microsoft.com', 'serial': 10001, 'refresh': 900, 'retry': 300, 'expire': 604800, 'minttl': 60}, {'name': 'australiaeast.cloudapp.azure.com', 'ns': 'ns1-06.azure-dns.com', 'mailbox': 'msnhst.microsoft.com', 'serial': 10001, 'refresh': 900, 'retry': 300, 'expire': 604800, 'minttl': 60}, {'name': 'australiaeast.cloudapp.azure.com', 'ns': 'ns1-06.azure-dns.com', 'mailbox': 'msnhst.microsoft.com', 'serial': 10001, 'refresh': 900, 'retry': 300, 'expire': 604800, 'minttl': 60}, {'name': 'australiaeast.cloudapp.azure.com', 'ns': 'ns1-06.azure-dns.com', 'mailbox': 'msnhst.microsoft.com', 'serial': 10001, 'refresh': 900, 'retry': 300, 'expire': 604800, 'minttl': 60}, {'name': 'australiaeast.cloudapp.azure.com', 'ns': 'ns1-06.azure-dns.com', 'mailbox': 'msnhst.microsoft.com', 'serial': 10001, 'refresh': 900, 'retry': 300, 'expire': 604800, 'minttl': 60}",NOERROR,,,,,,
,octopusworkflowbuilder.octopus.com,3600,"52.52.194.134, 52.9.110.138",,d-umolkmcn56.execute-api.us-west-1.amazonaws.com,"{'name': 'execute-api.us-west-1.amazonaws.com', 'ns': 'ns-49.awsdns-06.com', 'mailbox': 'awsdns-hostmaster.amazon.com', 'serial': 1, 'refresh': 7200, 'retry': 900, 'expire': 1209600, 'minttl': 86400}, {'name': 'execute-api.us-west-1.amazonaws.com', 'ns': 'ns-49.awsdns-06.com', 'mailbox': 'awsdns-hostmaster.amazon.com', 'serial': 1, 'refresh': 7200, 'retry': 900, 'expire': 1209600, 'minttl': 86400}, {'name': 'execute-api.us-west-1.amazonaws.com', 'ns': 'ns-49.awsdns-06.com', 'mailbox': 'awsdns-hostmaster.amazon.com', 'serial': 1, 'refresh': 7200, 'retry': 900, 'expire': 1209600, 'minttl': 86400}, {'name': 'execute-api.us-west-1.amazonaws.com', 'ns': 'ns-49.awsdns-06.com', 'mailbox': 'awsdns-hostmaster.amazon.com', 'serial': 1, 'refresh': 7200, 'retry': 900, 'expire': 1209600, 'minttl': 86400}",NOERROR,,,,,,
,partners.octopus.com,3035,,,cd3.allbound.eu,"{'name': 'allbound.eu', 'ns': 'ns-2023.awsdns-60.co.uk', 'mailbox': 'awsdns-hostmaster.amazon.com', 'serial': 1, 'refresh': 7200, 'retry': 900, 'expire': 1209600, 'minttl': 86400}, {'name': 'allbound.eu', 'ns': 'ns-2023.awsdns-60.co.uk', 'mailbox': 'awsdns-hostmaster.amazon.com', 'serial': 1, 'refresh': 7200, 'retry': 900, 'expire': 1209600, 'minttl': 86400}",NOERROR,"amazon.com, amazonaws.com, amazontrust.com, awstrust.com",,,,,
,pawel.octopus.com,3600,52.250.93.139,,,"{'name': 'octopus.com', 'ns': 'ns1.dnsimple.com', 'mailbox': 'admin.dnsimple.com', 'serial': 1442916132, 'refresh': 86400, 'retry': 7200, 'expire': 604800, 'minttl': 300}, {'name': 'octopus.com', 'ns': 'ns1.dnsimple.com', 'mailbox': 'admin.dnsimple.com', 'serial': 1442916132, 'refresh': 86400, 'retry': 7200, 'expire': 604800, 'minttl': 300}, {'name': 'octopus.com', 'ns': 'ns1.dnsimple.com', 'mailbox': 'admin.dnsimple.com', 'serial': 1442916132, 'refresh': 86400, 'retry': 7200, 'expire': 604800, 'minttl': 300}, {'name': 'octopus.com', 'ns': 'ns1.dnsimple.com', 'mailbox': 'admin.dnsimple.com', 'serial': 1442916132, 'refresh': 86400, 'retry': 7200, 'expire': 604800, 'minttl': 300}, {'name': 'octopus.com', 'ns': 'ns1.dnsimple.com', 'mailbox': 'admin.dnsimple.com', 'serial': 1442916132, 'refresh': 86400, 'retry': 7200, 'expire': 604800, 'minttl': 300}, {'name': 'octopus.com', 'ns': 'ns1.dnsimple.com', 'mailbox': 'admin.dnsimple.com', 'serial': 1442916132, 'refresh': 86400, 'retry': 7200, 'expire': 604800, 'minttl': 300}, {'name': 'octopus.com', 'ns': 'ns1.dnsimple.com', 'mailbox': 'admin.dnsimple.com', 'serial': 1442916132, 'refresh': 86400, 'retry': 7200, 'expire': 604800, 'minttl': 300}",NOERROR,,,,,,
,pm-bounces.octopus.com,3600,"3.142.105.20, 18.218.59.54, 3.132.237.196",,pm.mtasv.net,"{'name': 'mtasv.net', 'ns': 'ns-1077.awsdns-06.org', 'mailbox': 'awsdns-hostmaster.amazon.com', 'serial': 1, 'refresh': 7200, 'retry': 900, 'expire': 1209600, 'minttl': 86400}, {'name': 'mtasv.net', 'ns': 'ns-1077.awsdns-06.org', 'mailbox': 'awsdns-hostmaster.amazon.com', 'serial': 1, 'refresh': 7200, 'retry': 900, 'expire': 1209600, 'minttl': 86400}, {'name': 'mtasv.net', 'ns': 'ns-1077.awsdns-06.org', 'mailbox': 'awsdns-hostmaster.amazon.com', 'serial': 1, 'refresh': 7200, 'retry': 900, 'expire': 1209600, 'minttl': 86400}",NOERROR,,,,,"mailru-verification: 7e478ddcd067e847, v=spf1 include:spf.mtasv.net -all, google-site-verification=2ltbW8iunE_pv1YaZoVYbntlT_hNyiAaBkhcO9fgZ8s, google-site-verification=pViDNqSauXskObXnIyWwa2KxIP-CAA9GWpasGALiYek","p-pm-bounce-smtp01c-aws-useast2c.mtasv.net, p-pm-bounce-smtp01a-aws-useast2a.mtasv.net"
,preprod-githubapp.octopus.com,3600,"13.107.213.67, 13.107.246.67",,"ghwa-pre-afd-bkb3fgaacbgxcxb8.a01.azurefd.net, shed.dual-low.part-0039.t-0009.t-msedge.net, part-0039.t-0009.t-msedge.net, shed.dual-low.part-0025.t-0009.t-msedge.net, part-0025.t-0009.t-msedge.net, shed.dual-low.part-0032.t-0009.t-msedge.net, part-0032.t-0009.t-msedge.net","{'name': 't-msedge.net', 'ns': 'ns1.t-msedge.net', 'mailbox': 'msnhst.microsoft.com', 'serial': 2017103101, 'refresh': 1800, 'retry': 900, 'expire': 2419200, 'minttl': 60}, {'name': 't-msedge.net', 'ns': 'ns1.t-msedge.net', 'mailbox': 'msnhst.microsoft.com', 'serial': 2017103101, 'refresh': 1800, 'retry': 900, 'expire': 2419200, 'minttl': 60}, {'name': 't-msedge.net', 'ns': 'ns1.t-msedge.net', 'mailbox': 'msnhst.microsoft.com', 'serial': 2017103101, 'refresh': 1800, 'retry': 900, 'expire': 2419200, 'minttl': 60}, {'name': 't-msedge.net', 'ns': 'ns1.t-msedge.net', 'mailbox': 'msnhst.microsoft.com', 'serial': 2017103101, 'refresh': 1800, 'retry': 900, 'expire': 2419200, 'minttl': 60}",NOERROR,,,,,,
,preprod.octopus.com,300,,,,"{'name': 'preprod.octopus.com', 'ns': 'ns1-08.azure-dns.com', 'mailbox': 'azuredns-hostmaster.microsoft.com', 'serial': 1, 'refresh': 3600, 'retry': 300, 'expire': 2419200, 'minttl': 300}, {'name': 'preprod.octopus.com', 'ns': 'ns1-08.azure-dns.com', 'mailbox': 'azuredns-hostmaster.microsoft.com', 'serial': 1, 'refresh': 3600, 'retry': 300, 'expire': 2419200, 'minttl': 300}, {'name': 'preprod.octopus.com', 'ns': 'ns1-08.azure-dns.com', 'mailbox': 'azuredns-hostmaster.microsoft.com', 'serial': 1, 'refresh': 3600, 'retry': 300, 'expire': 2419200, 'minttl': 300}, {'name': 'preprod.octopus.com', 'ns': 'ns1-08.azure-dns.com', 'mailbox': 'azuredns-hostmaster.microsoft.com', 'serial': 1, 'refresh': 3600, 'retry': 300, 'expire': 2419200, 'minttl': 300}",NOERROR,,,,,,
,prerelease.apt.octopus.com,3600,"18.245.86.3, 18.245.86.87, 18.245.86.67, 18.245.86.23, 205.251.193.101, 205.251.195.140, 205.251.197.226, 205.251.198.172",,dd6mtzb8cru7r.cloudfront.net,"{'name': 'dd6mtzb8cru7r.cloudfront.net', 'ns': 'ns-357.awsdns-44.com', 'mailbox': 'awsdns-hostmaster.amazon.com', 'serial': 1, 'refresh': 7200, 'retry': 900, 'expire': 1209600, 'minttl': 86400}, {'name': 'dd6mtzb8cru7r.cloudfront.net', 'ns': 'ns-357.awsdns-44.com', 'mailbox': 'awsdns-hostmaster.amazon.com', 'serial': 1, 'refresh': 7200, 'retry': 900, 'expire': 1209600, 'minttl': 86400}, {'name': 'dd6mtzb8cru7r.cloudfront.net', 'ns': 'ns-357.awsdns-44.com', 'mailbox': 'awsdns-hostmaster.amazon.com', 'serial': 1, 'refresh': 7200, 'retry': 900, 'expire': 1209600, 'minttl': 86400}, {'name': 'dd6mtzb8cru7r.cloudfront.net', 'ns': 'ns-357.awsdns-44.com', 'mailbox': 'awsdns-hostmaster.amazon.com', 'serial': 1, 'refresh': 7200, 'retry': 900, 'expire': 1209600, 'minttl': 86400}",NOERROR,,"ns-1708.awsdns-21.co.uk, ns-908.awsdns-49.net, ns-357.awsdns-44.com, ns-1506.awsdns-60.org",True,cloudfront,,
,prerelease.rpm.octopus.com,2219,"18.165.140.94, 18.165.140.51, 18.165.140.16, 18.165.140.93",,d18rt8iw5ud2t3.cloudfront.net,"{'name': 'd18rt8iw5ud2t3.cloudfront.net', 'ns': 'ns-1100.awsdns-09.org', 'mailbox': 'awsdns-hostmaster.amazon.com', 'serial': 1, 'refresh': 7200, 'retry': 900, 'expire': 1209600, 'minttl': 86400}, {'name': 'd18rt8iw5ud2t3.cloudfront.net', 'ns': 'ns-1100.awsdns-09.org', 'mailbox': 'awsdns-hostmaster.amazon.com', 'serial': 1, 'refresh': 7200, 'retry': 900, 'expire': 1209600, 'minttl': 86400}, {'name': 'd18rt8iw5ud2t3.cloudfront.net', 'ns': 'ns-1100.awsdns-09.org', 'mailbox': 'awsdns-hostmaster.amazon.com', 'serial': 1, 'refresh': 7200, 'retry': 900, 'expire': 1209600, 'minttl': 86400}",NOERROR,,"ns-1100.awsdns-09.org, ns-1985.awsdns-56.co.uk, ns-239.awsdns-29.com, ns-691.awsdns-22.net",True,cloudfront,,
,roadmap.octopus.com,3600,"13.33.187.96, 13.33.187.27, 13.33.187.128, 13.33.187.12","2600:9000:235a:5c00:5:57b6:2400:93a1, 2600:9000:235a:7a00:5:57b6:2400:93a1, 2600:9000:235a:8200:5:57b6:2400:93a1, 2600:9000:235a:ae00:5:57b6:2400:93a1, 2600:9000:235a:c600:5:57b6:2400:93a1, 2600:9000:235a:3600:5:57b6:2400:93a1, 2600:9000:235a:4400:5:57b6:2400:93a1, 2600:9000:235a:5200:5:57b6:2400:93a1",dmzzonxgy0k9c.cloudfront.net,"{'name': 'dmzzonxgy0k9c.cloudfront.net', 'ns': 'ns-1865.awsdns-41.co.uk', 'mailbox': 'awsdns-hostmaster.amazon.com', 'serial': 1, 'refresh': 7200, 'retry': 900, 'expire': 1209600, 'minttl': 86400}, {'name': 'dmzzonxgy0k9c.cloudfront.net', 'ns': 'ns-1865.awsdns-41.co.uk', 'mailbox': 'awsdns-hostmaster.amazon.com', 'serial': 1, 'refresh': 7200, 'retry': 900, 'expire': 1209600, 'minttl': 86400}, {'name': 'dmzzonxgy0k9c.cloudfront.net', 'ns': 'ns-1865.awsdns-41.co.uk', 'mailbox': 'awsdns-hostmaster.amazon.com', 'serial': 1, 'refresh': 7200, 'retry': 900, 'expire': 1209600, 'minttl': 86400}",NOERROR,,"ns-1865.awsdns-41.co.uk, ns-338.awsdns-42.com, ns-876.awsdns-45.net, ns-1204.awsdns-22.org",True,cloudfront,,
,rpm.octopus.com,2921,,,d2d2gscs0p0wof.cloudfront.net,"{'name': 'd2d2gscs0p0wof.cloudfront.net', 'ns': 'ns-632.awsdns-15.net', 'mailbox': 'awsdns-hostmaster.amazon.com', 'serial': 1, 'refresh': 7200, 'retry': 900, 'expire': 1209600, 'minttl': 86400}, {'name': 'd2d2gscs0p0wof.cloudfront.net', 'ns': 'ns-632.awsdns-15.net', 'mailbox': 'awsdns-hostmaster.amazon.com', 'serial': 1, 'refresh': 7200, 'retry': 900, 'expire': 1209600, 'minttl': 86400}, {'name': 'd2d2gscs0p0wof.cloudfront.net', 'ns': 'ns-632.awsdns-15.net', 'mailbox': 'awsdns-hostmaster.amazon.com', 'serial': 1, 'refresh': 7200, 'retry': 900, 'expire': 1209600, 'minttl': 86400}, {'name': 'd2d2gscs0p0wof.cloudfront.net', 'ns': 'ns-632.awsdns-15.net', 'mailbox': 'awsdns-hostmaster.amazon.com', 'serial': 1, 'refresh': 7200, 'retry': 900, 'expire': 1209600, 'minttl': 86400}",NOERROR,,,True,cloudfront,,
,s.octopus.com,649,54.241.242.82,,,"{'name': 'octopus.com', 'ns': 'ns1.dnsimple.com', 'mailbox': 'admin.dnsimple.com', 'serial': 1442916132, 'refresh': 86400, 'retry': 7200, 'expire': 604800, 'minttl': 300}, {'name': 'octopus.com', 'ns': 'ns1.dnsimple.com', 'mailbox': 'admin.dnsimple.com', 'serial': 1442916132, 'refresh': 86400, 'retry': 7200, 'expire': 604800, 'minttl': 300}, {'name': 'octopus.com', 'ns': 'ns1.dnsimple.com', 'mailbox': 'admin.dnsimple.com', 'serial': 1442916132, 'refresh': 86400, 'retry': 7200, 'expire': 604800, 'minttl': 300}, {'name': 'octopus.com', 'ns': 'ns1.dnsimple.com', 'mailbox': 'admin.dnsimple.com', 'serial': 1442916132, 'refresh': 86400, 'retry': 7200, 'expire': 604800, 'minttl': 300}, {'name': 'octopus.com', 'ns': 'ns1.dnsimple.com', 'mailbox': 'admin.dnsimple.com', 'serial': 1442916132, 'refresh': 86400, 'retry': 7200, 'expire': 604800, 'minttl': 300}",NOERROR,,,,,,
,shop.octopus.com,3600,23.227.38.74,2620:127:f00f:e::,shops.myshopify.com,"{'name': 'myshopify.com', 'ns': 'ns1.dnsimple.com', 'mailbox': 'admin.dnsimple.com', 'serial': 1477078203, 'refresh': 86400, 'retry': 7200, 'expire': 604800, 'minttl': 300}, {'name': 'myshopify.com', 'ns': 'dns1.p06.nsone.net', 'mailbox': 'hostmaster.nsone.net', 'serial': 1655907027, 'refresh': 43200, 'retry': 7200, 'expire': 1209600, 'minttl': 300}, {'name': 'myshopify.com', 'ns': 'dns1.p06.nsone.net', 'mailbox': 'hostmaster.nsone.net', 'serial': 1655907027, 'refresh': 43200, 'retry': 7200, 'expire': 1209600, 'minttl': 300}",NOERROR,"globalsign.com, letsencrypt.org, digicert.com",,,,,
,spfa.octopus.com,72,,,,"{'name': 'octopus.com', 'ns': 'ns1.dnsimple.com', 'mailbox': 'admin.dnsimple.com', 'serial': 1442916132, 'refresh': 86400, 'retry': 7200, 'expire': 604800, 'minttl': 300}, {'name': 'octopus.com', 'ns': 'ns1.dnsimple.com', 'mailbox': 'admin.dnsimple.com', 'serial': 1442916132, 'refresh': 86400, 'retry': 7200, 'expire': 604800, 'minttl': 300}, {'name': 'octopus.com', 'ns': 'ns1.dnsimple.com', 'mailbox': 'admin.dnsimple.com', 'serial': 1442916132, 'refresh': 86400, 'retry': 7200, 'expire': 604800, 'minttl': 300}, {'name': 'octopus.com', 'ns': 'ns1.dnsimple.com', 'mailbox': 'admin.dnsimple.com', 'serial': 1442916132, 'refresh': 86400, 'retry': 7200, 'expire': 604800, 'minttl': 300}, {'name': 'octopus.com', 'ns': 'ns1.dnsimple.com', 'mailbox': 'admin.dnsimple.com', 'serial': 1442916132, 'refresh': 86400, 'retry': 7200, 'expire': 604800, 'minttl': 300}, {'name': 'octopus.com', 'ns': 'ns1.dnsimple.com', 'mailbox': 'admin.dnsimple.com', 'serial': 1442916132, 'refresh': 86400, 'retry': 7200, 'expire': 604800, 'minttl': 300}, {'name': 'octopus.com', 'ns': 'ns1.dnsimple.com', 'mailbox': 'admin.dnsimple.com', 'serial': 1442916132, 'refresh': 86400, 'retry': 7200, 'expire': 604800, 'minttl': 300}",NOERROR,,,,,v=spf1 ip4:167.89.0.0/17 ip4:208.117.48.0/20 ip4:50.31.32.0/19 ip4:198.37.144.0/20 ip4:198.21.0.0/21 ip4:192.254.112.0/20 ip4:168.245.0.0/17 ip4:149.72.0.0/16 ip4:50.31.156.96/27 ip4:104.245.209.192/26 include:spfb.octopus.com -all,
,status.octopus.com,3600,,,"68h22lsztll6.stspg-customer.com, status-octopus-com-ed827522-db29-45f0-be2e-5a72545202bd.saas.atlassian.com","{'name': 'saas.atlassian.com', 'ns': 'ns-1208.awsdns-23.org', 'mailbox': 'awsdns-hostmaster.amazon.com', 'serial': 1, 'refresh': 7200, 'retry': 900, 'expire': 1209600, 'minttl': 120}, {'name': 'saas.atlassian.com', 'ns': 'ns-1208.awsdns-23.org', 'mailbox': 'awsdns-hostmaster.amazon.com', 'serial': 1, 'refresh': 7200, 'retry': 900, 'expire': 1209600, 'minttl': 120}, {'name': 'saas.atlassian.com', 'ns': 'ns-1208.awsdns-23.org', 'mailbox': 'awsdns-hostmaster.amazon.com', 'serial': 1, 'refresh': 7200, 'retry': 900, 'expire': 1209600, 'minttl': 120}, {'name': 'saas.atlassian.com', 'ns': 'ns-1208.awsdns-23.org', 'mailbox': 'awsdns-hostmaster.amazon.com', 'serial': 1, 'refresh': 7200, 'retry': 900, 'expire': 1209600, 'minttl': 120}, {'name': 'saas.atlassian.com', 'ns': 'ns-1208.awsdns-23.org', 'mailbox': 'awsdns-hostmaster.amazon.com', 'serial': 1, 'refresh': 7200, 'retry': 900, 'expire': 1209600, 'minttl': 120}",NOERROR,,,True,cloudfront,,
,steps-feed.octopus.com,3600,52.237.246.162,,"step-packages-feed-prod.azurewebsites.net, waws-prod-sy3-017.sip.azurewebsites.windows.net, waws-prod-sy3-017.australiaeast.cloudapp.azure.com","{'name': 'australiaeast.cloudapp.azure.com', 'ns': 'ns1-06.azure-dns.com', 'mailbox': 'msnhst.microsoft.com', 'serial': 10001, 'refresh': 900, 'retry': 300, 'expire': 604800, 'minttl': 60}, {'name': 'australiaeast.cloudapp.azure.com', 'ns': 'ns1-06.azure-dns.com', 'mailbox': 'msnhst.microsoft.com', 'serial': 10001, 'refresh': 900, 'retry': 300, 'expire': 604800, 'minttl': 60}, {'name': 'australiaeast.cloudapp.azure.com', 'ns': 'ns1-06.azure-dns.com', 'mailbox': 'msnhst.microsoft.com', 'serial': 10001, 'refresh': 900, 'retry': 300, 'expire': 604800, 'minttl': 60}, {'name': 'australiaeast.cloudapp.azure.com', 'ns': 'ns1-06.azure-dns.com', 'mailbox': 'msnhst.microsoft.com', 'serial': 10001, 'refresh': 900, 'retry': 300, 'expire': 604800, 'minttl': 60}, {'name': 'australiaeast.cloudapp.azure.com', 'ns': 'ns1-06.azure-dns.com', 'mailbox': 'msnhst.microsoft.com', 'serial': 10001, 'refresh': 900, 'retry': 300, 'expire': 604800, 'minttl': 60}, {'name': 'australiaeast.cloudapp.azure.com', 'ns': 'ns1-06.azure-dns.com', 'mailbox': 'msnhst.microsoft.com', 'serial': 10001, 'refresh': 900, 'retry': 300, 'expire': 604800, 'minttl': 60}",NOERROR,,,,,,
,stripe.billing.a.dev.octopus.com,3600,"13.107.213.42, 13.107.246.42",,"comm-bill-dev-a-endpoint-drcqfmfceqg3c8fs.z01.azurefd.net, star-azurefd-prod.trafficmanager.net, shed.dual-low.part-0014.t-0009.t-msedge.net, part-0014.t-0009.t-msedge.net, shed.dual-low.part-0039.t-0009.t-msedge.net, part-0039.t-0009.t-msedge.net","{'name': 't-msedge.net', 'ns': 'ns1.t-msedge.net', 'mailbox': 'msnhst.microsoft.com', 'serial': 2017103101, 'refresh': 1800, 'retry': 900, 'expire': 2419200, 'minttl': 60}, {'name': 't-msedge.net', 'ns': 'ns1.t-msedge.net', 'mailbox': 'msnhst.microsoft.com', 'serial': 2017103101, 'refresh': 1800, 'retry': 900, 'expire': 2419200, 'minttl': 60}, {'name': 't-msedge.net', 'ns': 'ns1.t-msedge.net', 'mailbox': 'msnhst.microsoft.com', 'serial': 2017103101, 'refresh': 1800, 'retry': 900, 'expire': 2419200, 'minttl': 60}, {'name': 't-msedge.net', 'ns': 'ns1.t-msedge.net', 'mailbox': 'msnhst.microsoft.com', 'serial': 2017103101, 'refresh': 1800, 'retry': 900, 'expire': 2419200, 'minttl': 60}, {'name': 't-msedge.net', 'ns': 'ns1.t-msedge.net', 'mailbox': 'msnhst.microsoft.com', 'serial': 2017103101, 'refresh': 1800, 'retry': 900, 'expire': 2419200, 'minttl': 60}",NOERROR,,,,,,
,stripe.billing.b.dev.octopus.com,3230,"13.107.246.67, 13.107.213.67","2620:1ec:46::67, 2620:1ec:bdf::67","comm-bill-dev-b-endpoint-eeekecgjc3ape3bf.z01.azurefd.net, star-azurefd-prod.trafficmanager.net, shed.dual-low.part-0039.t-0009.t-msedge.net, part-0039.t-0009.t-msedge.net, shed.dual-low.part-0012.t-0009.t-msedge.net, part-0012.t-0009.t-msedge.NET, shed.dual-low.part-0035.t-0009.t-msedge.net","{'name': 't-msedge.net', 'ns': 'ns1.t-msedge.net', 'mailbox': 'msnhst.microsoft.com', 'serial': 2017103101, 'refresh': 1800, 'retry': 900, 'expire': 2419200, 'minttl': 60}, {'name': 't-msedge.net', 'ns': 'ns1.t-msedge.net', 'mailbox': 'msnhst.microsoft.com', 'serial': 2017103101, 'refresh': 1800, 'retry': 900, 'expire': 2419200, 'minttl': 60}, {'name': 't-msedge.net', 'ns': 'ns1.t-msedge.net', 'mailbox': 'msnhst.microsoft.com', 'serial': 2017103101, 'refresh': 1800, 'retry': 900, 'expire': 2419200, 'minttl': 60}, {'name': 't-msedge.NET', 'ns': 'ns1.t-msedge.NET', 'mailbox': 'msnhst.microsoft.com', 'serial': 2017103101, 'refresh': 1800, 'retry': 900, 'expire': 2419200, 'minttl': 60}, {'name': 't-msedge.net', 'ns': 'ns1.t-msedge.net', 'mailbox': 'msnhst.microsoft.com', 'serial': 2017103101, 'refresh': 1800, 'retry': 900, 'expire': 2419200, 'minttl': 60}",NOERROR,,,,,,
,stripe.billing.c.dev.octopus.com,3600,"13.107.246.64, 13.107.213.64","2620:1ec:bdf::45, 2620:1ec:46::45","comm-bill-dev-c-endpoint-edaab4f8awaucce7.z01.azurefd.net, star-azurefd-prod.trafficmanager.net, shed.dual-low.part-0036.t-0009.t-msedge.net, part-0036.t-0009.t-msedge.net, shed.dual-low.part-0017.t-0009.t-msedge.net, part-0017.t-0009.t-msedge.net, shed.dual-low.part-0039.t-0009.t-msedge.net, part-0039.t-0009.t-msedge.net","{'name': 't-msedge.net', 'ns': 'ns1.t-msedge.net', 'mailbox': 'msnhst.microsoft.com', 'serial': 2017103101, 'refresh': 1800, 'retry': 900, 'expire': 2419200, 'minttl': 60}, {'name': 't-msedge.net', 'ns': 'ns1.t-msedge.net', 'mailbox': 'msnhst.microsoft.com', 'serial': 2017103101, 'refresh': 1800, 'retry': 900, 'expire': 2419200, 'minttl': 60}, {'name': 't-msedge.net', 'ns': 'ns1.t-msedge.net', 'mailbox': 'msnhst.microsoft.com', 'serial': 2017103101, 'refresh': 1800, 'retry': 900, 'expire': 2419200, 'minttl': 60}, {'name': 't-msedge.net', 'ns': 'ns1.t-msedge.net', 'mailbox': 'msnhst.microsoft.com', 'serial': 2017103101, 'refresh': 1800, 'retry': 900, 'expire': 2419200, 'minttl': 60}",NOERROR,,,,,,
,stripe.billing.octopus.com,3584,"13.107.246.45, 13.107.213.45","2620:1ec:bdf::67, 2620:1ec:46::67","comm-bill-prod-endpoint-acd6h6dsauhmfnd6.z01.azurefd.net, star-azurefd-prod.trafficmanager.net, shed.dual-low.part-0017.t-0009.t-msedge.net, part-0017.t-0009.t-msedge.net, shed.dual-low.part-0039.t-0009.t-msedge.net, part-0039.t-0009.t-msedge.net, shed.dual-low.part-0014.t-0009.t-msedge.net, part-0014.t-0009.t-msedge.net","{'name': 't-msedge.net', 'ns': 'ns1.t-msedge.net', 'mailbox': 'msnhst.microsoft.com', 'serial': 2017103101, 'refresh': 1800, 'retry': 900, 'expire': 2419200, 'minttl': 60}, {'name': 't-msedge.net', 'ns': 'ns1.t-msedge.net', 'mailbox': 'msnhst.microsoft.com', 'serial': 2017103101, 'refresh': 1800, 'retry': 900, 'expire': 2419200, 'minttl': 60}, {'name': 't-msedge.net', 'ns': 'ns1.t-msedge.net', 'mailbox': 'msnhst.microsoft.com', 'serial': 2017103101, 'refresh': 1800, 'retry': 900, 'expire': 2419200, 'minttl': 60}, {'name': 't-msedge.net', 'ns': 'ns1.t-msedge.net', 'mailbox': 'msnhst.microsoft.com', 'serial': 2017103101, 'refresh': 1800, 'retry': 900, 'expire': 2419200, 'minttl': 60}",NOERROR,,,,,,
,stripe.billing.preprod.octopus.com,3600,,"2620:1ec:bdf::67, 2620:1ec:46::67","comm-bill-preprod-endpoint-defsgvabfza0cqad.z01.azurefd.net, star-azurefd-prod.trafficmanager.net, shed.dual-low.part-0039.t-0009.t-msedge.net, part-0039.t-0009.t-msedge.net, shed.dual-low.part-0025.t-0009.t-msedge.net, part-0025.t-0009.t-msedge.net","{'name': 't-msedge.net', 'ns': 'ns1.t-msedge.net', 'mailbox': 'msnhst.microsoft.com', 'serial': 2017103101, 'refresh': 1800, 'retry': 900, 'expire': 2419200, 'minttl': 60}, {'name': 't-msedge.net', 'ns': 'ns1.t-msedge.net', 'mailbox': 'msnhst.microsoft.com', 'serial': 2017103101, 'refresh': 1800, 'retry': 900, 'expire': 2419200, 'minttl': 60}, {'name': 't-msedge.net', 'ns': 'ns1.t-msedge.net', 'mailbox': 'msnhst.microsoft.com', 'serial': 2017103101, 'refresh': 1800, 'retry': 900, 'expire': 2419200, 'minttl': 60}, {'name': 't-msedge.net', 'ns': 'ns1.t-msedge.net', 'mailbox': 'msnhst.microsoft.com', 'serial': 2017103101, 'refresh': 1800, 'retry': 900, 'expire': 2419200, 'minttl': 60}",NOERROR,,,,,,
,telemetry.octopus.com,3600,"13.107.213.40, 13.107.246.40","2620:1ec:bdf::63, 2620:1ec:46::63","telemetry-octopus-com-g3gzcwfwfwd3bffd.z01.azurefd.net, star-azurefd-prod.trafficmanager.net, shed.dual-low.part-0012.t-0009.t-msedge.net, part-0012.t-0009.t-msedge.net, shed.dual-low.part-0035.t-0009.t-msedge.net, part-0035.t-0009.t-msedge.net, shed.dual-low.part-0025.t-0009.t-msedge.net, part-0025.t-0009.t-msedge.net, shed.dual-low.part-0017.t-0009.t-msedge.net, part-0017.t-0009.t-msedge.net, shed.dual-low.part-0039.t-0009.t-msedge.net, part-0039.t-0009.t-msedge.net","{'name': 't-msedge.net', 'ns': 'ns1.t-msedge.net', 'mailbox': 'msnhst.microsoft.com', 'serial': 2017103101, 'refresh': 1800, 'retry': 900, 'expire': 2419200, 'minttl': 60}, {'name': 't-msedge.net', 'ns': 'ns1.t-msedge.net', 'mailbox': 'msnhst.microsoft.com', 'serial': 2017103101, 'refresh': 1800, 'retry': 900, 'expire': 2419200, 'minttl': 60}, {'name': 't-msedge.net', 'ns': 'ns1.t-msedge.net', 'mailbox': 'msnhst.microsoft.com', 'serial': 2017103101, 'refresh': 1800, 'retry': 900, 'expire': 2419200, 'minttl': 60}, {'name': 't-msedge.net', 'ns': 'ns1.t-msedge.net', 'mailbox': 'msnhst.microsoft.com', 'serial': 2017103101, 'refresh': 1800, 'retry': 900, 'expire': 2419200, 'minttl': 60}",NOERROR,,,,,,
,test.ondemand.octopus.com,300,,,,"{'name': 'ondemand.octopus.com', 'ns': 'ns-513.awsdns-00.net', 'mailbox': 'awsdns-hostmaster.amazon.com', 'serial': 1, 'refresh': 7200, 'retry': 900, 'expire': 1209600, 'minttl': 86400}, {'name': 'ondemand.octopus.com', 'ns': 'ns-513.awsdns-00.net', 'mailbox': 'awsdns-hostmaster.amazon.com', 'serial': 1, 'refresh': 7200, 'retry': 900, 'expire': 1209600, 'minttl': 86400}, {'name': 'ondemand.octopus.com', 'ns': 'ns-513.awsdns-00.net', 'mailbox': 'awsdns-hostmaster.amazon.com', 'serial': 1, 'refresh': 7200, 'retry': 900, 'expire': 1209600, 'minttl': 86400}, {'name': 'ondemand.octopus.com', 'ns': 'ns-513.awsdns-00.net', 'mailbox': 'awsdns-hostmaster.amazon.com', 'serial': 1, 'refresh': 7200, 'retry': 900, 'expire': 1209600, 'minttl': 86400}, {'name': 'ondemand.octopus.com', 'ns': 'ns-513.awsdns-00.net', 'mailbox': 'awsdns-hostmaster.amazon.com', 'serial': 1, 'refresh': 7200, 'retry': 900, 'expire': 1209600, 'minttl': 86400}",NOERROR,,,,,,
,trust.octopus.com,640,"104.18.26.175, 104.18.27.175","2606:4700::6812:1aaf, 2606:4700::6812:1baf",6171e3481157254bd6671bfb.cname.vantatrust.com,"{'name': 'vantatrust.com', 'ns': 'austin.ns.cloudflare.com', 'mailbox': 'dns.cloudflare.com', 'serial': 2335006530, 'refresh': 10000, 'retry': 2400, 'expire': 604800, 'minttl': 1800}, {'name': 'vantatrust.com', 'ns': 'austin.ns.cloudflare.com', 'mailbox': 'dns.cloudflare.com', 'serial': 2335006530, 'refresh': 10000, 'retry': 2400, 'expire': 604800, 'minttl': 1800}, {'name': 'vantatrust.com', 'ns': 'austin.ns.cloudflare.com', 'mailbox': 'dns.cloudflare.com', 'serial': 2335006530, 'refresh': 10000, 'retry': 2400, 'expire': 604800, 'minttl': 1800}, {'name': 'vantatrust.com', 'ns': 'austin.ns.cloudflare.com', 'mailbox': 'dns.cloudflare.com', 'serial': 2335006530, 'refresh': 10000, 'retry': 2400, 'expire': 604800, 'minttl': 1800}, {'name': 'vantatrust.com', 'ns': 'austin.ns.cloudflare.com', 'mailbox': 'dns.cloudflare.com', 'serial': 2335006530, 'refresh': 10000, 'retry': 2400, 'expire': 604800, 'minttl': 1800}",NOERROR,,,,,,
,url534.octopus.com,2935,"167.89.115.56, 167.89.115.120, 167.89.123.54, 167.89.123.204, 167.89.123.124, 167.89.115.150",,sendgrid.net,"{'name': 'sendgrid.net', 'ns': 'ns10.dnsmadeeasy.com', 'mailbox': 'dns.dnsmadeeasy.com', 'serial': 2011263918, 'refresh': 14400, 'retry': 600, 'expire': 1728000, 'minttl': 180}",NOERROR,"amazonaws.com, godaddy.com","ns10.dnsmadeeasy.com, ns13.dnsmadeeasy.com, ns14.dnsmadeeasy.com, ns11.dnsmadeeasy.com, ns12.dnsmadeeasy.com, ns15.dnsmadeeasy.com",,,"mailru-verification: 2e3995fa8a7d00e0, google-site-verification=1UEf8ey-RibUjY6gnpqIZFjWNqMknmeyeHz1zTmj0DE, v=spf1 ip4:167.89.0.0/17 ip4:208.117.48.0/20 ip4:50.31.32.0/19 ip4:198.37.144.0/20 ip4:198.21.0.0/21 ip4:192.254.112.0/20 ip4:168.245.0.0/17 ip4:149.72.0.0/16 ip4:159.183.0.0/16 include:ab.sendgrid.net ~all, i52uk89q4nfe1mpgqv5qsmsj3j, p8bnb2lp424dkl3c4io1aemiei","mx.sendgrid.net, mx2.sendgrid.net"
,videoclick.status.octopus.com,300,,,,"{'name': 'octopus.com', 'ns': 'ns1.dnsimple.com', 'mailbox': 'admin.dnsimple.com', 'serial': 1442916132, 'refresh': 86400, 'retry': 7200, 'expire': 604800, 'minttl': 300}, {'name': 'octopus.com', 'ns': 'ns1.dnsimple.com', 'mailbox': 'admin.dnsimple.com', 'serial': 1442916132, 'refresh': 86400, 'retry': 7200, 'expire': 604800, 'minttl': 300}, {'name': 'octopus.com', 'ns': 'ns1.dnsimple.com', 'mailbox': 'admin.dnsimple.com', 'serial': 1442916132, 'refresh': 86400, 'retry': 7200, 'expire': 604800, 'minttl': 300}, {'name': 'octopus.com', 'ns': 'ns1.dnsimple.com', 'mailbox': 'admin.dnsimple.com', 'serial': 1442916132, 'refresh': 86400, 'retry': 7200, 'expire': 604800, 'minttl': 300}, {'name': 'octopus.com', 'ns': 'ns1.dnsimple.com', 'mailbox': 'admin.dnsimple.com', 'serial': 1442916132, 'refresh': 86400, 'retry': 7200, 'expire': 604800, 'minttl': 300}, {'name': 'videoclick.status.octopus.com', 'ns': 'fake-for-negative-caching.adguard.com', 'mailbox': 'hostmaster.videoclick.status.octopus.com', 'serial': 100500, 'refresh': 1800, 'retry': 900, 'expire': 604800, 'minttl': 86400}",NOERROR,,,,,,
,www.a.dev.octopus.com,3600,"13.107.246.64, 13.107.213.64",,"octo-public-dev-a-endpoint-fgfggge9eeerh8be.z01.azurefd.net, star-azurefd-prod.trafficmanager.net, shed.dual-low.part-0036.t-0009.t-msedge.net, part-0036.t-0009.t-msedge.net, shed.dual-low.part-0012.t-0009.t-msedge.net, part-0012.t-0009.t-msedge.net, shed.dual-low.part-0035.t-0009.t-msedge.net, part-0035.t-0009.t-msedge.net, shed.dual-low.part-0039.t-0009.t-msedge.net, part-0039.t-0009.t-msedge.net","{'name': 't-msedge.net', 'ns': 'ns1.t-msedge.net', 'mailbox': 'msnhst.microsoft.com', 'serial': 2017103101, 'refresh': 1800, 'retry': 900, 'expire': 2419200, 'minttl': 60}, {'name': 't-msedge.net', 'ns': 'ns1.t-msedge.net', 'mailbox': 'msnhst.microsoft.com', 'serial': 2017103101, 'refresh': 1800, 'retry': 900, 'expire': 2419200, 'minttl': 60}, {'name': 't-msedge.net', 'ns': 'ns1.t-msedge.net', 'mailbox': 'msnhst.microsoft.com', 'serial': 2017103101, 'refresh': 1800, 'retry': 900, 'expire': 2419200, 'minttl': 60}",NOERROR,,,,,,
,www.b.dev.octopus.com,3600,"13.107.246.67, 13.107.213.67","2620:1ec:bdf::53, 2620:1ec:46::53","octo-public-dev-b-endpoint-dme2a4crfxdeghg4.z01.azurefd.net, star-azurefd-prod.trafficmanager.net, shed.dual-low.part-0039.t-0009.t-msedge.net, part-0039.t-0009.t-msedge.net, shed.dual-low.part-0025.t-0009.t-msedge.net, part-0025.t-0009.t-msedge.net, shed.dual-low.part-0014.t-0009.t-msedge.net, part-0014.t-0009.t-msedge.net, shed.dual-low.part-0017.t-0009.t-msedge.net, part-0017.t-0009.t-msedge.net","{'name': 't-msedge.net', 'ns': 'ns1.t-msedge.net', 'mailbox': 'msnhst.microsoft.com', 'serial': 2017103101, 'refresh': 1800, 'retry': 900, 'expire': 2419200, 'minttl': 60}, {'name': 't-msedge.net', 'ns': 'ns1.t-msedge.net', 'mailbox': 'msnhst.microsoft.com', 'serial': 2017103101, 'refresh': 1800, 'retry': 900, 'expire': 2419200, 'minttl': 60}, {'name': 't-msedge.net', 'ns': 'ns1.t-msedge.net', 'mailbox': 'msnhst.microsoft.com', 'serial': 2017103101, 'refresh': 1800, 'retry': 900, 'expire': 2419200, 'minttl': 60}, {'name': 't-msedge.net', 'ns': 'ns1.t-msedge.net', 'mailbox': 'msnhst.microsoft.com', 'serial': 2017103101, 'refresh': 1800, 'retry': 900, 'expire': 2419200, 'minttl': 60}",NOERROR,,,,,,
,www.c.dev.octopus.com,3600,"13.107.246.42, 13.107.213.42","2620:1ec:bdf::45, 2620:1ec:46::45","octo-public-dev-c-endpoint-cjedcqczhggfhsbb.z01.azurefd.net, star-azurefd-prod.trafficmanager.net, shed.dual-low.part-0014.t-0009.t-msedge.net, part-0014.t-0009.t-msedge.net, shed.dual-low.part-0017.t-0009.t-msedge.net, part-0017.t-0009.t-msedge.net, shed.dual-low.part-0025.t-0009.t-msedge.net, part-0025.t-0009.t-msedge.net, shed.dual-low.part-0036.t-0009.t-msedge.net, part-0036.t-0009.t-msedge.net, shed.dual-low.part-0034.t-0009.t-msedge.net","{'name': 't-msedge.net', 'ns': 'ns1.t-msedge.net', 'mailbox': 'msnhst.microsoft.com', 'serial': 2017103101, 'refresh': 1800, 'retry': 900, 'expire': 2419200, 'minttl': 60}, {'name': 't-msedge.net', 'ns': 'ns1.t-msedge.net', 'mailbox': 'msnhst.microsoft.com', 'serial': 2017103101, 'refresh': 1800, 'retry': 900, 'expire': 2419200, 'minttl': 60}, {'name': 't-msedge.net', 'ns': 'ns1.t-msedge.net', 'mailbox': 'msnhst.microsoft.com', 'serial': 2017103101, 'refresh': 1800, 'retry': 900, 'expire': 2419200, 'minttl': 60}, {'name': 't-msedge.net', 'ns': 'ns1.t-msedge.net', 'mailbox': 'msnhst.microsoft.com', 'serial': 2017103101, 'refresh': 1800, 'retry': 900, 'expire': 2419200, 'minttl': 60}, {'name': 't-msedge.net', 'ns': 'ns1.t-msedge.net', 'mailbox': 'msnhst.microsoft.com', 'serial': 2017103101, 'refresh': 1800, 'retry': 900, 'expire': 2419200, 'minttl': 60}",NOERROR,,,,,,
,www.octopus.com,2501,"13.107.213.67, 13.107.246.67","2620:1ec:bdf::45, 2620:1ec:46::45","octo-public-prod-endpoint-f2e5gmecbdf3bfg9.z01.azurefd.net, star-azurefd-prod.trafficmanager.net, shed.dual-low.part-0039.t-0009.t-msedge.net, part-0039.t-0009.t-msedge.net, shed.dual-low.part-0017.t-0009.t-msedge.net, part-0017.t-0009.t-msedge.net, shed.dual-low.part-0012.t-0009.t-msedge.net, part-0012.t-0009.t-msedge.NET","{'name': 't-msedge.net', 'ns': 'ns1.t-msedge.net', 'mailbox': 'msnhst.microsoft.com', 'serial': 2017103101, 'refresh': 1800, 'retry': 900, 'expire': 2419200, 'minttl': 60}, {'name': 't-msedge.net', 'ns': 'ns1.t-msedge.net', 'mailbox': 'msnhst.microsoft.com', 'serial': 2017103101, 'refresh': 1800, 'retry': 900, 'expire': 2419200, 'minttl': 60}, {'name': 't-msedge.net', 'ns': 'ns1.t-msedge.net', 'mailbox': 'msnhst.microsoft.com', 'serial': 2017103101, 'refresh': 1800, 'retry': 900, 'expire': 2419200, 'minttl': 60}, {'name': 't-msedge.net', 'ns': 'ns1.t-msedge.net', 'mailbox': 'msnhst.microsoft.com', 'serial': 2017103101, 'refresh': 1800, 'retry': 900, 'expire': 2419200, 'minttl': 60}, {'name': 't-msedge.NET', 'ns': 'ns1.t-msedge.NET', 'mailbox': 'msnhst.microsoft.com', 'serial': 2017103101, 'refresh': 1800, 'retry': 900, 'expire': 2419200, 'minttl': 60}",NOERROR,,,,,,
,www.preprod.octopus.com,3600,,,"octo-public-preprod-endpoint-dxckangxase3b5cs.z01.azurefd.net, star-azurefd-prod.trafficmanager.net, shed.dual-low.part-0012.t-0009.t-msedge.net, part-0012.t-0009.t-msedge.net, shed.dual-low.part-0014.t-0009.t-msedge.net, part-0014.t-0009.t-msedge.net","{'name': 't-msedge.net', 'ns': 'ns1.t-msedge.net', 'mailbox': 'msnhst.microsoft.com', 'serial': 2017103101, 'refresh': 1800, 'retry': 900, 'expire': 2419200, 'minttl': 60}, {'name': 't-msedge.net', 'ns': 'ns1.t-msedge.net', 'mailbox': 'msnhst.microsoft.com', 'serial': 2017103101, 'refresh': 1800, 'retry': 900, 'expire': 2419200, 'minttl': 60}",NOERROR,,,,,,
