new,host,a,soa,status_code,aaaa,cdn,cdn-name,txt,cname,mx,ns,caa
[x],enterpriseenrollment.cm.com,52.236.189.96,"ns1-201.azure-dns.com, msnhst.microsoft.com",NOERROR,,True,azure,,"enterpriseenrollment.manage.microsoft.com, manage-pe.trafficmanager.net, pexsucpeu02.westeurope.cloudapp.azure.com, pexsucpeu01.northeurope.cloudapp.azure.com",,,
[x],identity.cm.com,,"robin.ns.cloudflare.com, dns.cloudflare.com",NOERROR,,,,,,,,
[x],nl.voip.cm.com,,"cosmin.ns.cloudflare.com, dns.cloudflare.com",NOERROR,,,,,,,,
[x],ourproposal.cm.com,"104.16.248.88, 104.16.249.88","robin.ns.cloudflare.com, dns.cloudflare.com",NOERROR,"2606:4700::6810:f858, 2606:4700::6810:f958",True,cloudflare,,,,,
[x],shadow.api.cm.com,,"robin.ns.cloudflare.com, dns.cloudflare.com",NOERROR,"2606:4700::6810:f858, 2606:4700::6810:f958",True,cloudflare,,,,,
[x],sip.cm.com,52.112.193.13,"admin.nsatc.net, dns.level3.net",NOERROR,2603:1027:0:3::b,,,,sipdir.online.lync.com,,,
[x],u4f.cm.com,,"robin.ns.cloudflare.com, dns.cloudflare.com",NOERROR,,,,,,,,
[x],u4ftest.cm.com,,"robin.ns.cloudflare.com, dns.cloudflare.com",NOERROR,,,,,,,,
[x],www.codatest.cm.com,,"robin.ns.cloudflare.com, dns.cloudflare.com",NOERROR,,,,,,,,
[x],www.creditmanager.cm.com,,"robin.ns.cloudflare.com, dns.cloudflare.com",NOERROR,,,,,,,,
[x],www.creditmanager.test.cm.com,,"robin.ns.cloudflare.com, dns.cloudflare.com",NOERROR,,,,,,,,
[x],www.darktrace.cm.com,,"robin.ns.cloudflare.com, dns.cloudflare.com",NOERROR,,,,,,,,
[x],www.net3ds-sim.sandbox.payments.cm.com,,"robin.ns.cloudflare.com, dns.cloudflare.com",NOERROR,,,,,,,,
[x],www.preview.cm.com,,"robin.ns.cloudflare.com, dns.cloudflare.com",NOERROR,,,,,,,,
[x],www.r-sbc.cm.com,,"robin.ns.cloudflare.com, dns.cloudflare.com",NOERROR,,,,,,,,
[x],www.selfservice.cm.com,,"robin.ns.cloudflare.com, dns.cloudflare.com",NOERROR,,,,,,,,
[x],www.u4f.cm.com,,"robin.ns.cloudflare.com, dns.cloudflare.com",NOERROR,,,,,,,,
[x],www.vpn.cm.com,,"robin.ns.cloudflare.com, dns.cloudflare.com",NOERROR,,,,,,,,
,01.turn.voip.cm.com,188.94.185.178,"cosmin.ns.cloudflare.com, dns.cloudflare.com",NOERROR,,,,,,,,
,01.webrtc.voip.cm.com,188.94.184.179,"cosmin.ns.cloudflare.com, dns.cloudflare.com",NOERROR,,,,,,,,
,02.turn.voip.cm.com,188.94.184.180,"cosmin.ns.cloudflare.com, dns.cloudflare.com",NOERROR,,,,,,,,
,03.turn.voip.cm.com,85.119.54.42,"cosmin.ns.cloudflare.com, dns.cloudflare.com",NOERROR,,,,,,,,
,03.webrtc.voip.cm.com,188.94.185.179,"cosmin.ns.cloudflare.com, dns.cloudflare.com",NOERROR,,,,,,,,
,06.webrtc.voip.cm.com,85.119.54.46,"cosmin.ns.cloudflare.com, dns.cloudflare.com",NOERROR,,,,,,,,
,123call.cm.com,,"robin.ns.cloudflare.com, dns.cloudflare.com",NOERROR,,,,,,,,
,150le.cm.com,,"robin.ns.cloudflare.com, dns.cloudflare.com",NOERROR,,,,,,,,
,163.cm.com,,"robin.ns.cloudflare.com, dns.cloudflare.com",NOERROR,,,,,,,,
,21.cm.com,,"robin.ns.cloudflare.com, dns.cloudflare.com",NOERROR,,,,,,,,
,365key.cm.com,,"robin.ns.cloudflare.com, dns.cloudflare.com",NOERROR,,,,,,,,
,365lu.cm.com,,"robin.ns.cloudflare.com, dns.cloudflare.com",NOERROR,,,,,,,,
,36rain.cm.com,,"robin.ns.cloudflare.com, dns.cloudflare.com",NOERROR,,,,,,,,
,3qdiy.cm.com,,"robin.ns.cloudflare.com, dns.cloudflare.com",NOERROR,,,,,,,,
,521man.cm.com,,"robin.ns.cloudflare.com, dns.cloudflare.com",NOERROR,,,,,,,,
,5dmax.cm.com,,"robin.ns.cloudflare.com, dns.cloudflare.com",NOERROR,,,,,,,,
,66wan.cm.com,,"robin.ns.cloudflare.com, dns.cloudflare.com",NOERROR,,,,,,,,
,7.cm.com,,"robin.ns.cloudflare.com, dns.cloudflare.com",NOERROR,,,,,,,,
,7lele.cm.com,,"robin.ns.cloudflare.com, dns.cloudflare.com",NOERROR,,,,,,,,
,7p.cm.com,,"robin.ns.cloudflare.com, dns.cloudflare.com",NOERROR,,,,,,,,
,826la.cm.com,,"robin.ns.cloudflare.com, dns.cloudflare.com",NOERROR,,,,,,,,
,91biz.cm.com,,"robin.ns.cloudflare.com, dns.cloudflare.com",NOERROR,,,,,,,,
,91win.cm.com,,"robin.ns.cloudflare.com, dns.cloudflare.com",NOERROR,,,,,,,,
,9iwap.cm.com,,"robin.ns.cloudflare.com, dns.cloudflare.com",NOERROR,,,,,,,,
,acmecomponents-4733392.hs-sites.com,"104.16.131.186, 104.16.133.186, 104.16.135.186, 104.16.132.186, 104.16.134.186","jerry.ns.cloudflare.com, dns.cloudflare.com",NOERROR,"2606:4700::6810:86ba, 2606:4700::6810:84ba, 2606:4700::6810:83ba, 2606:4700::6810:85ba, 2606:4700::6810:87ba",True,cloudflare,,,,,
,acrendo.cm.com,,"robin.ns.cloudflare.com, dns.cloudflare.com",NOERROR,,,,,,,,
,adds.spirs.cm.com,,"robin.ns.cloudflare.com, dns.cloudflare.com",NOERROR,,,,,,,,
,admin.cm.com,,"robin.ns.cloudflare.com, dns.cloudflare.com",NOERROR,,,,,,,,
,agcall.cm.com,,"robin.ns.cloudflare.com, dns.cloudflare.com",NOERROR,,,,,,,,
,aidaiko.cm.com,,"robin.ns.cloudflare.com, dns.cloudflare.com",NOERROR,,,,,,,,
,aimcoil.cm.com,,"robin.ns.cloudflare.com, dns.cloudflare.com",NOERROR,,,,,,,,
,ajbjj.cm.com,,"robin.ns.cloudflare.com, dns.cloudflare.com",NOERROR,,,,,,,,
,al-islaam.cm.com,,"robin.ns.cloudflare.com, dns.cloudflare.com",NOERROR,,,,,,,,
,alhussain.cm.com,,"robin.ns.cloudflare.com, dns.cloudflare.com",NOERROR,,,,,,,,
,als.sap.cm.com,,"robin.ns.cloudflare.com, dns.cloudflare.com",NOERROR,,,,,,,,
,angel.cm.com,,"robin.ns.cloudflare.com, dns.cloudflare.com",NOERROR,,,,,,,,
,annualreport.cm.com,"104.16.248.88, 104.16.249.88","robin.ns.cloudflare.com, dns.cloudflare.com",NOERROR,"2606:4700::6810:f858, 2606:4700::6810:f958",True,cloudflare,,,,,
,annualreview.cm.com,"104.16.248.88, 104.16.249.88","robin.ns.cloudflare.com, dns.cloudflare.com",NOERROR,"2606:4700::6810:f858, 2606:4700::6810:f958",True,cloudflare,,,,,
,antispam.qqmail.cm.com,,"robin.ns.cloudflare.com, dns.cloudflare.com",NOERROR,,,,,,,,
,api.cdp.cm.com,34.96.79.21,"robin.ns.cloudflare.com, dns.cloudflare.com",NOERROR,,True,google,,,,,
,api.pages.cm.com,"104.16.249.88, 104.16.248.88","robin.ns.cloudflare.com, dns.cloudflare.com",NOERROR,"2606:4700::6810:f958, 2606:4700::6810:f858",True,cloudflare,,,,,
,api.pay.cm.com,31.169.62.149,"robin.ns.cloudflare.com, dns.cloudflare.com",NOERROR,2a10:9d80:2:1003::f,,,"38425dc0ce11eed06e9afdec666d13835d00d0074db51780f3bb70b3d0e1c4fb, c5ee85ef31369cec5508ea02b99d1eccb4011097116f6601d3b36dfba2deeed3",,,,
,api.payhub.cm.com,142.250.184.243,"ns1.google.com, dns-admin.google.com",NOERROR,2a00:1450:4001:831::2013,,,,ghs.googlehosted.com,,,
,api.ticketing.cm.com,"104.16.248.88, 104.16.249.88","robin.ns.cloudflare.com, dns.cloudflare.com",NOERROR,"2606:4700::6810:f858, 2606:4700::6810:f958",True,cloudflare,,,,,
,apishadow.cm.com,"104.16.248.88, 104.16.249.88","robin.ns.cloudflare.com, dns.cloudflare.com",NOERROR,"2606:4700::6810:f858, 2606:4700::6810:f958",True,cloudflare,,,,,
,arithmetic.botsupport.cm.com,142.250.186.83,"ns1.google.com, dns-admin.google.com",NOERROR,2a00:1450:4001:80b::2013,,,,ghs.googlehosted.com,,,
,arquitectuba.cm.com,,"robin.ns.cloudflare.com, dns.cloudflare.com",NOERROR,,,,,,,,
,arrowgear.cm.com,,"robin.ns.cloudflare.com, dns.cloudflare.com",NOERROR,,,,,,,,
,art-tlc.cm.com,,"robin.ns.cloudflare.com, dns.cloudflare.com",NOERROR,,,,,,,,
,as.qqmail.cm.com,,"robin.ns.cloudflare.com, dns.cloudflare.com",NOERROR,,,,,,,,
,assets.cm.com,"18.66.248.17, 18.66.248.38, 18.66.248.126, 18.66.248.7","ns-1868.awsdns-41.co.uk, awsdns-hostmaster.amazon.com",NOERROR,"2600:9000:224a:c200:b:2056:1a40:93a1, 2600:9000:224a:ca00:b:2056:1a40:93a1, 2600:9000:224a:1600:b:2056:1a40:93a1, 2600:9000:224a:da00:b:2056:1a40:93a1, 2600:9000:224a:3800:b:2056:1a40:93a1, 2600:9000:224a:7200:b:2056:1a40:93a1, 2600:9000:224a:ea00:b:2056:1a40:93a1, 2600:9000:224a:2200:b:2056:1a40:93a1",True,cloudfront,,rr-assets-cm.getbynder.com,,,amazon.com
,aurealis.cm.com,,"robin.ns.cloudflare.com, dns.cloudflare.com",NOERROR,,,,,,,,
,ausair.cm.com,,"robin.ns.cloudflare.com, dns.cloudflare.com",NOERROR,,,,,,,,
,auth-t.cm.com,,"robin.ns.cloudflare.com, dns.cloudflare.com",NOERROR,,,,,,,,
,auth.botsupport.cm.com,142.250.203.115,"ns1.google.com, dns-admin.google.com",NOERROR,2a00:1450:4001:80f::2013,,,,ghs.googlehosted.com,,,
,auth.test.cm.com,,"robin.ns.cloudflare.com, dns.cloudflare.com",NOERROR,,,,,,,,
,authorization.ecr.cm.com,"104.16.249.88, 104.16.248.88","robin.ns.cloudflare.com, dns.cloudflare.com",NOERROR,"2606:4700::6810:f958, 2606:4700::6810:f858",True,cloudflare,,,,,
,autodiscover.cm.com,"188.94.184.139, 85.119.48.36","robin.ns.cloudflare.com, dns.cloudflare.com",NOERROR,,,,,webmail.cm.com,,,
,backend.botsupport.cm.com,173.194.73.121,"ns1.google.com, dns-admin.google.com",NOERROR,2a00:1450:4010:c0f::79,,,,ghs.googlehosted.com,,,
,backoffice.pay.cm.com,85.119.54.5,"robin.ns.cloudflare.com, dns.cloudflare.com",NOERROR,,,,,,,,
,backoffice.sandbox.pay.cm.com,"104.16.249.88, 104.16.248.88","robin.ns.cloudflare.com, dns.cloudflare.com",NOERROR,"2606:4700::6810:f858, 2606:4700::6810:f958",True,cloudflare,,,,,
,balabala.cm.com,,"robin.ns.cloudflare.com, dns.cloudflare.com",NOERROR,,,,,,,,
,baochan.cm.com,,"robin.ns.cloudflare.com, dns.cloudflare.com",NOERROR,,,,,,,,
,baochinh.cm.com,,"robin.ns.cloudflare.com, dns.cloudflare.com",NOERROR,,,,,,,,
,batchmg.cm.com,,"robin.ns.cloudflare.com, dns.cloudflare.com",NOERROR,,,,,,,,
,bcbsil.cm.com,,"robin.ns.cloudflare.com, dns.cloudflare.com",NOERROR,,,,,,,,
,bernabe.cm.com,,"robin.ns.cloudflare.com, dns.cloudflare.com",NOERROR,,,,,,,,
,beta.pages.cm.com,"104.16.248.88, 104.16.249.88","robin.ns.cloudflare.com, dns.cloudflare.com",NOERROR,"2606:4700::6810:f958, 2606:4700::6810:f858",True,cloudflare,,,,,
,bg-mg1.botsupport.cm.com,142.250.184.243,"ns1.google.com, dns-admin.google.com",NOERROR,2a00:1450:4001:831::2013,,,,ghs.googlehosted.com,,,
,bi.cm.com,,"robin.ns.cloudflare.com, dns.cloudflare.com",NOERROR,,,,,,,,
,bio2ic.cm.com,,"robin.ns.cloudflare.com, dns.cloudflare.com",NOERROR,,,,,,,,
,biz.qqmail.cm.com,,"robin.ns.cloudflare.com, dns.cloudflare.com",NOERROR,,,,,,,,
,bizbrick.cm.com,,"robin.ns.cloudflare.com, dns.cloudflare.com",NOERROR,,,,,,,,
,bjjly.cm.com,,"robin.ns.cloudflare.com, dns.cloudflare.com",NOERROR,,,,,,,,
,bjmtky.cm.com,,"robin.ns.cloudflare.com, dns.cloudflare.com",NOERROR,,,,,,,,
,blog.cm.com,,"robin.ns.cloudflare.com, dns.cloudflare.com",NOERROR,,,,,,,,
,blogmio.cm.com,,"robin.ns.cloudflare.com, dns.cloudflare.com",NOERROR,,,,,,,,
,boardogs.cm.com,,"robin.ns.cloudflare.com, dns.cloudflare.com",NOERROR,,,,,,,,
,book.cm.com,,"robin.ns.cloudflare.com, dns.cloudflare.com",NOERROR,,,,,,,,
,boss.cm.com,,"robin.ns.cloudflare.com, dns.cloudflare.com",NOERROR,,,,,,,,
,bread.cm.com,,"robin.ns.cloudflare.com, dns.cloudflare.com",NOERROR,,,,,,,,
,bridgepix.cm.com,,"robin.ns.cloudflare.com, dns.cloudflare.com",NOERROR,,,,,,,,
,brillancorp.cm.com,,"robin.ns.cloudflare.com, dns.cloudflare.com",NOERROR,,,,,,,,
,buscolu.cm.com,,"robin.ns.cloudflare.com, dns.cloudflare.com",NOERROR,,,,,,,,
,business.cm.com,"104.16.249.88, 104.16.248.88","robin.ns.cloudflare.com, dns.cloudflare.com",NOERROR,"2606:4700::6810:f858, 2606:4700::6810:f958",True,cloudflare,,,,,
,butrain.cm.com,,"robin.ns.cloudflare.com, dns.cloudflare.com",NOERROR,,,,,,,,
,calrack.cm.com,,"robin.ns.cloudflare.com, dns.cloudflare.com",NOERROR,,,,,,,,
,capemed.cm.com,,"robin.ns.cloudflare.com, dns.cloudflare.com",NOERROR,,,,,,,,
,careers.botsupport.cm.com,142.250.186.211,"ns1.google.com, dns-admin.google.com",NOERROR,2a00:1450:401b:80d::2013,,,,ghs.googlehosted.com,,,
,cd.cm.com,,"robin.ns.cloudflare.com, dns.cloudflare.com",NOERROR,,,,,,,,
,cdchedu.cm.com,,"robin.ns.cloudflare.com, dns.cloudflare.com",NOERROR,,,,,,,,
,cdn-3.messaging.cm.com,188.94.185.11,"robin.ns.cloudflare.com, dns.cloudflare.com",NOERROR,,,,,,,,
,cdn.cm.com,"104.16.248.88, 104.16.249.88","robin.ns.cloudflare.com, dns.cloudflare.com",NOERROR,"2606:4700::6810:f958, 2606:4700::6810:f858",True,cloudflare,,,,,
,cdp.cm.com,34.120.228.137,"robin.ns.cloudflare.com, dns.cloudflare.com",NOERROR,,True,google,,,,,
,cfsupport.cm.com,,"robin.ns.cloudflare.com, dns.cloudflare.com",NOERROR,,,,,itsupport.cm.com,,,
,cgi.mail.yahoo.cm.com,,"robin.ns.cloudflare.com, dns.cloudflare.com",NOERROR,,,,,,,,
,chameleon.cm.com,,"robin.ns.cloudflare.com, dns.cloudflare.com",NOERROR,,,,,,,,
,chazlo.cm.com,,"robin.ns.cloudflare.com, dns.cloudflare.com",NOERROR,,,,,,,,
,checkout.pay.cm.com,31.169.62.149,"robin.ns.cloudflare.com, dns.cloudflare.com",NOERROR,2a10:9d80:2:1003::f,,,,,,,
,chetlake.cm.com,,"robin.ns.cloudflare.com, dns.cloudflare.com",NOERROR,,,,,,,,
,china-els.cm.com,,"robin.ns.cloudflare.com, dns.cloudflare.com",NOERROR,,,,,,,,
,chinaeall.cm.com,,"robin.ns.cloudflare.com, dns.cloudflare.com",NOERROR,,,,,,,,
,chinaiddm.cm.com,,"robin.ns.cloudflare.com, dns.cloudflare.com",NOERROR,,,,,,,,
,chinanian.cm.com,,"robin.ns.cloudflare.com, dns.cloudflare.com",NOERROR,,,,,,,,
,chinaqljy.cm.com,,"robin.ns.cloudflare.com, dns.cloudflare.com",NOERROR,,,,,,,,
,chinazsjy.cm.com,,"robin.ns.cloudflare.com, dns.cloudflare.com",NOERROR,,,,,,,,
,chong.cm.com,,"robin.ns.cloudflare.com, dns.cloudflare.com",NOERROR,,,,,,,,
,chouyang.cm.com,,"robin.ns.cloudflare.com, dns.cloudflare.com",NOERROR,,,,,,,,
,chronografx.cm.com,,"robin.ns.cloudflare.com, dns.cloudflare.com",NOERROR,,,,,,,,
,clipshack.cm.com,,"robin.ns.cloudflare.com, dns.cloudflare.com",NOERROR,,,,,,,,
,cliptec.cm.com,,"robin.ns.cloudflare.com, dns.cloudflare.com",NOERROR,,,,,,,,
,cloud.cm.cm.com,,"robin.ns.cloudflare.com, dns.cloudflare.com",NOERROR,,,,,,,,
,club.cm.com,,"robin.ns.cloudflare.com, dns.cloudflare.com",NOERROR,,,,,,,,
,clubdada.cm.com,,"robin.ns.cloudflare.com, dns.cloudflare.com",NOERROR,,,,,,,,
,clubedaputariabr.cm.com,,"robin.ns.cloudflare.com, dns.cloudflare.com",NOERROR,,,,,,,,
,cm.com,"104.16.249.88, 104.16.248.88, 188.94.184.140, 188.94.185.136, 85.119.48.37","robin.ns.cloudflare.com, dns.cloudflare.com",NOERROR,"2606:4700::6810:f958, 2606:4700::6810:f858",True,cloudflare,"00d09000005pukwea4, 15babd393e0b6dc14be872a1e1c08371e0914201363cc17c8823127953687be5, 165c761a2d8048b5147c8f9c1fe92288fc9b1383aacc723a3205227fe6ca7d10, MS=ms48511880, QuoVadis=00193f51-f6b7-470f-9265-bd7b843ccd5c, ZOOM_verify_towGKBVzRM2VagL071pC6w, apple-domain-verification=4biuFZwfDUJcudjA, atlassian-domain-verification=gG1zOQWKPrbhTvx0K3yvWq5JoDImXz0SYjQPHvFAAnZK6u7OVEsaItdzGIReCJTo, docker-verification=145ce498-83d0-420b-8369-0c6ed6f3dab0, docusign=aa687f31-1a17-4e8f-885c-ba94f71440f8, gxf7syx9d1djfx7lt2dv71msr1j97r4y, hhnxtlkry91zl47y6nsvyw8wgl9wjcgm, sophos-domain-verification=b67e2431c521ea5ff996be8d5dc5e7d1a34b2a6f, tzPnE1bLRQhPTLOqaPgpvhzPwiThmpvVenYDUMrlwKNL0RQqIbN3axzcNXn9JhOSJapQyttOCAlWZjxWacAYhA==, v=spf1 include:spf.cm.com include:spf-inm.eqs-service.com -all",,"mx10.cm.com, mx11.cm.com, mx12.cm.com","robin.ns.cloudflare.com, wesley.ns.cloudflare.com","KPN.COM, certsign.ro, comodoca.com, digicert.com; cansignhttpexchanges=yes, letsencrypt.org, pki.goog; cansignhttpexchanges=yes"
,cm.ticketing.cm.com,,"aisha.ns.cloudflare.com, dns.cloudflare.com",NOERROR,,,,v=spf1 ip4:168.245.64.69 -all,u22835660.wl161.sendgrid.net,mx.sendgrid.net,,
,cmgroep-staging.test.cm.com,,"robin.ns.cloudflare.com, dns.cloudflare.com",NOERROR,,,,,,,,
,cmgroep-test.test.cm.com,,"robin.ns.cloudflare.com, dns.cloudflare.com",NOERROR,,,,,,,,
,cms-beta-deploy-start-storage.botsupport.cm.com,172.217.18.19,"ns1.google.com, dns-admin.google.com",NOERROR,2a00:1450:4001:80b::2013,,,,ghs.googlehosted.com,,,
,cmscom11.odoo.com,141.94.74.34,"ns0.odoo.com, admin.odoo.com",NOERROR,,,,,,,,
,cmscomfrcccnginx.odoo.com,141.94.74.34,"ns0.odoo.com, admin.odoo.com",NOERROR,,,,,,,,
,cmscomfrcccnginx.otoplus.com,"23.222.79.233, 23.222.79.234","n0dscf.akamaiedge.net, hostmaster.akamai.com",NOERROR,"2600:1408:7400::6006:2a5a, 2600:1408:7400::6006:2a4b",,,,"otoplus.edgekey.net, e118669.dscf.akamaiedge.net",,,
,cmscomputergkhindi.odoo.com,141.94.74.34,"ns0.odoo.com, admin.odoo.com",NOERROR,,,,,,,,
,cmscomputerrooms.odoo.com,141.94.74.34,"ns0.odoo.com, admin.odoo.com",NOERROR,,,,,,,,
,cmscomputervision.dpgmedia.be,,,NOERROR,,,,,dpgmedia.be,"aspmx.l.google.com, aspmx3.googlemail.com, alt1.aspmx.l.google.com, aspmx2.googlemail.com, alt2.aspmx.l.google.com",,
,cmweb.rbc.cm.com,,"robin.ns.cloudflare.com, dns.cloudflare.com",NOERROR,,,,,,,,
,cn-em.cm.com,,"robin.ns.cloudflare.com, dns.cloudflare.com",NOERROR,,,,,,,,
,cnhlx.cm.com,,"robin.ns.cloudflare.com, dns.cloudflare.com",NOERROR,,,,,,,,
,coda.cm.com,"104.16.248.88, 104.16.249.88","robin.ns.cloudflare.com, dns.cloudflare.com",NOERROR,"2606:4700::6810:f958, 2606:4700::6810:f858",True,cloudflare,,,,,
,codatest.cm.com,"3.121.121.155, 18.194.144.26","ns-1390.awsdns-45.org, awsdns-hostmaster.amazon.com",NOERROR,,,,,"14354.216198610973360128.h.p.zpa-app.net, exporter.gslb.prod.zpath.net, fra5.exporter.gslb.prod.zpath.net, zpath-prod-exporter-e79ea3db1186c603.elb.eu-central-1.amazonaws.com",,,
,cog.cm.com,,"robin.ns.cloudflare.com, dns.cloudflare.com",NOERROR,,,,,,,,
,compucraft.cm.com,,"robin.ns.cloudflare.com, dns.cloudflare.com",NOERROR,,,,,,,,
,contactual.cm.com,,"robin.ns.cloudflare.com, dns.cloudflare.com",NOERROR,,,,,,,,
,conversational.cm.com,34.111.114.228,"robin.ns.cloudflare.com, dns.cloudflare.com",NOERROR,,True,google,,,,,
,costaricabooks.cm.com,,"robin.ns.cloudflare.com, dns.cloudflare.com",NOERROR,,,,,,,,
,couchtuner.cm.com,,"robin.ns.cloudflare.com, dns.cloudflare.com",NOERROR,,,,,,,,
,creditmanager.cm.com,"104.16.248.88, 104.16.249.88","robin.ns.cloudflare.com, dns.cloudflare.com",NOERROR,"2606:4700::6810:f958, 2606:4700::6810:f858",True,cloudflare,,,,,
,creditmanager.test.cm.com,,"robin.ns.cloudflare.com, dns.cloudflare.com",NOERROR,,,,,,,,
,crm-ext.cm.com,,"robin.ns.cloudflare.com, dns.cloudflare.com",NOERROR,,,,,,,,
,crm-ext.test.cm.com,,"robin.ns.cloudflare.com, dns.cloudflare.com",NOERROR,,,,,,,,
,crm-int.cm.com,,"robin.ns.cloudflare.com, dns.cloudflare.com",NOERROR,,,,,,,,
,crm-int.test.cm.com,,"robin.ns.cloudflare.com, dns.cloudflare.com",NOERROR,,,,,,,,
,crm.cm.com,"188.94.186.71, 188.94.184.71, 188.94.185.71","robin.ns.cloudflare.com, dns.cloudflare.com",NOERROR,,,,,,,,
,crm.test.cm.com,,"robin.ns.cloudflare.com, dns.cloudflare.com",NOERROR,,,,,,,,
,cs.cm.com,,"robin.ns.cloudflare.com, dns.cloudflare.com",NOERROR,,,,,,,,
,cs800.cm.com,,"robin.ns.cloudflare.com, dns.cloudflare.com",NOERROR,,,,,,,,
,csjob.cm.com,,"robin.ns.cloudflare.com, dns.cloudflare.com",NOERROR,,,,,,,,
,ctm.cm.com,,"robin.ns.cloudflare.com, dns.cloudflare.com",NOERROR,,,,,,,,
,dac-xp.cm.com,,"robin.ns.cloudflare.com, dns.cloudflare.com",NOERROR,,,,,,,,
,dahleil.cm.com,,"robin.ns.cloudflare.com, dns.cloudflare.com",NOERROR,,,,,,,,
,dancemode.cm.com,,"robin.ns.cloudflare.com, dns.cloudflare.com",NOERROR,,,,,,,,
,dancer.cm.com,,"robin.ns.cloudflare.com, dns.cloudflare.com",NOERROR,,,,,,,,
,dantri.cm.com,,"robin.ns.cloudflare.com, dns.cloudflare.com",NOERROR,,,,,,,,
,darktrace.cm.com,"188.94.184.135, 188.94.185.135","robin.ns.cloudflare.com, dns.cloudflare.com",NOERROR,,,,,,,,
,dbo.sandbox.pay.cm.com,"104.16.248.88, 104.16.249.88","robin.ns.cloudflare.com, dns.cloudflare.com",NOERROR,"2606:4700::6810:f958, 2606:4700::6810:f858",True,cloudflare,,,,,
,delphifaq.cm.com,,"robin.ns.cloudflare.com, dns.cloudflare.com",NOERROR,,,,,,,,
,dev.cm.com,,"robin.ns.cloudflare.com, dns.cloudflare.com",NOERROR,,,,,,,,
,dev.test.cm.com,,"robin.ns.cloudflare.com, dns.cloudflare.com",NOERROR,,,,,,,,
,develop.cm.com,,"robin.ns.cloudflare.com, dns.cloudflare.com",NOERROR,,,,,,,,
,developers.cm.com,"104.18.210.56, 104.18.211.56","jeremy.ns.cloudflare.com, dns.cloudflare.com",NOERROR,"2606:4700::6812:d338, 2606:4700::6812:d238",True,cloudflare,,ssl.readmessl.com,,,"letsencrypt.org, pki.goog; cansignhttpexchanges=yes, comodoca.com, digicert.com"
,diamondsmfg.cm.com,,"robin.ns.cloudflare.com, dns.cloudflare.com",NOERROR,,,,,,,,
,digitalforge.cm.com,,"robin.ns.cloudflare.com, dns.cloudflare.com",NOERROR,,,,,,,,
,directorycafe.cm.com,,"robin.ns.cloudflare.com, dns.cloudflare.com",NOERROR,,,,,,,,
,disp.cm.com,"104.16.248.88, 104.16.249.88","robin.ns.cloudflare.com, dns.cloudflare.com",NOERROR,"2606:4700::6810:f858, 2606:4700::6810:f958",True,cloudflare,,,,,
,djkendy.cm.com,,"robin.ns.cloudflare.com, dns.cloudflare.com",NOERROR,,,,,,,,
,dl-tec.cm.com,,"robin.ns.cloudflare.com, dns.cloudflare.com",NOERROR,,,,,,,,
,dreammovies.cm.com,,"robin.ns.cloudflare.com, dns.cloudflare.com",NOERROR,,,,,,,,
,drupal.botsupport.cm.com,173.194.73.121,"ns1.google.com, dns-admin.google.com",NOERROR,2a00:1450:4010:c08::79,,,,ghs.googlehosted.com,,,
,dvd.cm.com,,"robin.ns.cloudflare.com, dns.cloudflare.com",NOERROR,,,,,,,,
,e-ogrenme.cm.com,,"robin.ns.cloudflare.com, dns.cloudflare.com",NOERROR,,,,,,,,
,eachtie.cm.com,,"robin.ns.cloudflare.com, dns.cloudflare.com",NOERROR,,,,,,,,
,ebank.creditlyonnais.cm.com,,"robin.ns.cloudflare.com, dns.cloudflare.com",NOERROR,,,,,,,,
,ebms.voip.cm.com,188.94.184.181,"cosmin.ns.cloudflare.com, dns.cloudflare.com",NOERROR,,,,cDdLwYxzAUKmI48pDd9tIKvKHYIhfAsFYU1HHS5JMoSmNbDFv7Y1z4LTBV4LzYfA,,,,
,ecard.cm.com,,"robin.ns.cloudflare.com, dns.cloudflare.com",NOERROR,,,,,,,,
,ecocolo.cm.com,,"robin.ns.cloudflare.com, dns.cloudflare.com",NOERROR,,,,,,,,
,ecr.cm.com,,"robin.ns.cloudflare.com, dns.cloudflare.com",NOERROR,,,,,,,,
,editor.cm.com,,"robin.ns.cloudflare.com, dns.cloudflare.com",NOERROR,,,,,,,,
,eee.3nwap.cm.com,,"robin.ns.cloudflare.com, dns.cloudflare.com",NOERROR,,,,,,,,
,electricsage.cm.com,,"robin.ns.cloudflare.com, dns.cloudflare.com",NOERROR,,,,,,,,
,emailcampaigns.cm.com,,"aria.ns.cloudflare.com, dns.cloudflare.com",NOERROR,,,,google-site-verification=rkcNle5zfzI0BLT7lbfSUvYUPRYM-aNNIGQRA2hbFlU,,mx.emailcampaigns.cm.com,"guss.ns.cloudflare.com, aria.ns.cloudflare.com",
,en2.7m.cm.com,,"robin.ns.cloudflare.com, dns.cloudflare.com",NOERROR,,,,,,,,
,enterpriseregistration.cm.com,20.190.137.40,"tm1.dns-tm.com, hostmaster.trafficmanager.net, internal.akadns.net, hostmaster.akamai.com",NOERROR,,True,azure,,"enterpriseregistration.windows.net, adrs.privatelink.msidentity.com, www.tm.prd.adrs.akadns.net, www.tm.prd.adrs.trafficmanager.net",,,
,erotism.cm.com,,"robin.ns.cloudflare.com, dns.cloudflare.com",NOERROR,,,,,,,,
,esales.cm.com,,"robin.ns.cloudflare.com, dns.cloudflare.com",NOERROR,,,,,,,,
,eschool.botsupport.cm.com,142.250.185.243,"ns1.google.com, dns-admin.google.com",NOERROR,,,,,ghs.googlehosted.com,,,
,eschreiber.cm.com,,"robin.ns.cloudflare.com, dns.cloudflare.com",NOERROR,,,,,,,,
,events.cm.com,"104.16.249.88, 104.16.248.88","robin.ns.cloudflare.com, dns.cloudflare.com",NOERROR,"2606:4700::6810:f858, 2606:4700::6810:f958",True,cloudflare,,,,,
,explosiveforce.cm.com,,"robin.ns.cloudflare.com, dns.cloudflare.com",NOERROR,,,,,,,,
,ezcolo.cm.com,,"robin.ns.cloudflare.com, dns.cloudflare.com",NOERROR,,,,,,,,
,faq.botsupport.cm.com,142.250.184.243,"ns1.google.com, dns-admin.google.com",NOERROR,2a00:1450:4001:831::2013,,,,ghs.googlehosted.com,,,
,faridandishmand.blogfa.cm.com,,"robin.ns.cloudflare.com, dns.cloudflare.com",NOERROR,,,,,,,,
,ffo-oss.cm.com,,"robin.ns.cloudflare.com, dns.cloudflare.com",NOERROR,,,,,,,,
,fh.cm.com,,"robin.ns.cloudflare.com, dns.cloudflare.com",NOERROR,,,,,,,,
,fidelis.cm.com,,"robin.ns.cloudflare.com, dns.cloudflare.com",NOERROR,,,,,,,,
,findmyphone.cm.cm.com,,"robin.ns.cloudflare.com, dns.cloudflare.com",NOERROR,,,,,,,,
,findphone.cm.cm.com,,"robin.ns.cloudflare.com, dns.cloudflare.com",NOERROR,,,,,,,,
,flippa.cm.com,,"robin.ns.cloudflare.com, dns.cloudflare.com",NOERROR,,,,,,,,
,fm925.cm.com,,"robin.ns.cloudflare.com, dns.cloudflare.com",NOERROR,,,,,,,,
,focusdial.botsupport.cm.com,142.250.203.115,"ns1.google.com, dns-admin.google.com",NOERROR,2a00:1450:4001:80f::2013,,,,ghs.googlehosted.com,,,
,foodsources.cm.com,,"robin.ns.cloudflare.com, dns.cloudflare.com",NOERROR,,,,,,,,
,forum.cm.com,,"robin.ns.cloudflare.com, dns.cloudflare.com",NOERROR,,,,,,,,
,frontier.cm.com,,"robin.ns.cloudflare.com, dns.cloudflare.com",NOERROR,,,,,,,,
,fs.cm.com,"188.94.184.135, 188.94.185.135","robin.ns.cloudflare.com, dns.cloudflare.com",NOERROR,,,,,,,,
,fuck.cm.com,,"robin.ns.cloudflare.com, dns.cloudflare.com",NOERROR,,,,,,,,
,fx.cm.com,,"robin.ns.cloudflare.com, dns.cloudflare.com",NOERROR,,,,,,,,
,galaxymfg.cm.com,,"robin.ns.cloudflare.com, dns.cloudflare.com",NOERROR,,,,,,,,
,gcs.cm.com,,"robin.ns.cloudflare.com, dns.cloudflare.com",NOERROR,,,,,,,,
,gdtv.cm.com,,"robin.ns.cloudflare.com, dns.cloudflare.com",NOERROR,,,,,,,,
,get.cm.com,,"robin.ns.cloudflare.com, dns.cloudflare.com",NOERROR,,,,,,,,
,gigabeach.cm.com,,"robin.ns.cloudflare.com, dns.cloudflare.com",NOERROR,,,,,,,,
,gmail.cm.com,,"robin.ns.cloudflare.com, dns.cloudflare.com",NOERROR,,,,,,,,
,gocomic.cm.com,,"robin.ns.cloudflare.com, dns.cloudflare.com",NOERROR,,,,,,,,
,goge.cm.com,,"robin.ns.cloudflare.com, dns.cloudflare.com",NOERROR,,,,,,,,
,goofka.cm.com,,"robin.ns.cloudflare.com, dns.cloudflare.com",NOERROR,,,,,,,,
,gootube.cm.com,,"robin.ns.cloudflare.com, dns.cloudflare.com",NOERROR,,,,,,,,
,gotobaby.cm.com,,"robin.ns.cloudflare.com, dns.cloudflare.com",NOERROR,,,,,,,,
,gototeam.cm.com,,"robin.ns.cloudflare.com, dns.cloudflare.com",NOERROR,,,,,,,,
,gua.cm.com,,"robin.ns.cloudflare.com, dns.cloudflare.com",NOERROR,,,,,,,,
,h-135-197-254-81.botsupport.cm.com,142.250.186.51,"ns1.google.com, dns-admin.google.com",NOERROR,2a00:1450:4001:827::2013,,,,ghs.googlehosted.com,,,
,harvesth2o.cm.com,,"robin.ns.cloudflare.com, dns.cloudflare.com",NOERROR,,,,,,,,
,hi.cm.com,,"robin.ns.cloudflare.com, dns.cloudflare.com",NOERROR,,,,,,,,
,highforge.cm.com,,"robin.ns.cloudflare.com, dns.cloudflare.com",NOERROR,,,,,,,,
,hk.cm.com,,"robin.ns.cloudflare.com, dns.cloudflare.com",NOERROR,,,,,,,,
,hk.voip.cm.com,"85.119.53.52, 85.119.53.51","cosmin.ns.cloudflare.com, dns.cloudflare.com",NOERROR,,,,,,,,
,home.cm.com,,"robin.ns.cloudflare.com, dns.cloudflare.com",NOERROR,,,,,,,,
,home.omtv.sh.cm.com,,"robin.ns.cloudflare.com, dns.cloudflare.com",NOERROR,,,,,,,,
,home.yahoo.cm.com,,"robin.ns.cloudflare.com, dns.cloudflare.com",NOERROR,,,,,,,,
,http.www.cm.com,,"robin.ns.cloudflare.com, dns.cloudflare.com",NOERROR,,,,,,,,
,hytele.cm.com,,"robin.ns.cloudflare.com, dns.cloudflare.com",NOERROR,,,,,,,,
,iaasjira.cm.com,"188.94.186.71, 188.94.185.71, 188.94.184.71","robin.ns.cloudflare.com, dns.cloudflare.com",NOERROR,,,,,itsupport.cm.com,,,
,iaassupport.cm.com,"188.94.184.71, 188.94.186.71, 188.94.185.71","robin.ns.cloudflare.com, dns.cloudflare.com",NOERROR,,,,,itsupport.cm.com,,,
,icsstatic.cm.com,,"robin.ns.cloudflare.com, dns.cloudflare.com",NOERROR,,,,,,,,
,idlewords.cm.com,,"robin.ns.cloudflare.com, dns.cloudflare.com",NOERROR,,,,,,,,
,iedmmicm.communicatie-radio.dpgmedia.be,"99.83.132.111, 75.2.104.177","ns1-25.akam.net, hostmaster.persgroep.be",NOERROR,,,,"miro-verification=6ab58ecb32755bd8fe2c2255f7fce54a0f770a62, pardot643543=e282578cad09df893312cb1dace19255779a369c348c73374cf487f88bf64ffc, _globalsign-domain-verification=sqjKRl5q4zeixoEvK3_44k-vGqbPTvWptejVujDgRy, google-site-verification=4zudkxX9tGHde8Ls_uxa4fAm5RMEXI3tBNKFrfjIdNo, _globalsign-domain-verification=jsUoxGxJgR2zsbUGpaocd48FBD80Y9pzv9HIMghiPR, apple-domain-verification=Ek99ocs5pDm8GLHV, google-site-verification=ixIn_RADU6Aw6JiLQHjdkrtKOnGepaQ5tA8hfnqN3uE, facebook-domain-verification=n9km64hqp5yb0753aznxug3vyzbpp4, atlassian-domain-verification=ssHGvZHDdS5FmfVQpIMaFz7N72WfDW4eBo9yqtYNFjK/GIpJ1yW8IiERm5km/bSj, MS=ms81694665, pardot643543=30c41e2e10b96e40b21204a054b6552ea4c668152296202d721e05fc1426e804, v=spf1 ip4:146.185.48.0/21 include:_spf1.dpgmedia.be include:_spf2.dpgmedia.be include:_spf.salesforce.com include:_spf.google.com include:_spf.mailprotect.be ip4:145.60.24.156 ip4:217.21.184.109 -all, google-site-verification=qASo4Bx9LlLrTDh7B5XL8o_aT00M_eOs0MhDIT2mT74, amazonses:qL3yA6BzTGGp65hZe+mNC+/qxBNOFm3tcmxxSyFARWI=, _globalsign-domain-verification=nsqnD7wwhGNdAOhsaYaOrHYUUv235YiSl78GYluXBl",dpgmedia.be,"alt2.aspmx.l.google.com, aspmx.l.google.com, alt1.aspmx.l.google.com, aspmx3.googlemail.com, aspmx2.googlemail.com","eur6.akam.net, usc2.akam.net, ns1-125.akam.net, use2.akam.net, ns1-25.akam.net, eur2.akam.net, eur5.akam.net, use5.akam.net",
,iedtj.cm.com,,"robin.ns.cloudflare.com, dns.cloudflare.com",NOERROR,,,,,,,,
,ieodcc.cm.com,,"robin.ns.cloudflare.com, dns.cloudflare.com",NOERROR,,,,,,,,
,igotmold.cm.com,,"robin.ns.cloudflare.com, dns.cloudflare.com",NOERROR,,,,,,,,
,iidadmin.cm.com,,"robin.ns.cloudflare.com, dns.cloudflare.com",NOERROR,,,,,,,,
,iisfaq.cm.com,,"robin.ns.cloudflare.com, dns.cloudflare.com",NOERROR,,,,,,,,
,images.bizhat.cm.com,,"robin.ns.cloudflare.com, dns.cloudflare.com",NOERROR,,,,,,,,
,imperiodeoscar.getphpbb.cm.com,,"robin.ns.cloudflare.com, dns.cloudflare.com",NOERROR,,,,,,,,
,infinitila.cm.com,,"robin.ns.cloudflare.com, dns.cloudflare.com",NOERROR,,,,,,,,
,inspires.cm.com,"104.16.249.88, 104.16.248.88","robin.ns.cloudflare.com, dns.cloudflare.com",NOERROR,"2606:4700::6810:f958, 2606:4700::6810:f858",True,cloudflare,,,,,
,instroke.cm.com,,"robin.ns.cloudflare.com, dns.cloudflare.com",NOERROR,,,,,,,,
,intellicheck.cm.com,,"robin.ns.cloudflare.com, dns.cloudflare.com",NOERROR,,,,,,,,
,isdoss.cm.com,,"robin.ns.cloudflare.com, dns.cloudflare.com",NOERROR,,,,,,,,
,isdstat.cm.com,,"robin.ns.cloudflare.com, dns.cloudflare.com",NOERROR,,,,,,,,
,itoperationsjira.cm.com,"188.94.185.71, 188.94.184.71, 188.94.186.71","robin.ns.cloudflare.com, dns.cloudflare.com",NOERROR,,,,,itsupport.cm.com,,,
,itoperationswiki.cm.com,"188.94.184.71, 188.94.186.71, 188.94.185.71","robin.ns.cloudflare.com, dns.cloudflare.com",NOERROR,,,,,itsupport.cm.com,,,
,itopswiki.cm.com,"188.94.185.71, 188.94.186.71, 188.94.184.71","robin.ns.cloudflare.com, dns.cloudflare.com",NOERROR,,,,,itsupport.cm.com,,,
,itsupport.cm.com,"188.94.184.71, 188.94.186.71, 188.94.185.71","robin.ns.cloudflare.com, dns.cloudflare.com",NOERROR,,,,,,,,
,j-deck.cm.com,,"robin.ns.cloudflare.com, dns.cloudflare.com",NOERROR,,,,,,,,
,jacquard.cm.com,,"robin.ns.cloudflare.com, dns.cloudflare.com",NOERROR,,,,,,,,
,jcm.comcast.com,"96.106.14.98, 96.104.70.98","dns101.comcast.net, domregtech.comcastonline.com",NOERROR,,,,,,,,
,jobs.cm.com,,"ns-803.awsdns-36.net, awsdns-hostmaster.amazon.com",NOERROR,,True,google,,secure.recruitee.com,,,letsencrypt.org
,jubao.cm.com,,"robin.ns.cloudflare.com, dns.cloudflare.com",NOERROR,,,,,,,,
,juriscomic.cm.com,,"robin.ns.cloudflare.com, dns.cloudflare.com",NOERROR,,,,,,,,
,kbs.cm.com,,"robin.ns.cloudflare.com, dns.cloudflare.com",NOERROR,,,,,,,,
,kf.cm.com,,"robin.ns.cloudflare.com, dns.cloudflare.com",NOERROR,,,,,,,,
,kfwp.cm.com,,"robin.ns.cloudflare.com, dns.cloudflare.com",NOERROR,,,,,,,,
,kids.cm.com,,"robin.ns.cloudflare.com, dns.cloudflare.com",NOERROR,,,,,,,,
,kineticode.cm.com,,"robin.ns.cloudflare.com, dns.cloudflare.com",NOERROR,,,,,,,,
,kitchen-display.acceptance.ecr.cm.com,"104.16.249.88, 104.16.248.88","robin.ns.cloudflare.com, dns.cloudflare.com",NOERROR,"2606:4700::6810:f958, 2606:4700::6810:f858",True,cloudflare,,,,,
,kosska.cm.com,,"robin.ns.cloudflare.com, dns.cloudflare.com",NOERROR,,,,,,,,
,legos.cm.com,,"robin.ns.cloudflare.com, dns.cloudflare.com",NOERROR,,,,,,,,
,lh.cm.com,,"robin.ns.cloudflare.com, dns.cloudflare.com",NOERROR,,,,,,,,
,liahodan.cm.com,,"robin.ns.cloudflare.com, dns.cloudflare.com",NOERROR,,,,,,,,
,links.ticketing.cm.com,"167.89.115.120, 167.89.115.56, 167.89.123.124, 167.89.123.54","ns10.dnsmadeeasy.com, dns.dnsmadeeasy.com",NOERROR,,,,"mailru-verification: 2e3995fa8a7d00e0, v=spf1 ip4:167.89.0.0/17 ip4:208.117.48.0/20 ip4:50.31.32.0/19 ip4:198.37.144.0/20 ip4:198.21.0.0/21 ip4:192.254.112.0/20 ip4:168.245.0.0/17 ip4:149.72.0.0/16 ip4:159.183.0.0/16 include:ab.sendgrid.net ~all, p8bnb2lp424dkl3c4io1aemiei, google-site-verification=1UEf8ey-RibUjY6gnpqIZFjWNqMknmeyeHz1zTmj0DE",sendgrid.net,"mx2.sendgrid.net, mx.sendgrid.net","ns12.dnsmadeeasy.com, ns15.dnsmadeeasy.com, ns10.dnsmadeeasy.com, ns11.dnsmadeeasy.com, ns14.dnsmadeeasy.com, ns13.dnsmadeeasy.com","amazonaws.com, godaddy.com"
,local.cm.com,,"robin.ns.cloudflare.com, dns.cloudflare.com",NOERROR,,,,,,,,
,login.cm.com,,"robin.ns.cloudflare.com, dns.cloudflare.com",NOERROR,"2606:4700::6810:f858, 2606:4700::6810:f958",True,cloudflare,1ymdqm8qktmkc9llv6k9mx7gjb2m0kwd,,,,
,login2.cm.com,"104.16.249.88, 104.16.248.88","robin.ns.cloudflare.com, dns.cloudflare.com",NOERROR,"2606:4700::6810:f958, 2606:4700::6810:f858",True,cloudflare,,,,,
,logstash.atlas.cm.com,,"robin.ns.cloudflare.com, dns.cloudflare.com",NOERROR,,,,,,,,
,logstashuatna11.atlas.cm.com,,"robin.ns.cloudflare.com, dns.cloudflare.com",NOERROR,,,,,,,,
,love.cm.com,,"robin.ns.cloudflare.com, dns.cloudflare.com",NOERROR,,,,,,,,
,lucasfiles.cm.com,,"robin.ns.cloudflare.com, dns.cloudflare.com",NOERROR,,,,,,,,
,luckymojo.cm.com,,"robin.ns.cloudflare.com, dns.cloudflare.com",NOERROR,,,,,,,,
,luvcube.cm.com,,"robin.ns.cloudflare.com, dns.cloudflare.com",NOERROR,,,,,,,,
,lx521.cm.com,,"robin.ns.cloudflare.com, dns.cloudflare.com",NOERROR,,,,,,,,
,lyncdiscover.cm.com,52.112.192.142,"admin.nsatc.net, dns.level3.net",NOERROR,2603:1027:0:48::21,,,,webdir.online.lync.com,,,
,m3.cm.com,,"robin.ns.cloudflare.com, dns.cloudflare.com",NOERROR,,,,,,,,
,management.acceptance.ecr.cm.com,"104.16.249.88, 104.16.248.88","robin.ns.cloudflare.com, dns.cloudflare.com",NOERROR,"2606:4700::6810:f858, 2606:4700::6810:f958",True,cloudflare,,,,,
,management.ecr.cm.com,"104.16.248.88, 104.16.249.88","robin.ns.cloudflare.com, dns.cloudflare.com",NOERROR,"2606:4700::6810:f858, 2606:4700::6810:f958",True,cloudflare,,,,,
,manager.botsupport.cm.com,172.217.18.19,"ns1.google.com, dns-admin.google.com",NOERROR,2a00:1450:4001:80b::2013,,,,ghs.googlehosted.com,,,
,manjolt.cm.com,,"robin.ns.cloudflare.com, dns.cloudflare.com",NOERROR,,,,,,,,
,matrix.cm.com,,"robin.ns.cloudflare.com, dns.cloudflare.com",NOERROR,,,,,,,,
,matsuoka-ex.cm.com,,"robin.ns.cloudflare.com, dns.cloudflare.com",NOERROR,,,,,,,,
,maxient.cm.com,,"robin.ns.cloudflare.com, dns.cloudflare.com",NOERROR,,,,,,,,
,medicult.cm.com,,"robin.ns.cloudflare.com, dns.cloudflare.com",NOERROR,,,,,,,,
,merialc.cm.com,,"robin.ns.cloudflare.com, dns.cloudflare.com",NOERROR,,,,,,,,
,meridian.cm.com,,"robin.ns.cloudflare.com, dns.cloudflare.com",NOERROR,,,,,,,,
,metacafe.cm.com,,"robin.ns.cloudflare.com, dns.cloudflare.com",NOERROR,,,,,,,,
,meteor.cm.com,,"robin.ns.cloudflare.com, dns.cloudflare.com",NOERROR,,,,,,,,
,midelt.cm.com,,"robin.ns.cloudflare.com, dns.cloudflare.com",NOERROR,,,,,,,,
,minforpra.cm.com,,"robin.ns.cloudflare.com, dns.cloudflare.com",NOERROR,,,,,,,,
,minigame-oss.cm.com,,"robin.ns.cloudflare.com, dns.cloudflare.com",NOERROR,,,,,,,,
,minigametree.cm.com,,"robin.ns.cloudflare.com, dns.cloudflare.com",NOERROR,,,,,,,,
,mobile-order.acceptance.ecr.cm.com,"104.16.248.88, 104.16.249.88","robin.ns.cloudflare.com, dns.cloudflare.com",NOERROR,"2606:4700::6810:f858, 2606:4700::6810:f958",True,cloudflare,,,,,
,mobile-order.ecr.cm.com,"104.16.248.88, 104.16.249.88","robin.ns.cloudflare.com, dns.cloudflare.com",NOERROR,"2606:4700::6810:f858, 2606:4700::6810:f958",True,cloudflare,,,,,
,mobile.botsupport.cm.com,142.250.186.83,"ns1.google.com, dns-admin.google.com",NOERROR,2a00:1450:4001:80b::2013,,,,ghs.googlehosted.com,,,
,money.cm.com,,"robin.ns.cloudflare.com, dns.cloudflare.com",NOERROR,,,,,,,,
,monstercastle.sap.cm.com,,"robin.ns.cloudflare.com, dns.cloudflare.com",NOERROR,,,,,,,,
,mt.cm.com,,"robin.ns.cloudflare.com, dns.cloudflare.com",NOERROR,,,,,,,,
,music.cm.com,,"robin.ns.cloudflare.com, dns.cloudflare.com",NOERROR,,,,,,,,
,mx1.cm.com,188.94.184.89,"robin.ns.cloudflare.com, dns.cloudflare.com",NOERROR,,,,,,,,
,mx10-out.cm.com,,"robin.ns.cloudflare.com, dns.cloudflare.com",NOERROR,,,,,,,,
,mx10.cm.com,188.94.184.140,"robin.ns.cloudflare.com, dns.cloudflare.com",NOERROR,,,,,,,,
,mx11-out.cm.com,188.94.185.129,"robin.ns.cloudflare.com, dns.cloudflare.com",NOERROR,,,,,,,,
,mx11.cm.com,188.94.185.136,,NOERROR,,,,,,,,
,mx12-out.cm.com,85.119.48.33,"robin.ns.cloudflare.com, dns.cloudflare.com",NOERROR,,,,,,,,
,mx2.cm.com,188.94.185.89,"robin.ns.cloudflare.com, dns.cloudflare.com",NOERROR,,,,,,,,
,mx3.cm.com,188.94.186.89,"robin.ns.cloudflare.com, dns.cloudflare.com",NOERROR,,,,,,,,
,mx4.cm.com,188.94.184.90,"robin.ns.cloudflare.com, dns.cloudflare.com",NOERROR,,,,,,,,
,mx5.cm.com,188.94.185.90,"robin.ns.cloudflare.com, dns.cloudflare.com",NOERROR,,,,,,,,
,mx6.cm.com,188.94.186.90,"robin.ns.cloudflare.com, dns.cloudflare.com",NOERROR,,,,,,,,
,mx7.cm.com,188.94.184.87,"robin.ns.cloudflare.com, dns.cloudflare.com",NOERROR,,,,,,,,
,mx8.cm.com,188.94.185.87,"robin.ns.cloudflare.com, dns.cloudflare.com",NOERROR,,,,,,,,
,mx9.cm.com,188.94.186.87,"robin.ns.cloudflare.com, dns.cloudflare.com",NOERROR,,,,,,,,
,my.91.cm.com,,"robin.ns.cloudflare.com, dns.cloudflare.com",NOERROR,,,,,,,,
,myspacefly.cm.com,,"robin.ns.cloudflare.com, dns.cloudflare.com",NOERROR,,,,,,,,
,myspacestop.cm.com,,"robin.ns.cloudflare.com, dns.cloudflare.com",NOERROR,,,,,,,,
,n7.cm.com,,"robin.ns.cloudflare.com, dns.cloudflare.com",NOERROR,,,,,,,,
,naughtylittleteen.cm.com,,"robin.ns.cloudflare.com, dns.cloudflare.com",NOERROR,,,,,,,,
,net3ds-sim.sandbox.payments.cm.com,85.119.50.19,"robin.ns.cloudflare.com, dns.cloudflare.com",NOERROR,,,,,,,,
,newcs.cm.com,,"robin.ns.cloudflare.com, dns.cloudflare.com",NOERROR,,,,,,,,
,newgrounds.cm.com,,"robin.ns.cloudflare.com, dns.cloudflare.com",NOERROR,,,,,,,,
,newqqadmin.cm.com,,"robin.ns.cloudflare.com, dns.cloudflare.com",NOERROR,,,,,,,,
,njlawman.cm.com,,"robin.ns.cloudflare.com, dns.cloudflare.com",NOERROR,,,,,,,,
,norsecode.cm.com,,"robin.ns.cloudflare.com, dns.cloudflare.com",NOERROR,,,,,,,,
,ns1.cm.com,188.94.184.88,"robin.ns.cloudflare.com, dns.cloudflare.com",NOERROR,,,,,,,,
,ns2.cm.com,188.94.185.88,"robin.ns.cloudflare.com, dns.cloudflare.com",NOERROR,,,,,,,,
,nucold.cm.com,,"robin.ns.cloudflare.com, dns.cloudflare.com",NOERROR,,,,,,,,
,nxjlz.cm.com,,"robin.ns.cloudflare.com, dns.cloudflare.com",NOERROR,,,,,,,,
,o10.sg.cm.com,168.245.64.69,"robin.ns.cloudflare.com, dns.cloudflare.com",NOERROR,,,,,,,,
,o11.sg.cm.com,,"robin.ns.cloudflare.com, dns.cloudflare.com",NOERROR,,,,,,,,
,o12.sg.cm.com,198.21.0.111,"robin.ns.cloudflare.com, dns.cloudflare.com",NOERROR,,,,,,,,
,oauth2.botsupport.cm.com,142.250.185.115,"ns1.google.com, dns-admin.google.com",NOERROR,2a00:1450:4001:80f::2013,,,,ghs.googlehosted.com,,,
,office-api.cm.com,188.94.185.138,"robin.ns.cloudflare.com, dns.cloudflare.com",NOERROR,,,,,,,,
,oft.lats.cm.com,,"robin.ns.cloudflare.com, dns.cloudflare.com",NOERROR,,,,,,,,
,oktopost.cm.com,"34.200.97.200, 52.20.195.32, 23.22.90.252","ns-1514.awsdns-61.org, awsdns-hostmaster.amazon.com",NOERROR,,,,,okt.to,,"ns-142.awsdns-17.com, ns-1514.awsdns-61.org, ns-1621.awsdns-10.co.uk, ns-801.awsdns-36.net","letsencrypt.org, ;"
,oncf.cm.com,,"robin.ns.cloudflare.com, dns.cloudflare.com",NOERROR,,,,,,,,
,op.cm.com,,"robin.ns.cloudflare.com, dns.cloudflare.com",NOERROR,,,,,,,,
,opr.cm.com,,"robin.ns.cloudflare.com, dns.cloudflare.com",NOERROR,,,,,,,,
,order.ticketing.cm.com,"104.16.249.88, 104.16.248.88","robin.ns.cloudflare.com, dns.cloudflare.com",NOERROR,"2606:4700::6810:f858, 2606:4700::6810:f958",True,cloudflare,google-site-verification=aGcuAmazMpDTU9zZ67cA-IsnqNw6zGgIHSF39NehVAk,,,,
,origin.botsupport.cm.com,172.217.18.19,"ns1.google.com, dns-admin.google.com",NOERROR,2a00:1450:4001:80b::2013,,,,ghs.googlehosted.com,,,
,osplat.cm.com,,"robin.ns.cloudflare.com, dns.cloudflare.com",NOERROR,,,,,,,,
,ourmis.cm.com,,"robin.ns.cloudflare.com, dns.cloudflare.com",NOERROR,,,,,,,,
,outbackpolo.cm.com,,"robin.ns.cloudflare.com, dns.cloudflare.com",NOERROR,,,,,,,,
,paasjira.cm.com,"188.94.185.71, 188.94.184.71, 188.94.186.71","robin.ns.cloudflare.com, dns.cloudflare.com",NOERROR,,,,,itsupport.cm.com,,,
,paassupport.cm.com,,"robin.ns.cloudflare.com, dns.cloudflare.com",NOERROR,,,,,,,,
,paaswiki.cm.com,"188.94.184.71, 188.94.185.71, 188.94.186.71","robin.ns.cloudflare.com, dns.cloudflare.com",NOERROR,,,,,"paasjira.cm.com, itsupport.cm.com",,,
,paco21.cm.com,,"robin.ns.cloudflare.com, dns.cloudflare.com",NOERROR,,,,,,,,
,pages.cm.com,"104.16.248.88, 104.16.249.88",,NOERROR,,True,cloudflare,,,,,
,pajilleros.cm.com,,"robin.ns.cloudflare.com, dns.cloudflare.com",NOERROR,,,,,,,,
,paletteman.cm.com,,"robin.ns.cloudflare.com, dns.cloudflare.com",NOERROR,,,,,,,,
,partners.cm.com,"85.222.140.10, 85.222.140.11, 85.222.140.13","dns1.p02.nsone.net, hostmaster.nsone.net",NOERROR,,,,,"partners.cm.com.00d09000005pukwea4.live.siteforce.com, n.edge2.salesforce.com, europe.edge2.salesforce.com, fra.edge2.salesforce.com",,,
,partypals.cm.com,,"robin.ns.cloudflare.com, dns.cloudflare.com",NOERROR,,,,,,,,
,passportnet.cm.com,,"robin.ns.cloudflare.com, dns.cloudflare.com",NOERROR,,,,,,,,
,pay.cm.com,,"robin.ns.cloudflare.com, dns.cloudflare.com",NOERROR,,,,mv74kh2671fvcw3zxzq0h0zjpf5vr0kf,,,,
,payadmin.cm.com,,"robin.ns.cloudflare.com, dns.cloudflare.com",NOERROR,,,,,,,,
,paypal.cm.com,,"robin.ns.cloudflare.com, dns.cloudflare.com",NOERROR,,,,,,,,
,pbtex.cm.com,,"robin.ns.cloudflare.com, dns.cloudflare.com",NOERROR,,,,,,,,
,peggyli.cm.com,,"robin.ns.cloudflare.com, dns.cloudflare.com",NOERROR,,,,,,,,
,pengyou.cm.com,,"robin.ns.cloudflare.com, dns.cloudflare.com",NOERROR,,,,,,,,
,peppercoin.cm.com,,"robin.ns.cloudflare.com, dns.cloudflare.com",NOERROR,,,,,,,,
,pf.cm.com,,"robin.ns.cloudflare.com, dns.cloudflare.com",NOERROR,,,,,,,,
,pgg15f.botsupport.cm.com,209.85.233.121,"ns1.google.com, dns-admin.google.com",NOERROR,2a00:1450:400f:804::2013,,,,ghs.googlehosted.com,,,
,photo.cm.com,,"robin.ns.cloudflare.com, dns.cloudflare.com",NOERROR,,,,,,,,
,pki-office.cm.com,85.119.48.39,"robin.ns.cloudflare.com, dns.cloudflare.com",NOERROR,,,,,,,,
,pos.acceptance.ecr.cm.com,,"robin.ns.cloudflare.com, dns.cloudflare.com",NOERROR,"2606:4700::6810:f958, 2606:4700::6810:f858",True,cloudflare,,,,,
,pos.ecr.cm.com,"104.16.248.88, 104.16.249.88","robin.ns.cloudflare.com, dns.cloudflare.com",NOERROR,"2606:4700::6810:f958, 2606:4700::6810:f858",True,cloudflare,,,,,
,pos.ticketing.cm.com,,"robin.ns.cloudflare.com, dns.cloudflare.com",NOERROR,,,,,,,,
,pp.cm.com,,"robin.ns.cloudflare.com, dns.cloudflare.com",NOERROR,,,,,,,,
,ppoly.cm.com,,"robin.ns.cloudflare.com, dns.cloudflare.com",NOERROR,,,,,,,,
,preview.cm.com,"104.16.248.88, 104.16.249.88","robin.ns.cloudflare.com, dns.cloudflare.com",NOERROR,"2606:4700::6810:f858, 2606:4700::6810:f958",True,cloudflare,,,,,
,priziac.cm.com,,"robin.ns.cloudflare.com, dns.cloudflare.com",NOERROR,,,,,,,,
,proquro.cm.com,"104.16.248.88, 104.16.249.88","robin.ns.cloudflare.com, dns.cloudflare.com",NOERROR,"2606:4700::6810:f958, 2606:4700::6810:f858",True,cloudflare,,,,,
,protocall.cm.com,,"robin.ns.cloudflare.com, dns.cloudflare.com",NOERROR,,,,,,,,
,proxeed.cm.com,,"robin.ns.cloudflare.com, dns.cloudflare.com",NOERROR,,,,,,,,
,ptzh.sap.cm.com,,"robin.ns.cloudflare.com, dns.cloudflare.com",NOERROR,,,,,,,,
,purpleroofs.cm.com,,"robin.ns.cloudflare.com, dns.cloudflare.com",NOERROR,,,,,,,,
,qc.cm.com,,"robin.ns.cloudflare.com, dns.cloudflare.com",NOERROR,,,,,,,,
,qgqm.cm.com,,"robin.ns.cloudflare.com, dns.cloudflare.com",NOERROR,,,,,,,,
,qmdc.sap.cm.com,,"robin.ns.cloudflare.com, dns.cloudflare.com",NOERROR,,,,,,,,
,qq.wist.cm.com,,"robin.ns.cloudflare.com, dns.cloudflare.com",NOERROR,,,,,,,,
,qqadmin.cm.com,,"robin.ns.cloudflare.com, dns.cloudflare.com",NOERROR,,,,,,,,
,qqgameadmin.cm.com,,"robin.ns.cloudflare.com, dns.cloudflare.com",NOERROR,,,,,,,,
,qqmail.cm.com,,"robin.ns.cloudflare.com, dns.cloudflare.com",NOERROR,,,,,,,,
,qqmusic.cm.com,,"robin.ns.cloudflare.com, dns.cloudflare.com",NOERROR,,,,,,,,
,qqmusic2.cm.com,,"robin.ns.cloudflare.com, dns.cloudflare.com",NOERROR,,,,,,,,
,qqmusic3.cm.com,,"robin.ns.cloudflare.com, dns.cloudflare.com",NOERROR,,,,,,,,
,qqpet2admin.cm.com,,"robin.ns.cloudflare.com, dns.cloudflare.com",NOERROR,,,,,,,,
,qqring.cm.com,,"robin.ns.cloudflare.com, dns.cloudflare.com",NOERROR,,,,,,,,
,qqx5.sap.cm.com,,"robin.ns.cloudflare.com, dns.cloudflare.com",NOERROR,,,,,,,,
,queue-api.ticketing.cm.com,"104.16.248.88, 104.16.249.88","robin.ns.cloudflare.com, dns.cloudflare.com",NOERROR,"2606:4700::6810:f858, 2606:4700::6810:f958",True,cloudflare,,,,,
,queue.ticketing.cm.com,"104.16.248.88, 104.16.249.88","robin.ns.cloudflare.com, dns.cloudflare.com",NOERROR,"2606:4700::6810:f858, 2606:4700::6810:f958",True,cloudflare,,,,,
,quickndeadly.cm.com,,"robin.ns.cloudflare.com, dns.cloudflare.com",NOERROR,,,,,,,,
,qx.cm.com,,"robin.ns.cloudflare.com, dns.cloudflare.com",NOERROR,,,,,,,,
,qzone.cm.com,,"robin.ns.cloudflare.com, dns.cloudflare.com",NOERROR,,,,,,,,
,qzonevas.cm.com,,"robin.ns.cloudflare.com, dns.cloudflare.com",NOERROR,,,,,,,,
,r2beat-oss.cm.com,,"robin.ns.cloudflare.com, dns.cloudflare.com",NOERROR,,,,,,,,
,ran.029.cm.com,,"robin.ns.cloudflare.com, dns.cloudflare.com",NOERROR,,,,,,,,
,raovatchatluong.cm.com,,"robin.ns.cloudflare.com, dns.cloudflare.com",NOERROR,,,,,,,,
,rdgw.cm.com,"188.94.185.132, 188.94.184.132","robin.ns.cloudflare.com, dns.cloudflare.com",NOERROR,,,,,,,,
,realestateiii.cm.com,,"robin.ns.cloudflare.com, dns.cloudflare.com",NOERROR,,,,,,,,
,receipt.acceptance.ecr.cm.com,"104.16.248.88, 104.16.249.88","robin.ns.cloudflare.com, dns.cloudflare.com",NOERROR,"2606:4700::6810:f958, 2606:4700::6810:f858",True,cloudflare,,,,,
,receipt.ecr.cm.com,"104.16.249.88, 104.16.248.88","robin.ns.cloudflare.com, dns.cloudflare.com",NOERROR,"2606:4700::6810:f958, 2606:4700::6810:f858",True,cloudflare,,,,,
,redirect.pay.cm.com,31.169.62.149,"robin.ns.cloudflare.com, dns.cloudflare.com",NOERROR,2a10:9d80:2:1003::f,,,,,,,
,register.hostgator.cm.com,,"robin.ns.cloudflare.com, dns.cloudflare.com",NOERROR,,,,,,,,
,report.cm.com,,"robin.ns.cloudflare.com, dns.cloudflare.com",NOERROR,,,,,,,,
,resend.ticketing.cm.com,"104.16.248.88, 104.16.249.88","robin.ns.cloudflare.com, dns.cloudflare.com",NOERROR,"2606:4700::6810:f858, 2606:4700::6810:f958",True,cloudflare,,,,,
,rlm.cm.com,,"robin.ns.cloudflare.com, dns.cloudflare.com",NOERROR,,,,,,,,
,russiaukrainechina.cm.com,,"robin.ns.cloudflare.com, dns.cloudflare.com",NOERROR,,,,,,,,
,s-k.cm.com,,"robin.ns.cloudflare.com, dns.cloudflare.com",NOERROR,,,,,,,,
,sandbox.pay.cm.com,"104.16.248.88, 104.16.249.88","robin.ns.cloudflare.com, dns.cloudflare.com",NOERROR,"2606:4700::6810:f958, 2606:4700::6810:f858",True,cloudflare,322nd5g0by5clzk8ksy4464p63f8gyd9,,,,
,sasa.cm.com,,"robin.ns.cloudflare.com, dns.cloudflare.com",NOERROR,,,,,,,,
,satyaki.cm.com,,"robin.ns.cloudflare.com, dns.cloudflare.com",NOERROR,,,,,,,,
,sbc.cm.com,188.94.184.131,"robin.ns.cloudflare.com, dns.cloudflare.com",NOERROR,,,,,,,,
,schooladmin.cm.com,,"robin.ns.cloudflare.com, dns.cloudflare.com",NOERROR,,,,,,,,
,search.botsupport.cm.com,173.194.222.121,"ns1.google.com, dns-admin.google.com",NOERROR,2a00:1450:4010:c0b::79,,,,ghs.googlehosted.com,,,
,search.cm.com,,"robin.ns.cloudflare.com, dns.cloudflare.com",NOERROR,,,,,,,,
,searchmole.cm.com,,"robin.ns.cloudflare.com, dns.cloudflare.com",NOERROR,,,,,,,,
,searchwords.cm.com,,"robin.ns.cloudflare.com, dns.cloudflare.com",NOERROR,,,,,,,,
,sec.cm.com,,"robin.ns.cloudflare.com, dns.cloudflare.com",NOERROR,,,,,,,,
,secure.pay.cm.com,85.119.54.5,"robin.ns.cloudflare.com, dns.cloudflare.com",NOERROR,,,,,,,,
,securityworld.cm.com,,"robin.ns.cloudflare.com, dns.cloudflare.com",NOERROR,,,,,,,,
,serialio.cm.com,,"robin.ns.cloudflare.com, dns.cloudflare.com",NOERROR,,,,,,,,
,services.pay.cm.com,85.119.54.4,"robin.ns.cloudflare.com, dns.cloudflare.com",NOERROR,,,,,,,,
,services.sandbox.pay.cm.com,"104.16.249.88, 104.16.248.88","robin.ns.cloudflare.com, dns.cloudflare.com",NOERROR,"2606:4700::6810:f958, 2606:4700::6810:f858",True,cloudflare,,,,,
,sexchatcafe.cm.com,,"robin.ns.cloudflare.com, dns.cloudflare.com",NOERROR,,,,,,,,
,sexssss.cm.com,,"robin.ns.cloudflare.com, dns.cloudflare.com",NOERROR,,,,,,,,
,sg.cm.com,,"aisha.ns.cloudflare.com, dns.cloudflare.com",NOERROR,,,,v=spf1 ip4:167.89.95.220 ip4:168.245.61.112 -all,u6385106.wl107.sendgrid.net,mx.sendgrid.net,,
,sh.cm.com,,"robin.ns.cloudflare.com, dns.cloudflare.com",NOERROR,,,,,,,,
,shadow-001.ticketing.cm.com,,"robin.ns.cloudflare.com, dns.cloudflare.com",NOERROR,,,,,,,,
,shadow-002.ticketing.cm.com,,"robin.ns.cloudflare.com, dns.cloudflare.com",NOERROR,,,,,,,,
,shadow.cms.cm.com,,"robin.ns.cloudflare.com, dns.cloudflare.com",NOERROR,,,,,,,,
,shanghaifastd.cm.com,,"robin.ns.cloudflare.com, dns.cloudflare.com",NOERROR,,,,,,,,
,share.ticketing.cm.com,"104.16.249.88, 104.16.248.88","robin.ns.cloudflare.com, dns.cloudflare.com",NOERROR,"2606:4700::6810:f958, 2606:4700::6810:f858",True,cloudflare,,,,,
,shareflo.cm.com,,"robin.ns.cloudflare.com, dns.cloudflare.com",NOERROR,,,,,,,,
,shenhe.cm.com,,"robin.ns.cloudflare.com, dns.cloudflare.com",NOERROR,,,,,,,,
,shop.ticketing.cm.com,"104.16.248.88, 104.16.249.88","robin.ns.cloudflare.com, dns.cloudflare.com",NOERROR,"2606:4700::6810:f858, 2606:4700::6810:f958",True,cloudflare,,,,,
,show.cm.com,,"robin.ns.cloudflare.com, dns.cloudflare.com",NOERROR,,,,,,,,
,showadmin.cm.com,,"robin.ns.cloudflare.com, dns.cloudflare.com",NOERROR,,,,,,,,
,si.cm.com,,"robin.ns.cloudflare.com, dns.cloudflare.com",NOERROR,,,,,,,,
,sichico.cm.com,,"robin.ns.cloudflare.com, dns.cloudflare.com",NOERROR,,,,,,,,
,simplyjill.cm.com,,"robin.ns.cloudflare.com, dns.cloudflare.com",NOERROR,,,,,,,,
,sladmin.cm.com,,"robin.ns.cloudflare.com, dns.cloudflare.com",NOERROR,,,,,,,,
,smpp178.messaging.cm.com,188.94.185.4,"robin.ns.cloudflare.com, dns.cloudflare.com",NOERROR,,,,,,,,
,smpp179.messaging.cm.com,188.94.184.4,"robin.ns.cloudflare.com, dns.cloudflare.com",NOERROR,,,,,,,,
,smpp180.messaging.cm.com,188.94.186.4,"robin.ns.cloudflare.com, dns.cloudflare.com",NOERROR,,,,,,,,
,smtp02.cm.com,188.94.186.92,"robin.ns.cloudflare.com, dns.cloudflare.com",NOERROR,,,,wnqd7qltfb34rvdwnfdw4qnx7mtkc5sy,,,,
,smtp12.cm.com,188.94.184.83,"robin.ns.cloudflare.com, dns.cloudflare.com",NOERROR,,,,f165xn1yhdpmtpgl6drns85zg4vr55cl,,,,
,smtp22.cm.com,188.94.185.83,"robin.ns.cloudflare.com, dns.cloudflare.com",NOERROR,,,,sry0lyz9hqzty7xvb3c749wwxhzzg1xn,,,,
,softagz.cm.com,,"robin.ns.cloudflare.com, dns.cloudflare.com",NOERROR,,,,,,,,
,speed.sap.cm.com,,"robin.ns.cloudflare.com, dns.cloudflare.com",NOERROR,,,,,,,,
,spf.cm.com,,"robin.ns.cloudflare.com, dns.cloudflare.com",NOERROR,,,,v=spf1 include:spf-a.cm.com include:spf-b.cm.com include:spf-c.cm.com include:spf-d.cm.com include:_spf.supportbyrobin.com include:_spf.salesforce.com -all,,,,
,srmtest.cm.com,,"robin.ns.cloudflare.com, dns.cloudflare.com",NOERROR,,,,,,,,
,sso.sandbox.pay.cm.com,"104.16.248.88, 104.16.249.88","robin.ns.cloudflare.com, dns.cloudflare.com",NOERROR,"2606:4700::6810:f858, 2606:4700::6810:f958",True,cloudflare,,,,,
,static.cm.com,31.169.61.40,"robin.ns.cloudflare.com, dns.cloudflare.com",NOERROR,,,,,,,,
,status.cm.com,,"ns-1711.awsdns-21.co.uk, awsdns-hostmaster.amazon.com",NOERROR,,,,,sr375f5kvsx0.stspg-customer.com,,,
,store.ticketing.cm.com,"104.16.248.88, 104.16.249.88","robin.ns.cloudflare.com, dns.cloudflare.com",NOERROR,"2606:4700::6810:f858, 2606:4700::6810:f958",True,cloudflare,google-site-verification=0ZAFU9vIAAh6AOk9zCb6Bpo5hOo0t_IzMCldXIy6bDY,,,,
,stream.cm.com,,"robin.ns.cloudflare.com, dns.cloudflare.com",NOERROR,,,,,,,,
,streamer-stage.botsupport.cm.com,142.250.185.115,"ns1.google.com, dns-admin.google.com",NOERROR,2a00:1450:4001:80f::2013,,,,ghs.googlehosted.com,,,
,strongbit.cm.com,,"robin.ns.cloudflare.com, dns.cloudflare.com",NOERROR,,,,,,,,
,support.ticketing.cm.com,"104.16.248.88, 104.16.249.88","robin.ns.cloudflare.com, dns.cloudflare.com",NOERROR,"2606:4700::6810:f858, 2606:4700::6810:f958",True,cloudflare,,,,,
,survey.cm.com,,"robin.ns.cloudflare.com, dns.cloudflare.com",NOERROR,,,,,,,,
,surveysaid.cm.com,,"robin.ns.cloudflare.com, dns.cloudflare.com",NOERROR,,,,,,,,
,sweetiex.cm.com,,"robin.ns.cloudflare.com, dns.cloudflare.com",NOERROR,,,,,,,,
,sysohu.cm.com,,"robin.ns.cloudflare.com, dns.cloudflare.com",NOERROR,,,,,,,,
,t-rage.cm.com,,"robin.ns.cloudflare.com, dns.cloudflare.com",NOERROR,,,,,,,,
,tagteach.cm.com,,"robin.ns.cloudflare.com, dns.cloudflare.com",NOERROR,,,,,,,,
,taskoa.cm.com,,"robin.ns.cloudflare.com, dns.cloudflare.com",NOERROR,,,,,,,,
,tausiet.cm.com,,"robin.ns.cloudflare.com, dns.cloudflare.com",NOERROR,,,,,,,,
,tcss.cm.com,,"robin.ns.cloudflare.com, dns.cloudflare.com",NOERROR,,,,,,,,
,tcsstest.cm.com,,"robin.ns.cloudflare.com, dns.cloudflare.com",NOERROR,,,,,,,,
,teams-sbc.cm.com,,"robin.ns.cloudflare.com, dns.cloudflare.com",NOERROR,,,,,,,,
,tel.cm.com,,"robin.ns.cloudflare.com, dns.cloudflare.com",NOERROR,,,,,,,,
,test.cm.com,,"robin.ns.cloudflare.com, dns.cloudflare.com",NOERROR,,,,,,,,
,ticketing.cm.com,,"robin.ns.cloudflare.com, dns.cloudflare.com",NOERROR,,,,,,,,
,tools.cdp.cm.com,34.160.148.116,"robin.ns.cloudflare.com, dns.cloudflare.com",NOERROR,,True,google,,,,,
,tools.pet.cm.com,,"robin.ns.cloudflare.com, dns.cloudflare.com",NOERROR,,,,,,,,
,tools2.pet.cm.com,,"robin.ns.cloudflare.com, dns.cloudflare.com",NOERROR,,,,,,,,
,tor89-147-pdb.botsupport.cm.com,142.251.1.121,"ns1.google.com, dns-admin.google.com",NOERROR,2a00:1450:4010:c01::79,,,,ghs.googlehosted.com,,,
,tp.cm.com,,"robin.ns.cloudflare.com, dns.cloudflare.com",NOERROR,,,,,,,,
,traveldocs.cm.com,,"robin.ns.cloudflare.com, dns.cloudflare.com",NOERROR,,,,,,,,
,tunebooks.cm.com,,"robin.ns.cloudflare.com, dns.cloudflare.com",NOERROR,,,,,,,,
,tvolucion.cm.com,,"robin.ns.cloudflare.com, dns.cloudflare.com",NOERROR,,,,,,,,
,tw.cm.com,,"robin.ns.cloudflare.com, dns.cloudflare.com",NOERROR,,,,,,,,
,tw.sb.th.cm.com,,"robin.ns.cloudflare.com, dns.cloudflare.com",NOERROR,,,,,,,,
,two.cm.com,3.120.95.238,"robin.ns.cloudflare.com, dns.cloudflare.com",NOERROR,,,,,,,,
,uatucm.comcast.com,96.114.120.43,"dns101.comcast.net, domregtech.comcastonline.com",NOERROR,,,,,,,,
,ue.cm.com,,"robin.ns.cloudflare.com, dns.cloudflare.com",NOERROR,,,,,,,,
,unspace.cm.com,,"robin.ns.cloudflare.com, dns.cloudflare.com",NOERROR,,,,,,,,
,update.cm.com,188.94.184.135,"robin.ns.cloudflare.com, dns.cloudflare.com",NOERROR,,,,,,,,
,v.cm.com,,"robin.ns.cloudflare.com, dns.cloudflare.com",NOERROR,,,,,,,,
,v1.botsupport.cm.com,64.233.165.121,"ns1.google.com, dns-admin.google.com",NOERROR,2a00:1450:400f:80d::2013,,,,ghs.googlehosted.com,,,
,v2.xydata.cm.com,,"robin.ns.cloudflare.com, dns.cloudflare.com",NOERROR,,,,,,,,
,valuecolo.cm.com,,"robin.ns.cloudflare.com, dns.cloudflare.com",NOERROR,,,,,,,,
,verify.cm.com,34.110.180.34,"ns-586.awsdns-09.net, awsdns-hostmaster.amazon.com",NOERROR,,True,google,"google-site-verification=FIGVOKZm6lQFDBJaiC2DdwvBy8TInunoGCt-1gnL4PA, v=spf1 include:_spf.mailgun.org include:_spf.eu.mailgun.org -all, 8f7088gv5932jxw9lwwd1b6ttx2pw2ds",mailgun.org,"mxa.mailgun.org, mxb.mailgun.org","ns-586.awsdns-09.net, ns-133.awsdns-16.com, ns-1482.awsdns-57.org, ns-1614.awsdns-09.co.uk","digicert.com, letsencrypt.org, ;"
,video.cm.com,,"robin.ns.cloudflare.com, dns.cloudflare.com",NOERROR,,,,,,,,
,vip.cm.com,,"robin.ns.cloudflare.com, dns.cloudflare.com",NOERROR,,,,,,,,
,vn7.cm.com,,"robin.ns.cloudflare.com, dns.cloudflare.com",NOERROR,,,,,,,,
,vnet.cm.com,,"robin.ns.cloudflare.com, dns.cloudflare.com",NOERROR,,,,,,,,
,voc.cm.com,,"robin.ns.cloudflare.com, dns.cloudflare.com",NOERROR,,,,,,,,
,vohocvietnam.cm.com,,"robin.ns.cloudflare.com, dns.cloudflare.com",NOERROR,,,,,,,,
,voip.cm.com,,"cosmin.ns.cloudflare.com, dns.cloudflare.com",NOERROR,,,,,,,"martha.ns.cloudflare.com, cosmin.ns.cloudflare.com",
,vpn.cm.com,31.169.58.179,"robin.ns.cloudflare.com, dns.cloudflare.com",NOERROR,,,,,,,,
,vpp.cm.com,,"robin.ns.cloudflare.com, dns.cloudflare.com",NOERROR,,,,,,,,
,warez.cm.com,,"robin.ns.cloudflare.com, dns.cloudflare.com",NOERROR,,,,,,,,
,web.botsupport.cm.com,142.250.185.115,"ns1.google.com, dns-admin.google.com",NOERROR,2a00:1450:4001:827::2013,,,,ghs.googlehosted.com,,,
,webestilo.cm.com,,"robin.ns.cloudflare.com, dns.cloudflare.com",NOERROR,,,,,,,,
,webmail.sops.cm.com,,"robin.ns.cloudflare.com, dns.cloudflare.com",NOERROR,,,,,,,,
,website.cm.com,,"robin.ns.cloudflare.com, dns.cloudflare.com",NOERROR,,,,,,,,
,wernercohn.cm.com,,"robin.ns.cloudflare.com, dns.cloudflare.com",NOERROR,,,,,,,,
,wgame.cm.com,,"robin.ns.cloudflare.com, dns.cloudflare.com",NOERROR,,,,,,,,
,wl.cm.com,,"robin.ns.cloudflare.com, dns.cloudflare.com",NOERROR,,,,,,,,
,wl.sap.cm.com,,"robin.ns.cloudflare.com, dns.cloudflare.com",NOERROR,,,,,,,,
,woc.cm.com,,"robin.ns.cloudflare.com, dns.cloudflare.com",NOERROR,,,,,,,,
,workrecord.cm.com,,"robin.ns.cloudflare.com, dns.cloudflare.com",NOERROR,,,,,,,,
,wsjm.cm.com,,"robin.ns.cloudflare.com, dns.cloudflare.com",NOERROR,,,,,,,,
,ww.cm.com,,"robin.ns.cloudflare.com, dns.cloudflare.com",NOERROR,,,,,,,,
,www.108.cm.com,,"robin.ns.cloudflare.com, dns.cloudflare.com",NOERROR,,,,,,,,
,www.10qq.cm.com,,"robin.ns.cloudflare.com, dns.cloudflare.com",NOERROR,,,,,,,,
,www.163.com.cm.com,,"robin.ns.cloudflare.com, dns.cloudflare.com",NOERROR,,,,,,,,
,www.169.cm.com,,"robin.ns.cloudflare.com, dns.cloudflare.com",NOERROR,,,,,,,,
,www.1860.oz.cm.com,,"robin.ns.cloudflare.com, dns.cloudflare.com",NOERROR,,,,,,,,
,www.20.cm.com,,"robin.ns.cloudflare.com, dns.cloudflare.com",NOERROR,,,,,,,,
,www.22ccc.cm.com,,"robin.ns.cloudflare.com, dns.cloudflare.com",NOERROR,,,,,,,,
,www.2cm2.cm.com,,"robin.ns.cloudflare.com, dns.cloudflare.com",NOERROR,,,,,,,,
,www.2t.cm.com,,"robin.ns.cloudflare.com, dns.cloudflare.com",NOERROR,,,,,,,,
,www.3158.cm.com,,"robin.ns.cloudflare.com, dns.cloudflare.com",NOERROR,,,,,,,,
,www.360.yhoo.cm.com,,"robin.ns.cloudflare.com, dns.cloudflare.com",NOERROR,,,,,,,,
,www.38.yin.cm.com,,"robin.ns.cloudflare.com, dns.cloudflare.com",NOERROR,,,,,,,,
,www.3dpsw.cm.com,,"robin.ns.cloudflare.com, dns.cloudflare.com",NOERROR,,,,,,,,
,www.3m.cm.com,,"robin.ns.cloudflare.com, dns.cloudflare.com",NOERROR,,,,,,,,
,www.3w.ocj.com.cm.com,,"robin.ns.cloudflare.com, dns.cloudflare.com",NOERROR,,,,,,,,
,www.4749.cm.com,,"robin.ns.cloudflare.com, dns.cloudflare.com",NOERROR,,,,,,,,
,www.4shared.cm.com,,"robin.ns.cloudflare.com, dns.cloudflare.com",NOERROR,,,,,,,,
,www.51x.cm.com,,"robin.ns.cloudflare.com, dns.cloudflare.com",NOERROR,,,,,,,,
,www.56567.cm.com,,"robin.ns.cloudflare.com, dns.cloudflare.com",NOERROR,,,,,,,,
,www.56zz.cm.com,,"robin.ns.cloudflare.com, dns.cloudflare.com",NOERROR,,,,,,,,
,www.5aa.cm.com,,"robin.ns.cloudflare.com, dns.cloudflare.com",NOERROR,,,,,,,,
,www.6.cm.com,,"robin.ns.cloudflare.com, dns.cloudflare.com",NOERROR,,,,,,,,
,www.79.cm.com,,"robin.ns.cloudflare.com, dns.cloudflare.com",NOERROR,,,,,,,,
,www.946.cm.com,,"robin.ns.cloudflare.com, dns.cloudflare.com",NOERROR,,,,,,,,
,www.aaa.cm.com,,"robin.ns.cloudflare.com, dns.cloudflare.com",NOERROR,,,,,,,,
,www.acaiberry.cm.com,,"robin.ns.cloudflare.com, dns.cloudflare.com",NOERROR,,,,,,,,
,www.adrenalineairsoft.cm.com,,"robin.ns.cloudflare.com, dns.cloudflare.com",NOERROR,,,,,,,,
,www.advfn.cm.com,,"robin.ns.cloudflare.com, dns.cloudflare.com",NOERROR,,,,,,,,
,www.africachicks.cm.com,,"robin.ns.cloudflare.com, dns.cloudflare.com",NOERROR,,,,,,,,
,www.aicoco.cm.com,,"robin.ns.cloudflare.com, dns.cloudflare.com",NOERROR,,,,,,,,
,www.aikanqq.cm.com,,"robin.ns.cloudflare.com, dns.cloudflare.com",NOERROR,,,,,,,,
,www.airfrance.cm.com,,"robin.ns.cloudflare.com, dns.cloudflare.com",NOERROR,,,,,,,,
,www.alexa.cm.com,,"robin.ns.cloudflare.com, dns.cloudflare.com",NOERROR,,,,,,,,
,www.americankennelclub.cm.com,,"robin.ns.cloudflare.com, dns.cloudflare.com",NOERROR,,,,,,,,
,www.amway.cm.com,,"robin.ns.cloudflare.com, dns.cloudflare.com",NOERROR,,,,,,,,
,www.antivirus.cm.com,,"robin.ns.cloudflare.com, dns.cloudflare.com",NOERROR,,,,,,,,
,www.anyname.cm.com,,"robin.ns.cloudflare.com, dns.cloudflare.com",NOERROR,,,,,,,,
,www.ask.cm.com,,"robin.ns.cloudflare.com, dns.cloudflare.com",NOERROR,,,,,,,,
,www.autotrader.cm.com,,"robin.ns.cloudflare.com, dns.cloudflare.com",NOERROR,,,,,,,,
,www.avl.cm.com,,"robin.ns.cloudflare.com, dns.cloudflare.com",NOERROR,,,,,,,,
,www.avl.com.cm.com,,"robin.ns.cloudflare.com, dns.cloudflare.com",NOERROR,,,,,,,,
,www.bachelorettesuperstore.cm.com,,"robin.ns.cloudflare.com, dns.cloudflare.com",NOERROR,,,,,,,,
,www.baidu.cm.com,,"robin.ns.cloudflare.com, dns.cloudflare.com",NOERROR,,,,,,,,
,www.bangsaen.cm.com,,"robin.ns.cloudflare.com, dns.cloudflare.com",NOERROR,,,,,,,,
,www.bbc.cm.com,,"robin.ns.cloudflare.com, dns.cloudflare.com",NOERROR,,,,,,,,
,www.bbcarabic.cm.com,,"robin.ns.cloudflare.com, dns.cloudflare.com",NOERROR,,,,,,,,
,www.bcbskc.cm.com,,"robin.ns.cloudflare.com, dns.cloudflare.com",NOERROR,,,,,,,,
,www.beatriz.cm.com,,"robin.ns.cloudflare.com, dns.cloudflare.com",NOERROR,,,,,,,,
,www.betechs.cm.com,,"robin.ns.cloudflare.com, dns.cloudflare.com",NOERROR,,,,,,,,
,www.bf2.cm.com,,"robin.ns.cloudflare.com, dns.cloudflare.com",NOERROR,,,,,,,,
,www.bhulekh.cm.com,,"robin.ns.cloudflare.com, dns.cloudflare.com",NOERROR,,,,,,,,
,www.bigadda.cm.com,,"robin.ns.cloudflare.com, dns.cloudflare.com",NOERROR,,,,,,,,
,www.bigcocknextdoor.cm.com,,"robin.ns.cloudflare.com, dns.cloudflare.com",NOERROR,,,,,,,,
,www.bigpapa.cm.com,,"robin.ns.cloudflare.com, dns.cloudflare.com",NOERROR,,,,,,,,
,www.blackhatseo.cm.com,,"robin.ns.cloudflare.com, dns.cloudflare.com",NOERROR,,,,,,,,
,www.bmo.cm.com,,"robin.ns.cloudflare.com, dns.cloudflare.com",NOERROR,,,,,,,,
,www.board-ani.ap01.aws.af.cm.com,,"robin.ns.cloudflare.com, dns.cloudflare.com",NOERROR,,,,,,,,
,www.bpiexpresonline.cm.com,,"robin.ns.cloudflare.com, dns.cloudflare.com",NOERROR,,,,,,,,
,www.bt.cm.com,,"robin.ns.cloudflare.com, dns.cloudflare.com",NOERROR,,,,,,,,
,www.byucougars.cm.com,,"robin.ns.cloudflare.com, dns.cloudflare.com",NOERROR,,,,,,,,
,www.cadovn.cm.com,,"robin.ns.cloudflare.com, dns.cloudflare.com",NOERROR,,,,,,,,
,www.california.cm.com,,"robin.ns.cloudflare.com, dns.cloudflare.com",NOERROR,,,,,,,,
,www.camexamens.cm.com,,"robin.ns.cloudflare.com, dns.cloudflare.com",NOERROR,,,,,,,,
,www.camtelnet.cm.com,,"robin.ns.cloudflare.com, dns.cloudflare.com",NOERROR,,,,,,,,
,www.carsdiesel.cm.com,,"robin.ns.cloudflare.com, dns.cloudflare.com",NOERROR,,,,,,,,
,www.cfdt.cm.com,,"robin.ns.cloudflare.com, dns.cloudflare.com",NOERROR,,,,,,,,
,www.chibegam.cm.com,,"robin.ns.cloudflare.com, dns.cloudflare.com",NOERROR,,,,,,,,
,www.cityholding.cm.com,,"robin.ns.cloudflare.com, dns.cloudflare.com",NOERROR,,,,,,,,
,www.clothingemart.cm.com,,"robin.ns.cloudflare.com, dns.cloudflare.com",NOERROR,,,,,,,,
,www.cm.com,"104.16.248.88, 104.16.249.88","robin.ns.cloudflare.com, dns.cloudflare.com",NOERROR,"2606:4700::6810:f858, 2606:4700::6810:f958",True,cloudflare,,,,,
,www.cn.cm.com,,"robin.ns.cloudflare.com, dns.cloudflare.com",NOERROR,,,,,,,,
,www.co.cm.com,,"robin.ns.cloudflare.com, dns.cloudflare.com",NOERROR,,,,,,,,
,www.cometbirds.cm.com,,"robin.ns.cloudflare.com, dns.cloudflare.com",NOERROR,,,,,,,,
,www.comwww.cm.com,,"robin.ns.cloudflare.com, dns.cloudflare.com",NOERROR,,,,,,,,
,www.copa.cm.com,,"robin.ns.cloudflare.com, dns.cloudflare.com",NOERROR,,,,,,,,
,www.cypress.cm.com,,"robin.ns.cloudflare.com, dns.cloudflare.com",NOERROR,,,,,,,,
,www.dbn.cm.com,,"robin.ns.cloudflare.com, dns.cloudflare.com",NOERROR,,,,,,,,
,www.debonairblog.cm.com,,"robin.ns.cloudflare.com, dns.cloudflare.com",NOERROR,,,,,,,,
,www.desimusic.cm.com,,"robin.ns.cloudflare.com, dns.cloudflare.com",NOERROR,,,,,,,,
,www.desipapa.cm.com,,"robin.ns.cloudflare.com, dns.cloudflare.com",NOERROR,,,,,,,,
,www.df-pm.cm.com,,"robin.ns.cloudflare.com, dns.cloudflare.com",NOERROR,,,,,,,,
,www.digg.cm.com,,"robin.ns.cloudflare.com, dns.cloudflare.com",NOERROR,,,,,,,,
,www.dishant.cm.com,,"robin.ns.cloudflare.com, dns.cloudflare.com",NOERROR,,,,,,,,
,www.dj99.cm.com,,"robin.ns.cloudflare.com, dns.cloudflare.com",NOERROR,,,,,,,,
,www.doblenucleo.cm.com,,"robin.ns.cloudflare.com, dns.cloudflare.com",NOERROR,,,,,,,,
,www.doilor.cm.com,,"robin.ns.cloudflare.com, dns.cloudflare.com",NOERROR,,,,,,,,
,www.domoneyonline.cm.com,,"robin.ns.cloudflare.com, dns.cloudflare.com",NOERROR,,,,,,,,
,www.elearning.cm.com,,"robin.ns.cloudflare.com, dns.cloudflare.com",NOERROR,,,,,,,,
,www.eluniversal.cm.com,,"robin.ns.cloudflare.com, dns.cloudflare.com",NOERROR,,,,,,,,
,www.emploiservice.cm.com,,"robin.ns.cloudflare.com, dns.cloudflare.com",NOERROR,,,,,,,,
,www.enablon.cm.com,,"robin.ns.cloudflare.com, dns.cloudflare.com",NOERROR,,,,,,,,
,www.encore.cm.com,,"robin.ns.cloudflare.com, dns.cloudflare.com",NOERROR,,,,,,,,
,www.ervice.et.66.cm.com,,"robin.ns.cloudflare.com, dns.cloudflare.com",NOERROR,,,,,,,,
,www.esc.cm.com,,"robin.ns.cloudflare.com, dns.cloudflare.com",NOERROR,,,,,,,,
,www.esupport.satyam.cm.com,,"robin.ns.cloudflare.com, dns.cloudflare.com",NOERROR,,,,,,,,
,www.exbii.cm.com,,"robin.ns.cloudflare.com, dns.cloudflare.com",NOERROR,,,,,,,,
,www.exchange2.ebates.cm.com,,"robin.ns.cloudflare.com, dns.cloudflare.com",NOERROR,,,,,,,,
,www.faceboo.cm.com,,"robin.ns.cloudflare.com, dns.cloudflare.com",NOERROR,,,,,,,,
,www.fantooshgames.cm.com,,"robin.ns.cloudflare.com, dns.cloudflare.com",NOERROR,,,,,,,,
,www.fidelity.cm.com,,"robin.ns.cloudflare.com, dns.cloudflare.com",NOERROR,,,,,,,,
,www.fm925.cm.com,,"robin.ns.cloudflare.com, dns.cloudflare.com",NOERROR,,,,,,,,
,www.fotolog.terra.cm.com,,"robin.ns.cloudflare.com, dns.cloudflare.com",NOERROR,,,,,,,,
,www.freesex.cm.com,,"robin.ns.cloudflare.com, dns.cloudflare.com",NOERROR,,,,,,,,
,www.friendster.cm.com,,"robin.ns.cloudflare.com, dns.cloudflare.com",NOERROR,,,,,,,,
,www.fubang.cm.com,,"robin.ns.cloudflare.com, dns.cloudflare.com",NOERROR,,,,,,,,
,www.fuckandbitch.cm.com,,"robin.ns.cloudflare.com, dns.cloudflare.com",NOERROR,,,,,,,,
,www.fuckbook.cm.com,,"robin.ns.cloudflare.com, dns.cloudflare.com",NOERROR,,,,,,,,
,www.fx.cm.com,,"robin.ns.cloudflare.com, dns.cloudflare.com",NOERROR,,,,,,,,
,www.gamesgames.cm.com,,"robin.ns.cloudflare.com, dns.cloudflare.com",NOERROR,,,,,,,,
,www.gasbustertv.cm.com,,"robin.ns.cloudflare.com, dns.cloudflare.com",NOERROR,,,,,,,,
,www.gd.118100.cm.com,,"robin.ns.cloudflare.com, dns.cloudflare.com",NOERROR,,,,,,,,
,www.gdsz.lss.gov.cm.com,,"robin.ns.cloudflare.com, dns.cloudflare.com",NOERROR,,,,,,,,
,www.getafreelancer.cm.com,,"robin.ns.cloudflare.com, dns.cloudflare.com",NOERROR,,,,,,,,
,www.gmac.cm.com,,"robin.ns.cloudflare.com, dns.cloudflare.com",NOERROR,,,,,,,,
,www.gmail.cm.com,,"robin.ns.cloudflare.com, dns.cloudflare.com",NOERROR,,,,,,,,
,www.go.cm.com,,"robin.ns.cloudflare.com, dns.cloudflare.com",NOERROR,,,,,,,,
,www.goldenservice.cm.com,,"robin.ns.cloudflare.com, dns.cloudflare.com",NOERROR,,,,,,,,
,www.goldtubeporn.cm.com,,"robin.ns.cloudflare.com, dns.cloudflare.com",NOERROR,,,,,,,,
,www.goodsamaritan.cm.com,,"robin.ns.cloudflare.com, dns.cloudflare.com",NOERROR,,,,,,,,
,www.google.cm.com,,"robin.ns.cloudflare.com, dns.cloudflare.com",NOERROR,,,,,,,,
,www.googles.cm.com,,"robin.ns.cloudflare.com, dns.cloudflare.com",NOERROR,,,,,,,,
,www.gotapparel.cm.com,,"robin.ns.cloudflare.com, dns.cloudflare.com",NOERROR,,,,,,,,
,www.gotrade.karvy.cm.com,,"robin.ns.cloudflare.com, dns.cloudflare.com",NOERROR,,,,,,,,
,www.grassavoye.cm.com,,"robin.ns.cloudflare.com, dns.cloudflare.com",NOERROR,,,,,,,,
,www.guigui8.cm.com,,"robin.ns.cloudflare.com, dns.cloudflare.com",NOERROR,,,,,,,,
,www.haberturk.cm.com,,"robin.ns.cloudflare.com, dns.cloudflare.com",NOERROR,,,,,,,,
,www.hal.cm.com,,"robin.ns.cloudflare.com, dns.cloudflare.com",NOERROR,,,,,,,,
,www.haliyikamamerkezi.cm.com,,"robin.ns.cloudflare.com, dns.cloudflare.com",NOERROR,,,,,,,,
,www.hamariweb.cm.com,,"robin.ns.cloudflare.com, dns.cloudflare.com",NOERROR,,,,,,,,
,www.hao.123.cm.com,,"robin.ns.cloudflare.com, dns.cloudflare.com",NOERROR,,,,,,,,
,www.har2ashegh.blogspot.cm.com,,"robin.ns.cloudflare.com, dns.cloudflare.com",NOERROR,,,,,,,,
,www.hc360.cm.com,,"robin.ns.cloudflare.com, dns.cloudflare.com",NOERROR,,,,,,,,
,www.health.scol.com.cm.com,,"robin.ns.cloudflare.com, dns.cloudflare.com",NOERROR,,,,,,,,
,www.healthprotector.cm.com,,"robin.ns.cloudflare.com, dns.cloudflare.com",NOERROR,,,,,,,,
,www.heartfullofblack.cm.com,,"robin.ns.cloudflare.com, dns.cloudflare.com",NOERROR,,,,,,,,
,www.herosh.cm.com,,"robin.ns.cloudflare.com, dns.cloudflare.com",NOERROR,,,,,,,,
,www.hi.hk.cm.com,,"robin.ns.cloudflare.com, dns.cloudflare.com",NOERROR,,,,,,,,
,www.hi5.cm.com,,"robin.ns.cloudflare.com, dns.cloudflare.com",NOERROR,,,,,,,,
,www.home.nage.com.cm.com,,"robin.ns.cloudflare.com, dns.cloudflare.com",NOERROR,,,,,,,,
,www.hongriedu.sina.cm.com,,"robin.ns.cloudflare.com, dns.cloudflare.com",NOERROR,,,,,,,,
,www.hootsuite.cm.com,,"robin.ns.cloudflare.com, dns.cloudflare.com",NOERROR,,,,,,,,
,www.hotmail.cm.com,,"robin.ns.cloudflare.com, dns.cloudflare.com",NOERROR,,,,,,,,
,www.http52mmk6.cm.com,,"robin.ns.cloudflare.com, dns.cloudflare.com",NOERROR,,,,,,,,
,www.huptt.zj.cm.com,,"robin.ns.cloudflare.com, dns.cloudflare.com",NOERROR,,,,,,,,
,www.i9.cm.com,,"robin.ns.cloudflare.com, dns.cloudflare.com",NOERROR,,,,,,,,
,www.icbc.com.cm.com,,"robin.ns.cloudflare.com, dns.cloudflare.com",NOERROR,,,,,,,,
,www.ifit-groupfitness.cm.com,,"robin.ns.cloudflare.com, dns.cloudflare.com",NOERROR,,,,,,,,
,www.igame.sina.com.cm.com,,"robin.ns.cloudflare.com, dns.cloudflare.com",NOERROR,,,,,,,,
,www.igoogle.com.cm.com,,"robin.ns.cloudflare.com, dns.cloudflare.com",NOERROR,,,,,,,,
,www.iong.btv.com.cm.com,,"robin.ns.cloudflare.com, dns.cloudflare.com",NOERROR,,,,,,,,
,www.jaaydaad.cm.com,,"robin.ns.cloudflare.com, dns.cloudflare.com",NOERROR,,,,,,,,
,www.jaber-pharma.cm.com,,"robin.ns.cloudflare.com, dns.cloudflare.com",NOERROR,,,,,,,,
,www.jaycn.cm.com,,"robin.ns.cloudflare.com, dns.cloudflare.com",NOERROR,,,,,,,,
,www.jftalent.cm.com,,"robin.ns.cloudflare.com, dns.cloudflare.com",NOERROR,,,,,,,,
,www.jinjan.cm.com,,"robin.ns.cloudflare.com, dns.cloudflare.com",NOERROR,,,,,,,,
,www.jinjanmetal.cm.com,,"robin.ns.cloudflare.com, dns.cloudflare.com",NOERROR,,,,,,,,
,www.jizzhut.cm.com,,"robin.ns.cloudflare.com, dns.cloudflare.com",NOERROR,,,,,,,,
,www.jobds.cm.com,,"robin.ns.cloudflare.com, dns.cloudflare.com",NOERROR,,,,,,,,
,www.jornaldemerda.cm.com,,"robin.ns.cloudflare.com, dns.cloudflare.com",NOERROR,,,,,,,,
,www.kayak.cm.com,,"robin.ns.cloudflare.com, dns.cloudflare.com",NOERROR,,,,,,,,
,www.kumanta.cm.com,,"robin.ns.cloudflare.com, dns.cloudflare.com",NOERROR,,,,,,,,
,www.kxw.cm.com,,"robin.ns.cloudflare.com, dns.cloudflare.com",NOERROR,,,,,,,,
,www.l2aqua.eu.cm.com,,"robin.ns.cloudflare.com, dns.cloudflare.com",NOERROR,,,,,,,,
,www.la2decrypter.eu.cm.com,,"robin.ns.cloudflare.com, dns.cloudflare.com",NOERROR,,,,,,,,
,www.le.cm.com,,"robin.ns.cloudflare.com, dns.cloudflare.com",NOERROR,,,,,,,,
,www.lilawpage.cm.com,,"robin.ns.cloudflare.com, dns.cloudflare.com",NOERROR,,,,,,,,
,www.linkmanager.cm.com,,"robin.ns.cloudflare.com, dns.cloudflare.com",NOERROR,,,,,,,,
,www.livejournal.cm.com,,"robin.ns.cloudflare.com, dns.cloudflare.com",NOERROR,,,,,,,,
,www.livescore.cm.com,,"robin.ns.cloudflare.com, dns.cloudflare.com",NOERROR,,,,,,,,
,www.lixuenzhao.51.cm.com,,"robin.ns.cloudflare.com, dns.cloudflare.com",NOERROR,,,,,,,,
,www.lottery.cm.com,,"robin.ns.cloudflare.com, dns.cloudflare.com",NOERROR,,,,,,,,
,www.mail.sina.com.cm.com,,"robin.ns.cloudflare.com, dns.cloudflare.com",NOERROR,,,,,,,,
,www.mail.yahoo.cm.com,,"robin.ns.cloudflare.com, dns.cloudflare.com",NOERROR,,,,,,,,
,www.mandalaybay.cm.com,,"robin.ns.cloudflare.com, dns.cloudflare.com",NOERROR,,,,,,,,
,www.mastemag.cm.com,,"robin.ns.cloudflare.com, dns.cloudflare.com",NOERROR,,,,,,,,
,www.mc.cm.com,,"robin.ns.cloudflare.com, dns.cloudflare.com",NOERROR,,,,,,,,
,www.mcot.cm.com,,"robin.ns.cloudflare.com, dns.cloudflare.com",NOERROR,,,,,,,,
,www.meboo.cm.com,,"robin.ns.cloudflare.com, dns.cloudflare.com",NOERROR,,,,,,,,
,www.megaclic6rbwow.cm.com,,"robin.ns.cloudflare.com, dns.cloudflare.com",NOERROR,,,,,,,,
,www.megmanexe.cm.com,,"robin.ns.cloudflare.com, dns.cloudflare.com",NOERROR,,,,,,,,
,www.miami.cm.com,,"robin.ns.cloudflare.com, dns.cloudflare.com",NOERROR,,,,,,,,
,www.micheld.cm.com,,"robin.ns.cloudflare.com, dns.cloudflare.com",NOERROR,,,,,,,,
,www.midnightchicago.cm.com,,"robin.ns.cloudflare.com, dns.cloudflare.com",NOERROR,,,,,,,,
,www.mightdesigner.cm.com,,"robin.ns.cloudflare.com, dns.cloudflare.com",NOERROR,,,,,,,,
,www.mikemike.cm.com,,"robin.ns.cloudflare.com, dns.cloudflare.com",NOERROR,,,,,,,,
,www.minfopra.gov.cm.com,,"robin.ns.cloudflare.com, dns.cloudflare.com",NOERROR,,,,,,,,
,www.minglebox.cm.com,,"robin.ns.cloudflare.com, dns.cloudflare.com",NOERROR,,,,,,,,
,www.miniclip.cm.com,,"robin.ns.cloudflare.com, dns.cloudflare.com",NOERROR,,,,,,,,
,www.mininova.cm.com,,"robin.ns.cloudflare.com, dns.cloudflare.com",NOERROR,,,,,,,,
,www.mir.qq7788.cm.com,,"robin.ns.cloudflare.com, dns.cloudflare.com",NOERROR,,,,,,,,
,www.mixx.cm.com,,"robin.ns.cloudflare.com, dns.cloudflare.com",NOERROR,,,,,,,,
,www.mm666.cm.com,,"robin.ns.cloudflare.com, dns.cloudflare.com",NOERROR,,,,,,,,
,www.mocospace.cm.com,,"robin.ns.cloudflare.com, dns.cloudflare.com",NOERROR,,,,,,,,
,www.montreaux.cm.com,,"robin.ns.cloudflare.com, dns.cloudflare.com",NOERROR,,,,,,,,
,www.mopsite.cm.com,,"robin.ns.cloudflare.com, dns.cloudflare.com",NOERROR,,,,,,,,
,www.mp3-friendster.cm.com,,"robin.ns.cloudflare.com, dns.cloudflare.com",NOERROR,,,,,,,,
,www.mpire.cm.com,,"robin.ns.cloudflare.com, dns.cloudflare.com",NOERROR,,,,,,,,
,www.mr2.cm.com,,"robin.ns.cloudflare.com, dns.cloudflare.com",NOERROR,,,,,,,,
,www.mthai.cm.com,,"robin.ns.cloudflare.com, dns.cloudflare.com",NOERROR,,,,,,,,
,www.mtvvui.cm.com,,"robin.ns.cloudflare.com, dns.cloudflare.com",NOERROR,,,,,,,,
,www.music2.x0746.cm.com,,"robin.ns.cloudflare.com, dns.cloudflare.com",NOERROR,,,,,,,,
,www.musica.cm.com,,"robin.ns.cloudflare.com, dns.cloudflare.com",NOERROR,,,,,,,,
,www.my510.cm.com,,"robin.ns.cloudflare.com, dns.cloudflare.com",NOERROR,,,,,,,,
,www.myfriendshotmom.cm.com,,"robin.ns.cloudflare.com, dns.cloudflare.com",NOERROR,,,,,,,,
,www.mz.cm.com,,"robin.ns.cloudflare.com, dns.cloudflare.com",NOERROR,,,,,,,,
,www.n2.cm.com,,"robin.ns.cloudflare.com, dns.cloudflare.com",NOERROR,,,,,,,,
,www.naturalhealthinformation.cm.com,,"robin.ns.cloudflare.com, dns.cloudflare.com",NOERROR,,,,,,,,
,www.neopointsales.cm.com,,"robin.ns.cloudflare.com, dns.cloudflare.com",NOERROR,,,,,,,,
,www.news.sina.com.cm.com,,"robin.ns.cloudflare.com, dns.cloudflare.com",NOERROR,,,,,,,,
,www.newyorktimes.cm.com,,"robin.ns.cloudflare.com, dns.cloudflare.com",NOERROR,,,,,,,,
,www.nick.cm.com,,"robin.ns.cloudflare.com, dns.cloudflare.com",NOERROR,,,,,,,,
,www.nix.cm.com,,"robin.ns.cloudflare.com, dns.cloudflare.com",NOERROR,,,,,,,,
,www.northernart.cm.com,,"robin.ns.cloudflare.com, dns.cloudflare.com",NOERROR,,,,,,,,
,www.noticias24.cm.com,,"robin.ns.cloudflare.com, dns.cloudflare.com",NOERROR,,,,,,,,
,www.ok.cm.com,,"robin.ns.cloudflare.com, dns.cloudflare.com",NOERROR,,,,,,,,
,www.omc.edu.cm.com,,"robin.ns.cloudflare.com, dns.cloudflare.com",NOERROR,,,,,,,,
,www.omwww.wg7777.cm.com,,"robin.ns.cloudflare.com, dns.cloudflare.com",NOERROR,,,,,,,,
,www.open.cm.com,,"robin.ns.cloudflare.com, dns.cloudflare.com",NOERROR,,,,,,,,
,www.orkut.cm.com,,"robin.ns.cloudflare.com, dns.cloudflare.com",NOERROR,,,,,,,,
,www.paristamil.cm.com,,"robin.ns.cloudflare.com, dns.cloudflare.com",NOERROR,,,,,,,,
,www.pc.cm.com,,"robin.ns.cloudflare.com, dns.cloudflare.com",NOERROR,,,,,,,,
,www.pep.cm.com,,"robin.ns.cloudflare.com, dns.cloudflare.com",NOERROR,,,,,,,,
,www.percepta.cm.com,,"robin.ns.cloudflare.com, dns.cloudflare.com",NOERROR,,,,,,,,
,www.pet.qq.cm.com,,"robin.ns.cloudflare.com, dns.cloudflare.com",NOERROR,,,,,,,,
,www.phw.cm.com,,"robin.ns.cloudflare.com, dns.cloudflare.com",NOERROR,,,,,,,,
,www.pipi.cm.com,,"robin.ns.cloudflare.com, dns.cloudflare.com",NOERROR,,,,,,,,
,www.pk.cm.com,,"robin.ns.cloudflare.com, dns.cloudflare.com",NOERROR,,,,,,,,
,www.porn.cm.com,,"robin.ns.cloudflare.com, dns.cloudflare.com",NOERROR,,,,,,,,
,www.prdedit.bostonglobe.cm.com,,"robin.ns.cloudflare.com, dns.cloudflare.com",NOERROR,,,,,,,,
,www.ps3fanboy.cm.com,,"robin.ns.cloudflare.com, dns.cloudflare.com",NOERROR,,,,,,,,
,www.pyramidflexiblepackaging.cm.com,,"robin.ns.cloudflare.com, dns.cloudflare.com",NOERROR,,,,,,,,
,www.qq163.cm.com,,"robin.ns.cloudflare.com, dns.cloudflare.com",NOERROR,,,,,,,,
,www.qq500.cm.com,,"robin.ns.cloudflare.com, dns.cloudflare.com",NOERROR,,,,,,,,
,www.quebecescort.cm.com,,"robin.ns.cloudflare.com, dns.cloudflare.com",NOERROR,,,,,,,,
,www.rac.cm.com,,"robin.ns.cloudflare.com, dns.cloudflare.com",NOERROR,,,,,,,,
,www.rajb2b.cm.com,,"robin.ns.cloudflare.com, dns.cloudflare.com",NOERROR,,,,,,,,
,www.refinancingsearch.cm.com,,"robin.ns.cloudflare.com, dns.cloudflare.com",NOERROR,,,,,,,,
,www.retube.cm.com,,"robin.ns.cloudflare.com, dns.cloudflare.com",NOERROR,,,,,,,,
,www.ring.fmcc.com.cm.com,,"robin.ns.cloudflare.com, dns.cloudflare.com",NOERROR,,,,,,,,
,www.ronaldinho.cm.com,,"robin.ns.cloudflare.com, dns.cloudflare.com",NOERROR,,,,,,,,
,www.saenergy.cm.com,,"robin.ns.cloudflare.com, dns.cloudflare.com",NOERROR,,,,,,,,
,www.salestech.cm.com,,"robin.ns.cloudflare.com, dns.cloudflare.com",NOERROR,,,,,,,,
,www.sanfeng.cm.com,,"robin.ns.cloudflare.com, dns.cloudflare.com",NOERROR,,,,,,,,
,www.savingangel.cm.com,,"robin.ns.cloudflare.com, dns.cloudflare.com",NOERROR,,,,,,,,
,www.scottleaver.cm.com,,"robin.ns.cloudflare.com, dns.cloudflare.com",NOERROR,,,,,,,,
,www.search.yahoo.cm.com,,"robin.ns.cloudflare.com, dns.cloudflare.com",NOERROR,,,,,,,,
,www.sensagent-dictionnaire.cm.com,,"robin.ns.cloudflare.com, dns.cloudflare.com",NOERROR,,,,,,,,
,www.serdal.cm.com,,"robin.ns.cloudflare.com, dns.cloudflare.com",NOERROR,,,,,,,,
,www.sex-tv.cm.com,,"robin.ns.cloudflare.com, dns.cloudflare.com",NOERROR,,,,,,,,
,www.shm.cm.com,,"robin.ns.cloudflare.com, dns.cloudflare.com",NOERROR,,,,,,,,
,www.shou.cm.com,,"robin.ns.cloudflare.com, dns.cloudflare.com",NOERROR,,,,,,,,
,www.sikhnet.cm.com,,"robin.ns.cloudflare.com, dns.cloudflare.com",NOERROR,,,,,,,,
,www.simrad.cm.com,,"robin.ns.cloudflare.com, dns.cloudflare.com",NOERROR,,,,,,,,
,www.sina.com.cm.com,,"robin.ns.cloudflare.com, dns.cloudflare.com",NOERROR,,,,,,,,
,www.sixflax.com.cm.com,,"robin.ns.cloudflare.com, dns.cloudflare.com",NOERROR,,,,,,,,
,www.socapalm.cm.com,,"robin.ns.cloudflare.com, dns.cloudflare.com",NOERROR,,,,,,,,
,www.sohu.com.cm.com,,"robin.ns.cloudflare.com, dns.cloudflare.com",NOERROR,,,,,,,,
,www.sonyericsson.cm.com,,"robin.ns.cloudflare.com, dns.cloudflare.com",NOERROR,,,,,,,,
,www.soundbody.cm.com,,"robin.ns.cloudflare.com, dns.cloudflare.com",NOERROR,,,,,,,,
,www.srichaitanyatechnoschools.cm.com,,"robin.ns.cloudflare.com, dns.cloudflare.com",NOERROR,,,,,,,,
,www.stahuj-all.cm.com,,"robin.ns.cloudflare.com, dns.cloudflare.com",NOERROR,,,,,,,,
,www.store.teazeworld.cm.com,,"robin.ns.cloudflare.com, dns.cloudflare.com",NOERROR,,,,,,,,
,www.superkitchen.blogspot.cm.com,,"robin.ns.cloudflare.com, dns.cloudflare.com",NOERROR,,,,,,,,
,www.svl.cm.com,,"robin.ns.cloudflare.com, dns.cloudflare.com",NOERROR,,,,,,,,
,www.swic.sh.cm.com,,"robin.ns.cloudflare.com, dns.cloudflare.com",NOERROR,,,,,,,,
,www.tadmor.cm.com,,"robin.ns.cloudflare.com, dns.cloudflare.com",NOERROR,,,,,,,,
,www.tam.cm.com,,"robin.ns.cloudflare.com, dns.cloudflare.com",NOERROR,,,,,,,,
,www.tamernoor.cm.com,,"robin.ns.cloudflare.com, dns.cloudflare.com",NOERROR,,,,,,,,
,www.text-centric.cm.com,,"robin.ns.cloudflare.com, dns.cloudflare.com",NOERROR,,,,,,,,
,www.thegioididong.cm.com,,"robin.ns.cloudflare.com, dns.cloudflare.com",NOERROR,,,,,,,,
,www.thehollybolly.blogspot.cm.com,,"robin.ns.cloudflare.com, dns.cloudflare.com",NOERROR,,,,,,,,
,www.thesmokinggun.cm.com,,"robin.ns.cloudflare.com, dns.cloudflare.com",NOERROR,,,,,,,,
,www.thestarksteam.cm.com,,"robin.ns.cloudflare.com, dns.cloudflare.com",NOERROR,,,,,,,,
,www.thongtinms.cm.com,,"robin.ns.cloudflare.com, dns.cloudflare.com",NOERROR,,,,,,,,
,www.tjfdc.cm.com,,"robin.ns.cloudflare.com, dns.cloudflare.com",NOERROR,,,,,,,,
,www.tk4479.cm.com,,"robin.ns.cloudflare.com, dns.cloudflare.com",NOERROR,,,,,,,,
,www.tom.cm.com,,"robin.ns.cloudflare.com, dns.cloudflare.com",NOERROR,,,,,,,,
,www.tormo.cm.com,,"robin.ns.cloudflare.com, dns.cloudflare.com",NOERROR,,,,,,,,
,www.towview.cm.com,,"robin.ns.cloudflare.com, dns.cloudflare.com",NOERROR,,,,,,,,
,www.travelshanti.cm.com,,"robin.ns.cloudflare.com, dns.cloudflare.com",NOERROR,,,,,,,,
,www.twitter.cm.com,,"robin.ns.cloudflare.com, dns.cloudflare.com",NOERROR,,,,,,,,
,www.union.cm.com,,"robin.ns.cloudflare.com, dns.cloudflare.com",NOERROR,,,,,,,,
,www.usualgirls.cm.com,,"robin.ns.cloudflare.com, dns.cloudflare.com",NOERROR,,,,,,,,
,www.utube.cm.com,,"robin.ns.cloudflare.com, dns.cloudflare.com",NOERROR,,,,,,,,
,www.vnet.qq.cm.com,,"robin.ns.cloudflare.com, dns.cloudflare.com",NOERROR,,,,,,,,
,www.vp.cm.com,,"robin.ns.cloudflare.com, dns.cloudflare.com",NOERROR,,,,,,,,
,www.vtunnel.cm.com,,"robin.ns.cloudflare.com, dns.cloudflare.com",NOERROR,,,,,,,,
,www.wap.youpark.cm.com,,"robin.ns.cloudflare.com, dns.cloudflare.com",NOERROR,,,,,,,,
,www.web.cm.com,,"robin.ns.cloudflare.com, dns.cloudflare.com",NOERROR,,,,,,,,
,www.webkinz.cm.com,,"robin.ns.cloudflare.com, dns.cloudflare.com",NOERROR,,,,,,,,
,www.wikipedia.cm.com,,"robin.ns.cloudflare.com, dns.cloudflare.com",NOERROR,,,,,,,,
,www.worldnetdaily.cm.com,,"robin.ns.cloudflare.com, dns.cloudflare.com",NOERROR,,,,,,,,
,www.worldstarhiphop.cm.com,,"robin.ns.cloudflare.com, dns.cloudflare.com",NOERROR,,,,,,,,
,www.wufu9688.com.cm.com,,"robin.ns.cloudflare.com, dns.cloudflare.com",NOERROR,,,,,,,,
,www.ww.1m9m.cm.com,,"robin.ns.cloudflare.com, dns.cloudflare.com",NOERROR,,,,,,,,
,www.ww.google.cm.com,,"robin.ns.cloudflare.com, dns.cloudflare.com",NOERROR,,,,,,,,
,www.ww.yahoo.cm.com,,"robin.ns.cloudflare.com, dns.cloudflare.com",NOERROR,,,,,,,,
,www.wwfriv.cm.com,,"robin.ns.cloudflare.com, dns.cloudflare.com",NOERROR,,,,,,,,
,www.www.0752.cm.com,,"robin.ns.cloudflare.com, dns.cloudflare.com",NOERROR,,,,,,,,
,www.www.10qq.cm.com,,"robin.ns.cloudflare.com, dns.cloudflare.com",NOERROR,,,,,,,,
,www.www.173edu.cm.com,,"robin.ns.cloudflare.com, dns.cloudflare.com",NOERROR,,,,,,,,
,www.www.17kk8.cm.com,,"robin.ns.cloudflare.com, dns.cloudflare.com",NOERROR,,,,,,,,
,www.www.18mall.cm.com,,"robin.ns.cloudflare.com, dns.cloudflare.com",NOERROR,,,,,,,,
,www.www.35.cm.com,,"robin.ns.cloudflare.com, dns.cloudflare.com",NOERROR,,,,,,,,
,www.www.372208901qq.cm.com,,"robin.ns.cloudflare.com, dns.cloudflare.com",NOERROR,,,,,,,,
,www.www.528.com.cm.com,,"robin.ns.cloudflare.com, dns.cloudflare.com",NOERROR,,,,,,,,
,www.www.5308.cm.com,,"robin.ns.cloudflare.com, dns.cloudflare.com",NOERROR,,,,,,,,
,www.www.6arab.cm.com,,"robin.ns.cloudflare.com, dns.cloudflare.com",NOERROR,,,,,,,,
,www.www.7sese.cm.com,,"robin.ns.cloudflare.com, dns.cloudflare.com",NOERROR,,,,,,,,
,www.www.8686886.cm.com,,"robin.ns.cloudflare.com, dns.cloudflare.com",NOERROR,,,,,,,,
,www.www.89.cm.com,,"robin.ns.cloudflare.com, dns.cloudflare.com",NOERROR,,,,,,,,
,www.www.abc.yc.com.cm.com,,"robin.ns.cloudflare.com, dns.cloudflare.com",NOERROR,,,,,,,,
,www.www.addictinggames.cm.com,,"robin.ns.cloudflare.com, dns.cloudflare.com",NOERROR,,,,,,,,
,www.www.ahtv.cm.com,,"robin.ns.cloudflare.com, dns.cloudflare.com",NOERROR,,,,,,,,
,www.www.alibaba.cm.com,,"robin.ns.cloudflare.com, dns.cloudflare.com",NOERROR,,,,,,,,
,www.www.amway.com.cm.com,,"robin.ns.cloudflare.com, dns.cloudflare.com",NOERROR,,,,,,,,
,www.www.aol.cm.com,,"robin.ns.cloudflare.com, dns.cloudflare.com",NOERROR,,,,,,,,
,www.www.avl.con.cm.com,,"robin.ns.cloudflare.com, dns.cloudflare.com",NOERROR,,,,,,,,
,www.www.ax.fd.cm.com,,"robin.ns.cloudflare.com, dns.cloudflare.com",NOERROR,,,,,,,,
,www.www.baidu.cm.com,,"robin.ns.cloudflare.com, dns.cloudflare.com",NOERROR,,,,,,,,
,www.www.baidu.com.cm.com,,"robin.ns.cloudflare.com, dns.cloudflare.com",NOERROR,,,,,,,,
,www.www.bigchina.com.cm.com,,"robin.ns.cloudflare.com, dns.cloudflare.com",NOERROR,,,,,,,,
,www.www.blasto.cm.com,,"robin.ns.cloudflare.com, dns.cloudflare.com",NOERROR,,,,,,,,
,www.www.bnb.cm.com,,"robin.ns.cloudflare.com, dns.cloudflare.com",NOERROR,,,,,,,,
,www.www.bnb.com.cm.com,,"robin.ns.cloudflare.com, dns.cloudflare.com",NOERROR,,,,,,,,
,www.www.boswtol.cm.com,,"robin.ns.cloudflare.com, dns.cloudflare.com",NOERROR,,,,,,,,
,www.www.bs333.cm.com,,"robin.ns.cloudflare.com, dns.cloudflare.com",NOERROR,,,,,,,,
,www.www.cablingworld.com.cm.com,,"robin.ns.cloudflare.com, dns.cloudflare.com",NOERROR,,,,,,,,
,www.www.chase.cm.com,,"robin.ns.cloudflare.com, dns.cloudflare.com",NOERROR,,,,,,,,
,www.www.cidu.net.cm.com,,"robin.ns.cloudflare.com, dns.cloudflare.com",NOERROR,,,,,,,,
,www.www.cinebox.cm.com,,"robin.ns.cloudflare.com, dns.cloudflare.com",NOERROR,,,,,,,,
,www.www.com.www.cm.com,,"robin.ns.cloudflare.com, dns.cloudflare.com",NOERROR,,,,,,,,
,www.www.coocle.cm.com,,"robin.ns.cloudflare.com, dns.cloudflare.com",NOERROR,,,,,,,,
,www.www.cookies.cm.com,,"robin.ns.cloudflare.com, dns.cloudflare.com",NOERROR,,,,,,,,
,www.www.danceage.cm.com,,"robin.ns.cloudflare.com, dns.cloudflare.com",NOERROR,,,,,,,,
,www.www.disneylatino.cm.com,,"robin.ns.cloudflare.com, dns.cloudflare.com",NOERROR,,,,,,,,
,www.www.dns.com.cm.com,,"robin.ns.cloudflare.com, dns.cloudflare.com",NOERROR,,,,,,,,
,www.www.earth.google.cm.com,,"robin.ns.cloudflare.com, dns.cloudflare.com",NOERROR,,,,,,,,
,www.www.ebay.com.cm.com,,"robin.ns.cloudflare.com, dns.cloudflare.com",NOERROR,,,,,,,,
,www.www.exia.cm.com,,"robin.ns.cloudflare.com, dns.cloudflare.com",NOERROR,,,,,,,,
,www.www.fcsx.cm.com,,"robin.ns.cloudflare.com, dns.cloudflare.com",NOERROR,,,,,,,,
,www.www.foxnews.cm.com,,"robin.ns.cloudflare.com, dns.cloudflare.com",NOERROR,,,,,,,,
,www.www.friendster.cm.com,,"robin.ns.cloudflare.com, dns.cloudflare.com",NOERROR,,,,,,,,
,www.www.gdsz.lss.gov.cm.com,,"robin.ns.cloudflare.com, dns.cloudflare.com",NOERROR,,,,,,,,
,www.www.ghgc.cm.com,,"robin.ns.cloudflare.com, dns.cloudflare.com",NOERROR,,,,,,,,
,www.www.glcel.cm.com,,"robin.ns.cloudflare.com, dns.cloudflare.com",NOERROR,,,,,,,,
,www.www.globexcourrier.cm.com,,"robin.ns.cloudflare.com, dns.cloudflare.com",NOERROR,,,,,,,,
,www.www.gmail.cm.com,,"robin.ns.cloudflare.com, dns.cloudflare.com",NOERROR,,,,,,,,
,www.www.gogolbordello.cm.com,,"robin.ns.cloudflare.com, dns.cloudflare.com",NOERROR,,,,,,,,
,www.www.google.cm.com,,"robin.ns.cloudflare.com, dns.cloudflare.com",NOERROR,,,,,,,,
,www.www.google.com.cm.com,,"robin.ns.cloudflare.com, dns.cloudflare.com",NOERROR,,,,,,,,
,www.www.goole.com.cm.com,,"robin.ns.cloudflare.com, dns.cloudflare.com",NOERROR,,,,,,,,
,www.www.hanchuan.nit.cm.com,,"robin.ns.cloudflare.com, dns.cloudflare.com",NOERROR,,,,,,,,
,www.www.hoteldeloso.cm.com,,"robin.ns.cloudflare.com, dns.cloudflare.com",NOERROR,,,,,,,,
,www.www.hotmail.cm.com,,"robin.ns.cloudflare.com, dns.cloudflare.com",NOERROR,,,,,,,,
,www.www.htdyg.cm.com,,"robin.ns.cloudflare.com, dns.cloudflare.com",NOERROR,,,,,,,,
,www.www.hunt10.piczo.cm.com,,"robin.ns.cloudflare.com, dns.cloudflare.com",NOERROR,,,,,,,,
,www.www.ic98.cm.com,,"robin.ns.cloudflare.com, dns.cloudflare.com",NOERROR,,,,,,,,
,www.www.icbc.com.cm.com,,"robin.ns.cloudflare.com, dns.cloudflare.com",NOERROR,,,,,,,,
,www.www.indiatimes.cm.com,,"robin.ns.cloudflare.com, dns.cloudflare.com",NOERROR,,,,,,,,
,www.www.infinitus.com.cm.com,,"robin.ns.cloudflare.com, dns.cloudflare.com",NOERROR,,,,,,,,
,www.www.infobolsa.cm.com,,"robin.ns.cloudflare.com, dns.cloudflare.com",NOERROR,,,,,,,,
,www.www.ireland.cm.com,,"robin.ns.cloudflare.com, dns.cloudflare.com",NOERROR,,,,,,,,
,www.www.jeux.cm.com,,"robin.ns.cloudflare.com, dns.cloudflare.com",NOERROR,,,,,,,,
,www.www.jh.zj.cm.com,,"robin.ns.cloudflare.com, dns.cloudflare.com",NOERROR,,,,,,,,
,www.www.jj114.cm.com,,"robin.ns.cloudflare.com, dns.cloudflare.com",NOERROR,,,,,,,,
,www.www.joy.cm.com,,"robin.ns.cloudflare.com, dns.cloudflare.com",NOERROR,,,,,,,,
,www.www.jrj.com.cm.com,,"robin.ns.cloudflare.com, dns.cloudflare.com",NOERROR,,,,,,,,
,www.www.kepu.gvo.cm.com,,"robin.ns.cloudflare.com, dns.cloudflare.com",NOERROR,,,,,,,,
,www.www.kfc.com.cm.com,,"robin.ns.cloudflare.com, dns.cloudflare.com",NOERROR,,,,,,,,
,www.www.lenovo.com.cm.com,,"robin.ns.cloudflare.com, dns.cloudflare.com",NOERROR,,,,,,,,
,www.www.longkid.cm.com,,"robin.ns.cloudflare.com, dns.cloudflare.com",NOERROR,,,,,,,,
,www.www.los3cabiados.cm.com,,"robin.ns.cloudflare.com, dns.cloudflare.com",NOERROR,,,,,,,,
,www.www.lt2000.com.cm.com,,"robin.ns.cloudflare.com, dns.cloudflare.com",NOERROR,,,,,,,,
,www.www.lxjy.cm.com,,"robin.ns.cloudflare.com, dns.cloudflare.com",NOERROR,,,,,,,,
,www.www.macaronigrill.cm.com,,"robin.ns.cloudflare.com, dns.cloudflare.com",NOERROR,,,,,,,,
,www.www.metacafe.cm.com,,"robin.ns.cloudflare.com, dns.cloudflare.com",NOERROR,,,,,,,,
,www.www.mmwallet.cm.com,,"robin.ns.cloudflare.com, dns.cloudflare.com",NOERROR,,,,,,,,
,www.www.mobile4arab.cm.com,,"robin.ns.cloudflare.com, dns.cloudflare.com",NOERROR,,,,,,,,
,www.www.mp3.v8v8.cm.com,,"robin.ns.cloudflare.com, dns.cloudflare.com",NOERROR,,,,,,,,
,www.www.myricom.cm.com,,"robin.ns.cloudflare.com, dns.cloudflare.com",NOERROR,,,,,,,,
,www.www.nba.cm.com,,"robin.ns.cloudflare.com, dns.cloudflare.com",NOERROR,,,,,,,,
,www.www.net.cm.com,,"robin.ns.cloudflare.com, dns.cloudflare.com",NOERROR,,,,,,,,
,www.www.nmec.org.cm.com,,"robin.ns.cloudflare.com, dns.cloudflare.com",NOERROR,,,,,,,,
,www.www.orbitz.cm.com,,"robin.ns.cloudflare.com, dns.cloudflare.com",NOERROR,,,,,,,,
,www.www.ouravr.cm.com,,"robin.ns.cloudflare.com, dns.cloudflare.com",NOERROR,,,,,,,,
,www.www.pantip.cm.com,,"robin.ns.cloudflare.com, dns.cloudflare.com",NOERROR,,,,,,,,
,www.www.plxtech.cm.com,,"robin.ns.cloudflare.com, dns.cloudflare.com",NOERROR,,,,,,,,
,www.www.poco.cm.com,,"robin.ns.cloudflare.com, dns.cloudflare.com",NOERROR,,,,,,,,
,www.www.presidentielle2004.gov.cm.com,,"robin.ns.cloudflare.com, dns.cloudflare.com",NOERROR,,,,,,,,
,www.www.qmdnf.cm.com,,"robin.ns.cloudflare.com, dns.cloudflare.com",NOERROR,,,,,,,,
,www.www.qq.cm.com,,"robin.ns.cloudflare.com, dns.cloudflare.com",NOERROR,,,,,,,,
,www.www.qq163.cm.com,,"robin.ns.cloudflare.com, dns.cloudflare.com",NOERROR,,,,,,,,
,www.www.reeeeem.cm.com,,"robin.ns.cloudflare.com, dns.cloudflare.com",NOERROR,,,,,,,,
,www.www.relaxtheback.cm.com,,"robin.ns.cloudflare.com, dns.cloudflare.com",NOERROR,,,,,,,,
,www.www.roamanticgirls.cm.com,,"robin.ns.cloudflare.com, dns.cloudflare.com",NOERROR,,,,,,,,
,www.www.safariegypt.cm.com,,"robin.ns.cloudflare.com, dns.cloudflare.com",NOERROR,,,,,,,,
,www.www.sc0817.cm.com,,"robin.ns.cloudflare.com, dns.cloudflare.com",NOERROR,,,,,,,,
,www.www.sealonline.com.cm.com,,"robin.ns.cloudflare.com, dns.cloudflare.com",NOERROR,,,,,,,,
,www.www.shouradio.com.cm.com,,"robin.ns.cloudflare.com, dns.cloudflare.com",NOERROR,,,,,,,,
,www.www.sina.com.cm.com,,"robin.ns.cloudflare.com, dns.cloudflare.com",NOERROR,,,,,,,,
,www.www.sohu.cm.com,,"robin.ns.cloudflare.com, dns.cloudflare.com",NOERROR,,,,,,,,
,www.www.sohu.com.cm.com,,"robin.ns.cloudflare.com, dns.cloudflare.com",NOERROR,,,,,,,,
,www.www.spps.cm.com,,"robin.ns.cloudflare.com, dns.cloudflare.com",NOERROR,,,,,,,,
,www.www.ssjj.cm.com,,"robin.ns.cloudflare.com, dns.cloudflare.com",NOERROR,,,,,,,,
,www.www.statcounter.cm.com,,"robin.ns.cloudflare.com, dns.cloudflare.com",NOERROR,,,,,,,,
,www.www.suifenhe.gov.cm.com,,"robin.ns.cloudflare.com, dns.cloudflare.com",NOERROR,,,,,,,,
,www.www.sunco.com.cm.com,,"robin.ns.cloudflare.com, dns.cloudflare.com",NOERROR,,,,,,,,
,www.www.suncom.cm.com,,"robin.ns.cloudflare.com, dns.cloudflare.com",NOERROR,,,,,,,,
,www.www.swic.sh.cm.com,,"robin.ns.cloudflare.com, dns.cloudflare.com",NOERROR,,,,,,,,
,www.www.sx.zj.com.cm.com,,"robin.ns.cloudflare.com, dns.cloudflare.com",NOERROR,,,,,,,,
,www.www.sz12333.gov.cm.com,,"robin.ns.cloudflare.com, dns.cloudflare.com",NOERROR,,,,,,,,
,www.www.szhome.cm.com,,"robin.ns.cloudflare.com, dns.cloudflare.com",NOERROR,,,,,,,,
,www.www.tax862.gov.cm.com,,"robin.ns.cloudflare.com, dns.cloudflare.com",NOERROR,,,,,,,,
,www.www.telerik.cm.com,,"robin.ns.cloudflare.com, dns.cloudflare.com",NOERROR,,,,,,,,
,www.www.tom.cm.com,,"robin.ns.cloudflare.com, dns.cloudflare.com",NOERROR,,,,,,,,
,www.www.tradkey.cm.com,,"robin.ns.cloudflare.com, dns.cloudflare.com",NOERROR,,,,,,,,
,www.www.translatorscafe.cm.com,,"robin.ns.cloudflare.com, dns.cloudflare.com",NOERROR,,,,,,,,
,www.www.trucoteca.cm.com,,"robin.ns.cloudflare.com, dns.cloudflare.com",NOERROR,,,,,,,,
,www.www.tt67.cm.com,,"robin.ns.cloudflare.com, dns.cloudflare.com",NOERROR,,,,,,,,
,www.www.ttt4.cm.com,,"robin.ns.cloudflare.com, dns.cloudflare.com",NOERROR,,,,,,,,
,www.www.tty.com.cm.com,,"robin.ns.cloudflare.com, dns.cloudflare.com",NOERROR,,,,,,,,
,www.www.utalk.com.cm.com,,"robin.ns.cloudflare.com, dns.cloudflare.com",NOERROR,,,,,,,,
,www.www.wanglawyer.com.cm.com,,"robin.ns.cloudflare.com, dns.cloudflare.com",NOERROR,,,,,,,,
,www.www.wg1818.cm.com,,"robin.ns.cloudflare.com, dns.cloudflare.com",NOERROR,,,,,,,,
,www.www.wg999.cm.com,,"robin.ns.cloudflare.com, dns.cloudflare.com",NOERROR,,,,,,,,
,www.www.winmag.com.cm.com,,"robin.ns.cloudflare.com, dns.cloudflare.com",NOERROR,,,,,,,,
,www.www.wordpress.cm.com,,"robin.ns.cloudflare.com, dns.cloudflare.com",NOERROR,,,,,,,,
,www.www.wuhu.com.cm.com,,"robin.ns.cloudflare.com, dns.cloudflare.com",NOERROR,,,,,,,,
,www.www.wwe.cm.com,,"robin.ns.cloudflare.com, dns.cloudflare.com",NOERROR,,,,,,,,
,www.www.xian.cm.com,,"robin.ns.cloudflare.com, dns.cloudflare.com",NOERROR,,,,,,,,
,www.www.xivod.cm.com,,"robin.ns.cloudflare.com, dns.cloudflare.com",NOERROR,,,,,,,,
,www.www.xstreamrealty.cm.com,,"robin.ns.cloudflare.com, dns.cloudflare.com",NOERROR,,,,,,,,
,www.www.yahoo.cm.com,,"robin.ns.cloudflare.com, dns.cloudflare.com",NOERROR,,,,,,,,
,www.www.yisou.cm.com,,"robin.ns.cloudflare.com, dns.cloudflare.com",NOERROR,,,,,,,,
,www.www.zte.com.cm.com,,"robin.ns.cloudflare.com, dns.cloudflare.com",NOERROR,,,,,,,,
,www.www.zy.gz.cm.com,,"robin.ns.cloudflare.com, dns.cloudflare.com",NOERROR,,,,,,,,
,www.www.zz.ha.cm.com,,"robin.ns.cloudflare.com, dns.cloudflare.com",NOERROR,,,,,,,,
,www.wwwcriminapolis.cm.com,,"robin.ns.cloudflare.com, dns.cloudflare.com",NOERROR,,,,,,,,
,www.wwwfloridahealthstat.cm.com,,"robin.ns.cloudflare.com, dns.cloudflare.com",NOERROR,,,,,,,,
,www.wz.zj.cm.com,,"robin.ns.cloudflare.com, dns.cloudflare.com",NOERROR,,,,,,,,
,www.xbox.cm.com,,"robin.ns.cloudflare.com, dns.cloudflare.com",NOERROR,,,,,,,,
,www.xbt.cm.com,,"robin.ns.cloudflare.com, dns.cloudflare.com",NOERROR,,,,,,,,
,www.xing.cm.com,,"robin.ns.cloudflare.com, dns.cloudflare.com",NOERROR,,,,,,,,
,www.xsm.cm.com,,"robin.ns.cloudflare.com, dns.cloudflare.com",NOERROR,,,,,,,,
,www.xxxporn.cm.com,,"robin.ns.cloudflare.com, dns.cloudflare.com",NOERROR,,,,,,,,
,www.y.58.cm.com,,"robin.ns.cloudflare.com, dns.cloudflare.com",NOERROR,,,,,,,,
,www.yahho.cm.com,,"robin.ns.cloudflare.com, dns.cloudflare.com",NOERROR,,,,,,,,
,www.yaho.cm.com,,"robin.ns.cloudflare.com, dns.cloudflare.com",NOERROR,,,,,,,,
,www.yahoo.cm.com,,"robin.ns.cloudflare.com, dns.cloudflare.com",NOERROR,,,,,,,,
,www.yatraholidays.cm.com,,"robin.ns.cloudflare.com, dns.cloudflare.com",NOERROR,,,,,,,,
,www.yellowbook.cm.com,,"robin.ns.cloudflare.com, dns.cloudflare.com",NOERROR,,,,,,,,
,www.yohomal.cm.com,,"robin.ns.cloudflare.com, dns.cloudflare.com",NOERROR,,,,,,,,
,www.youtube.cm.com,,"robin.ns.cloudflare.com, dns.cloudflare.com",NOERROR,,,,,,,,
,www.zcly.cm.com,,"robin.ns.cloudflare.com, dns.cloudflare.com",NOERROR,,,,,,,,
,www.zgjyw.cm.com,,"robin.ns.cloudflare.com, dns.cloudflare.com",NOERROR,,,,,,,,
,www.zhongshan.cm.com,,"robin.ns.cloudflare.com, dns.cloudflare.com",NOERROR,,,,,,,,
,www.zj.wz.cm.com,,"robin.ns.cloudflare.com, dns.cloudflare.com",NOERROR,,,,,,,,
,wwwir.cm.com,,"robin.ns.cloudflare.com, dns.cloudflare.com",NOERROR,,,,,,,,
,wwwm.myspac.cm.com,,"robin.ns.cloudflare.com, dns.cloudflare.com",NOERROR,,,,,,,,
,wwww.google.cm.com,,"robin.ns.cloudflare.com, dns.cloudflare.com",NOERROR,,,,,,,,
,wwwwqssyjt.cm.com,,"robin.ns.cloudflare.com, dns.cloudflare.com",NOERROR,,,,,,,,
,x-rip.cm.com,,"robin.ns.cloudflare.com, dns.cloudflare.com",NOERROR,,,,,,,,
,xgatest.cm.com,,"robin.ns.cloudflare.com, dns.cloudflare.com",NOERROR,,,,,,,,
,xinyue.263.cm.com,,"robin.ns.cloudflare.com, dns.cloudflare.com",NOERROR,,,,,,,,
,xy.cm.com,,"robin.ns.cloudflare.com, dns.cloudflare.com",NOERROR,,,,,,,,
,xydata.cm.com,,"robin.ns.cloudflare.com, dns.cloudflare.com",NOERROR,,,,,,,,
,xyi2.163.cm.com,,"robin.ns.cloudflare.com, dns.cloudflare.com",NOERROR,,,,,,,,
,y8.cm.com,,"robin.ns.cloudflare.com, dns.cloudflare.com",NOERROR,,,,,,,,
,youtube.cm.com,,"robin.ns.cloudflare.com, dns.cloudflare.com",NOERROR,,,,,,,,
,ytpic.cm.com,,"robin.ns.cloudflare.com, dns.cloudflare.com",NOERROR,,,,,,,,
,yyahoo.cm.com,,"robin.ns.cloudflare.com, dns.cloudflare.com",NOERROR,,,,,,,,
,za.voip.cm.com,"85.119.55.52, 85.119.55.51","cosmin.ns.cloudflare.com, dns.cloudflare.com",NOERROR,,,,,,,,
,zwily.cm.com,,"robin.ns.cloudflare.com, dns.cloudflare.com",NOERROR,,,,,,,,
