input,title,status_code,content_length,tls_host,tls_port,tls_probe_status,tls_tls_version,tls_cipher,tls_mismatched,tls_not_before,tls_not_after,tls_subject_dn,tls_subject_cn,tls_subject_org_,tls_subject_an_,tls_issuer_dn,tls_issuer_cn,tls_issuer_org_,tls_fingerprint_hash_md,tls_fingerprint_hash_sha,tls_wildcard_certificate,tls_tls_connection,tls_sni,port,url,scheme,webserver,content_type,method,host,path,favicon,a_,lines,failed,tech_,tls_expired,cdn_name,cdn,final_url,csp_domains_
"*.deliverysolutions.co
",Retail eCommerce OXM Platform,200,515382,www.deliverysolutions.co,443,True,tls13,TLS_AES_128_GCM_SHA256,,2023-07-01T01:37:14Z,2023-09-29T01:37:13Z,CN=www.deliverysolutions.co,www.deliverysolutions.co,,www.deliverysolutions.co,"CN=R3, O=Let's Encrypt, C=US",R3,Let's Encrypt,609b107b0a654518669f8b4631f2fe09,a9d7021cdfcae4101ba624910f53e8204823148c4f269e83f6febfe80e3f9b7e,,ctls,www.deliverysolutions.co,443,https://deliverysolutions.co:443,https,Squarespace,text/html,GET,198.49.23.144,/,1795799219,198.49.23.145,9554,False,Stimulus,,,,https://www.deliverysolutions.co/,
"*.googleapis.com
",Error 404 (Not Found)!!1,404,1561,googleapis.com,443,True,tls13,TLS_AES_128_GCM_SHA256,,2023-06-19T08:20:17Z,2023-09-11T08:20:16Z,CN=*.googleapis.com,*.googleapis.com,,*.clients6.google.ws,"CN=GTS CA 1C3, O=Google Trust Services LLC, C=US",GTS CA 1C3,Google Trust Services LLC,47b5590e5460fccfe62735a45d11c93c,673ef6b84c916d86e91e11870d377226a39b50290fae7bfc19fb8cffadf502db,True,ctls,googleapis.com,443,https://googleapis.com:443,https,,text/html,GET,142.250.184.228,/,302920777,2a00:1450:4001:831::2004,12,False,HTTP/3,,,,,
admin-staging.corporate.abercrombie.com,Web Server's Default Page,200,32958,admin-staging.corporate.abercrombie.com,443,True,tls13,TLS_AES_128_GCM_SHA256,,2023-06-29T15:40:18Z,2023-09-27T15:40:17Z,CN=admin-staging.corporate.abercrombie.com,admin-staging.corporate.abercrombie.com,,origin-staging.corporate.abercrombie.com,"CN=R3, O=Let's Encrypt, C=US",R3,Let's Encrypt,e5c47843e11dddb7247124102127bd09,540e1a23e685f1d11a54d9de1cab96e59808a9abf39629a91d1d0890734a1902,,ctls,admin-staging.corporate.abercrombie.com,443,https://admin-staging.corporate.abercrombie.com:443,https,nginx/1.18.0 (Ubuntu),text/html,GET,45.79.180.246,/,-2144967296,45.79.180.246,326,False,Ubuntu,,,,,
associate.abercrombie.com,Sign in to your account,200,41517,login.microsoftonline.com,443,True,tls12,TLS_ECDHE_RSA_WITH_AES_256_GCM_SHA384,,2023-05-25T00:00:00Z,2024-05-25T23:59:59Z,"CN=stamp2.login.microsoftonline.com, O=Microsoft Corporation, L=Redmond, ST=Washington, C=US",stamp2.login.microsoftonline.com,Microsoft Corporation,stamp2.login.microsoftonline-int.com,"CN=DigiCert SHA2 Secure Server CA, O=DigiCert Inc, C=US",DigiCert SHA2 Secure Server CA,DigiCert Inc,7c7414a61d2496accd312122c5241231,2c204118a10394b7abd4cd1f9d1a885acb273a1ebe0091f82e567b1137495fb7,,ctls,login.microsoftonline.com,443,https://associate.abercrombie.com:443,https,,text/html,GET,23.36.235.8,/,668813929,23.36.235.8,95,False,HSTS,,,,https://login.microsoftonline.com:443/b6c49906-1735-468c-a4a8-7cc863cf5f66/oauth2/authorize?client%5Fid=00000003%2D0000%2D0ff1%2Dce00%2D000000000000&response%5Fmode=form%5Fpost&response%5Ftype=code%20id%5Ftoken&resource=00000003%2D0000%2D0ff1%2Dce00%2D000000000000&scope=openid&nonce=12DAE7BC6FCA1C7EB8D3CCCB1AD976D5F9EA07E163347113%2D2487DBEA13B78346031974CB17D02B446130F41329BA81CDDBC0EFC31650F670&redirect%5Furi=https%3A%2F%2Fanfcorp%2Esharepoint%2Ecom%2F%5Fforms%2Fdefault%2Easpx&state=OD0w&claims=%7B%22id%5Ftoken%22%3A%7B%22xms%5Fcc%22%3A%7B%22values%22%3A%5B%22CP1%22%5D%7D%7D%7D&wsucxt=1&cobrandid=11bd8083%2D87e0%2D41b5%2Dbb78%2D0bc43c8a8e8a&client%2Drequest%2Did=0c1cc2a0%2D5021%2De000%2D01bc%2D4f2267a41216&popupui=1,
autodiscover.abercrombie.com,Sign in to Outlook,200,38733,login.microsoftonline.com,443,True,tls12,TLS_ECDHE_RSA_WITH_AES_256_GCM_SHA384,,2023-05-25T00:00:00Z,2024-05-25T23:59:59Z,"CN=stamp2.login.microsoftonline.com, O=Microsoft Corporation, L=Redmond, ST=Washington, C=US",stamp2.login.microsoftonline.com,Microsoft Corporation,stamp2.login.microsoftonline-int.com,"CN=DigiCert SHA2 Secure Server CA, O=DigiCert Inc, C=US",DigiCert SHA2 Secure Server CA,DigiCert Inc,7c7414a61d2496accd312122c5241231,2c204118a10394b7abd4cd1f9d1a885acb273a1ebe0091f82e567b1137495fb7,,ctls,login.microsoftonline.com,80,http://autodiscover.abercrombie.com:80,http,,text/html,GET,52.97.189.72,/,-1249852061,2603:1026:c0d:75::8,95,False,HSTS,,,,https://login.microsoftonline.com/common/oauth2/authorize?client_id=00000002-0000-0ff1-ce00-000000000000&redirect_uri=https%3a%2f%2foutlook.office365.com%2fowa%2f&resource=00000002-0000-0ff1-ce00-000000000000&response_mode=form_post&response_type=code+id_token&scope=openid&msafed=1&msaredir=1&client-request-id=ea4261ed-2246-b010-f18a-9bd2d32d9aec&protectedtoken=true&claims=%7b%22id_token%22%3a%7b%22xms_cc%22%3a%7b%22values%22%3a%5b%22CP1%22%5d%7d%7d%7d&domain_hint=abercrombie.com&nonce=638237802992408691.bde2f7f0-af96-475f-8271-7bf3992950b3&state=DYtBDsIgEABB_-LF0G6hZeHQ-BYW2KSJZBOq9ftymDnNaKXUfXAbaBhS6F2wDgPYGO0KwcdlolItI4NJHL1ZcWMTLC4Gid2o4gbk9Hifs_zS_Oo1vdueqPbcpdFRpyztcZU9fT9SjjPLVfsf,
autodiscover.hollisterco.com,Sign in to Outlook,200,38774,login.microsoftonline.com,443,True,tls12,TLS_ECDHE_RSA_WITH_AES_256_GCM_SHA384,,2023-05-25T00:00:00Z,2024-05-25T23:59:59Z,"CN=stamp2.login.microsoftonline.com, O=Microsoft Corporation, L=Redmond, ST=Washington, C=US",stamp2.login.microsoftonline.com,Microsoft Corporation,stamp2.login.microsoftonline-int.com,"CN=DigiCert SHA2 Secure Server CA, O=DigiCert Inc, C=US",DigiCert SHA2 Secure Server CA,DigiCert Inc,7c7414a61d2496accd312122c5241231,2c204118a10394b7abd4cd1f9d1a885acb273a1ebe0091f82e567b1137495fb7,,ctls,login.microsoftonline.com,80,http://autodiscover.hollisterco.com:80,http,,text/html,GET,52.98.228.56,/,-1249852061,2603:1026:c0d:c07::8,95,False,HSTS,,,,https://login.microsoftonline.com/common/oauth2/authorize?client_id=00000002-0000-0ff1-ce00-000000000000&redirect_uri=https%3a%2f%2foutlook.office365.com%2fowa%2f&resource=00000002-0000-0ff1-ce00-000000000000&response_mode=form_post&response_type=code+id_token&scope=openid&msafed=1&msaredir=1&client-request-id=57557f7e-0406-5888-51a9-88d659075404&protectedtoken=true&claims=%7b%22id_token%22%3a%7b%22xms_cc%22%3a%7b%22values%22%3a%5b%22CP1%22%5d%7d%7d%7d&domain_hint=hollisterco.com&nonce=638237802992121707.06e0f7a4-6aba-4cde-aea8-8833d685969e&state=DctBDsIgEEBR0Lu4MbRTqMywaDzLCGNsQjMJrfX6snh_960x5tpdOgs9BmMgH5DAp-QnPyHgAFHgjTy7yC92cy7iWJgcUQgl0iPFJLa_91F_PD6bcN2Wj9a67oe0rEPW7XaWhb-HlnXPekr7Aw,
careers-qa.abercrombie.com,Jobapp,200,387,careers-qa.abercrombie.com,443,True,tls12,TLS_ECDHE_RSA_WITH_AES_128_GCM_SHA256,,2023-04-24T14:28:02Z,2024-05-22T14:28:02Z,"CN=*.abercrombie.com, O=Abercrombie & Fitch, L=New Albany, ST=Ohio, C=US",*.abercrombie.com,Abercrombie & Fitch,abercrombie.com,"CN=Entrust Certification Authority - L1K, OU=(c) 2012 Entrust\, Inc. - for authorized use only, OU=See www.entrust.net/legal-terms, O=Entrust\, Inc., C=US",Entrust Certification Authority - L1K,"Entrust, Inc.",dddafc7a4d4ea0e22c03cf28362d33a7,b7a7cffc9558c8011c5b5891e2f994bed886b1193f9bfb95209ed997ce6578f0,True,ctls,careers-qa.abercrombie.com,443,https://careers-qa.abercrombie.com:443,https,You wish!,text/html,GET,65.210.129.73,/,796824558,65.210.129.73,18,False,Java,,,,https://careers-qa.abercrombie.com/jobapp-web-lite/welcome.action,
careers-qa.hollisterco.com,Jobapp,200,387,careers-qa.hollisterco.com,443,True,tls12,TLS_ECDHE_RSA_WITH_AES_128_GCM_SHA256,,2023-04-24T14:34:06Z,2024-05-22T14:34:06Z,"CN=*.hollisterco.com, O=Abercrombie & Fitch, L=New Albany, ST=Ohio, C=US",*.hollisterco.com,Abercrombie & Fitch,hollisterco.com,"CN=Entrust Certification Authority - L1K, OU=(c) 2012 Entrust\, Inc. - for authorized use only, OU=See www.entrust.net/legal-terms, O=Entrust\, Inc., C=US",Entrust Certification Authority - L1K,"Entrust, Inc.",819db38ed2ce8818311e6793647555db,b0195936c405243c17507978bdf0b68c684470397903359957d7a229982c507d,True,ctls,careers-qa.hollisterco.com,443,https://careers-qa.hollisterco.com:443,https,You wish!,text/html,GET,65.210.129.74,/,796824558,65.210.129.74,18,False,Java,,,,https://careers-qa.hollisterco.com/jobapp-web-lite/welcome.action,
careers-test.hollisterco.com,Stores Opportunities,200,125121,corporate.abercrombie.com,443,True,tls13,TLS_AES_128_GCM_SHA256,,2023-05-02T11:25:39Z,2023-07-31T11:25:38Z,CN=corporate.abercrombie.com,corporate.abercrombie.com,,corporate.abercrombie.com,"CN=R3, O=Let's Encrypt, C=US",R3,Let's Encrypt,639e3870c215e553553b329fcafa1ad2,3a225cf28b8d98a28b1f4ac2e0553be4e16baec31500fcb02dacfbe04205eebe,,ctls,corporate.abercrombie.com,443,https://careers-test.hollisterco.com:443,https,nginx,text/html,GET,65.210.129.38,/,796824558,65.210.129.38,603,False,Yoast SEO:20.3,,,,https://corporate.abercrombie.com/careers/stores/,
careers.hollisterco.com,Stores Opportunities,200,125121,corporate.abercrombie.com,443,True,tls13,TLS_AES_128_GCM_SHA256,,2023-05-02T11:25:39Z,2023-07-31T11:25:38Z,CN=corporate.abercrombie.com,corporate.abercrombie.com,,corporate.abercrombie.com,"CN=R3, O=Let's Encrypt, C=US",R3,Let's Encrypt,639e3870c215e553553b329fcafa1ad2,3a225cf28b8d98a28b1f4ac2e0553be4e16baec31500fcb02dacfbe04205eebe,,ctls,corporate.abercrombie.com,443,https://careers.hollisterco.com:443,https,nginx,text/html,GET,65.210.129.38,/,796824558,65.210.129.38,603,False,Yoast SEO:20.3,,,,https://corporate.abercrombie.com/careers/stores/,
cert-ca.abercrombie.com,Access Denied,403,277,cert-ca.abercrombie.com,443,True,tls13,TLS_AES_256_GCM_SHA384,True,2022-09-06T00:00:00Z,2023-09-08T23:59:59Z,"CN=www.abercrombie.com, O=Abercrombie & Fitch Trading Co., L=New Albany, ST=Ohio, C=US",www.abercrombie.com,Abercrombie & Fitch Trading Co.,*.abercrombie.ca,"CN=DigiCert TLS RSA SHA256 2020 CA1, O=DigiCert Inc, C=US",DigiCert TLS RSA SHA256 2020 CA1,DigiCert Inc,f248e8e462b614918f62342a392a26fd,ffe95d0bb6c839ff8ff5b7821b28e2ceee72b53f94041b94c1d59db8bd7a5dc7,True,ctls,cert-ca.abercrombie.com,443,https://cert-ca.abercrombie.com:443,https,AkamaiGHost,text/html,GET,23.201.240.95,/,-423547581,23.201.240.95,10,False,,,,,,
cert-ca.hollisterco.com,Access Denied,403,276,cert-ca.hollisterco.com,443,True,tls13,TLS_AES_256_GCM_SHA384,,2022-09-06T00:00:00Z,2023-09-08T23:59:59Z,"CN=www.abercrombie.com, O=Abercrombie & Fitch Trading Co., L=New Albany, ST=Ohio, C=US",www.abercrombie.com,Abercrombie & Fitch Trading Co.,*.abercrombie.ca,"CN=DigiCert TLS RSA SHA256 2020 CA1, O=DigiCert Inc, C=US",DigiCert TLS RSA SHA256 2020 CA1,DigiCert Inc,f248e8e462b614918f62342a392a26fd,ffe95d0bb6c839ff8ff5b7821b28e2ceee72b53f94041b94c1d59db8bd7a5dc7,True,ctls,cert-ca.hollisterco.com,443,https://cert-ca.hollisterco.com:443,https,AkamaiGHost,text/html,GET,23.36.235.8,/,-1088423231,23.36.235.8,10,False,,,,,,
cert-ca.m.abercrombie.com,Access Denied,403,282,cert-ca.m.abercrombie.com,443,True,tls13,TLS_AES_256_GCM_SHA384,True,2022-09-06T00:00:00Z,2023-09-08T23:59:59Z,"CN=www.abercrombie.com, O=Abercrombie & Fitch Trading Co., L=New Albany, ST=Ohio, C=US",www.abercrombie.com,Abercrombie & Fitch Trading Co.,*.abercrombie.ca,"CN=DigiCert TLS RSA SHA256 2020 CA1, O=DigiCert Inc, C=US",DigiCert TLS RSA SHA256 2020 CA1,DigiCert Inc,f248e8e462b614918f62342a392a26fd,ffe95d0bb6c839ff8ff5b7821b28e2ceee72b53f94041b94c1d59db8bd7a5dc7,True,ctls,cert-ca.m.abercrombie.com,443,https://cert-ca.m.abercrombie.com:443,https,AkamaiGHost,text/html,GET,23.37.48.178,/,1711683815,23.37.48.178,10,False,,,,,,
cert-ca.m.hollisterco.com,Access Denied,403,282,cert-ca.m.hollisterco.com,443,True,tls13,TLS_AES_256_GCM_SHA384,True,2022-09-06T00:00:00Z,2023-09-08T23:59:59Z,"CN=www.abercrombie.com, O=Abercrombie & Fitch Trading Co., L=New Albany, ST=Ohio, C=US",www.abercrombie.com,Abercrombie & Fitch Trading Co.,*.abercrombie.ca,"CN=DigiCert TLS RSA SHA256 2020 CA1, O=DigiCert Inc, C=US",DigiCert TLS RSA SHA256 2020 CA1,DigiCert Inc,f248e8e462b614918f62342a392a26fd,ffe95d0bb6c839ff8ff5b7821b28e2ceee72b53f94041b94c1d59db8bd7a5dc7,True,ctls,cert-ca.m.hollisterco.com,443,https://cert-ca.m.hollisterco.com:443,https,AkamaiGHost,text/html,GET,23.37.48.178,/,732105037,23.37.48.178,10,False,,,,,,
cert-de-eu.hollisterco.com,Access Denied,403,284,cert-de-eu.hollisterco.com,443,True,tls13,TLS_AES_256_GCM_SHA384,,2022-09-06T00:00:00Z,2023-09-08T23:59:59Z,"CN=www.abercrombie.com, O=Abercrombie & Fitch Trading Co., L=New Albany, ST=Ohio, C=US",www.abercrombie.com,Abercrombie & Fitch Trading Co.,*.abercrombie.ca,"CN=DigiCert TLS RSA SHA256 2020 CA1, O=DigiCert Inc, C=US",DigiCert TLS RSA SHA256 2020 CA1,DigiCert Inc,f248e8e462b614918f62342a392a26fd,ffe95d0bb6c839ff8ff5b7821b28e2ceee72b53f94041b94c1d59db8bd7a5dc7,True,ctls,cert-de-eu.hollisterco.com,443,https://cert-de-eu.hollisterco.com:443,https,AkamaiGHost,text/html,GET,23.201.240.95,/,-298533378,23.201.240.95,10,False,,,,,,
cert-de-eu.m.abercrombie.com,Access Denied,403,289,cert-de-eu.m.abercrombie.com,443,True,tls13,TLS_AES_256_GCM_SHA384,True,2022-09-06T00:00:00Z,2023-09-08T23:59:59Z,"CN=www.abercrombie.com, O=Abercrombie & Fitch Trading Co., L=New Albany, ST=Ohio, C=US",www.abercrombie.com,Abercrombie & Fitch Trading Co.,*.abercrombie.ca,"CN=DigiCert TLS RSA SHA256 2020 CA1, O=DigiCert Inc, C=US",DigiCert TLS RSA SHA256 2020 CA1,DigiCert Inc,f248e8e462b614918f62342a392a26fd,ffe95d0bb6c839ff8ff5b7821b28e2ceee72b53f94041b94c1d59db8bd7a5dc7,True,ctls,cert-de-eu.m.abercrombie.com,443,https://cert-de-eu.m.abercrombie.com:443,https,AkamaiGHost,text/html,GET,23.37.48.178,/,871880788,23.37.48.178,10,False,,,,,,
cert-es-eu.hollisterco.com,Access Denied,403,288,cert.hollisterco.com,443,True,tls13,TLS_AES_256_GCM_SHA384,,2022-09-06T00:00:00Z,2023-09-08T23:59:59Z,"CN=www.abercrombie.com, O=Abercrombie & Fitch Trading Co., L=New Albany, ST=Ohio, C=US",www.abercrombie.com,Abercrombie & Fitch Trading Co.,abercrombie.cn,"CN=DigiCert TLS RSA SHA256 2020 CA1, O=DigiCert Inc, C=US",DigiCert TLS RSA SHA256 2020 CA1,DigiCert Inc,c96729279dd329e60af10a66d92585c4,bd26470618772ca2bce2ab54f77979720b1b125f0abd9252ec1b95757e38d692,,ctls,cert.hollisterco.com,443,https://cert-es-eu.hollisterco.com:443,https,AkamaiGHost,text/html,GET,23.201.240.95,/,-1843856070,23.201.240.95,10,False,HSTS,,,,https://cert.hollisterco.com/shop/eu-es,
cert-es-eu.m.abercrombie.com,Access Denied,403,289,cert-es-eu.m.abercrombie.com,443,True,tls13,TLS_AES_256_GCM_SHA384,True,2022-09-06T00:00:00Z,2023-09-08T23:59:59Z,"CN=www.abercrombie.com, O=Abercrombie & Fitch Trading Co., L=New Albany, ST=Ohio, C=US",www.abercrombie.com,Abercrombie & Fitch Trading Co.,*.abercrombie.ca,"CN=DigiCert TLS RSA SHA256 2020 CA1, O=DigiCert Inc, C=US",DigiCert TLS RSA SHA256 2020 CA1,DigiCert Inc,f248e8e462b614918f62342a392a26fd,ffe95d0bb6c839ff8ff5b7821b28e2ceee72b53f94041b94c1d59db8bd7a5dc7,True,ctls,cert-es-eu.m.abercrombie.com,443,https://cert-es-eu.m.abercrombie.com:443,https,AkamaiGHost,text/html,GET,23.37.48.178,/,-651654651,23.37.48.178,10,False,,,,,,
cert-es-eu.m.hollisterco.com,Access Denied,403,288,cert.hollisterco.com,443,True,tls13,TLS_AES_256_GCM_SHA384,,2022-09-06T00:00:00Z,2023-09-08T23:59:59Z,"CN=www.abercrombie.com, O=Abercrombie & Fitch Trading Co., L=New Albany, ST=Ohio, C=US",www.abercrombie.com,Abercrombie & Fitch Trading Co.,abercrombie.cn,"CN=DigiCert TLS RSA SHA256 2020 CA1, O=DigiCert Inc, C=US",DigiCert TLS RSA SHA256 2020 CA1,DigiCert Inc,c96729279dd329e60af10a66d92585c4,bd26470618772ca2bce2ab54f77979720b1b125f0abd9252ec1b95757e38d692,,ctls,cert.hollisterco.com,443,https://cert-es-eu.m.hollisterco.com:443,https,AkamaiGHost,text/html,GET,23.37.48.178,/,-163392234,23.37.48.178,10,False,HSTS,,,,https://cert.hollisterco.com/shop/eu-es,
cert-es.abercrombie.com,Access Denied,403,277,cert-es.abercrombie.com,443,True,tls13,TLS_AES_256_GCM_SHA384,True,2022-09-06T00:00:00Z,2023-09-08T23:59:59Z,"CN=www.abercrombie.com, O=Abercrombie & Fitch Trading Co., L=New Albany, ST=Ohio, C=US",www.abercrombie.com,Abercrombie & Fitch Trading Co.,*.abercrombie.ca,"CN=DigiCert TLS RSA SHA256 2020 CA1, O=DigiCert Inc, C=US",DigiCert TLS RSA SHA256 2020 CA1,DigiCert Inc,f248e8e462b614918f62342a392a26fd,ffe95d0bb6c839ff8ff5b7821b28e2ceee72b53f94041b94c1d59db8bd7a5dc7,True,ctls,cert-es.abercrombie.com,443,https://cert-es.abercrombie.com:443,https,AkamaiGHost,text/html,GET,23.201.240.95,/,-1154872478,23.201.240.95,10,False,,,,,,
cert-es.hollisterco.com,Access Denied,403,276,cert-es.hollisterco.com,443,True,tls13,TLS_AES_256_GCM_SHA384,,2022-09-06T00:00:00Z,2023-09-08T23:59:59Z,"CN=www.abercrombie.com, O=Abercrombie & Fitch Trading Co., L=New Albany, ST=Ohio, C=US",www.abercrombie.com,Abercrombie & Fitch Trading Co.,*.abercrombie.ca,"CN=DigiCert TLS RSA SHA256 2020 CA1, O=DigiCert Inc, C=US",DigiCert TLS RSA SHA256 2020 CA1,DigiCert Inc,f248e8e462b614918f62342a392a26fd,ffe95d0bb6c839ff8ff5b7821b28e2ceee72b53f94041b94c1d59db8bd7a5dc7,True,ctls,cert-es.hollisterco.com,443,https://cert-es.hollisterco.com:443,https,AkamaiGHost,text/html,GET,23.37.48.178,/,-183069376,23.37.48.178,10,False,,,,,,
cert-es.m.abercrombie.com,Access Denied,403,282,cert-es.m.abercrombie.com,443,True,tls13,TLS_AES_256_GCM_SHA384,True,2022-09-06T00:00:00Z,2023-09-08T23:59:59Z,"CN=www.abercrombie.com, O=Abercrombie & Fitch Trading Co., L=New Albany, ST=Ohio, C=US",www.abercrombie.com,Abercrombie & Fitch Trading Co.,*.abercrombie.ca,"CN=DigiCert TLS RSA SHA256 2020 CA1, O=DigiCert Inc, C=US",DigiCert TLS RSA SHA256 2020 CA1,DigiCert Inc,f248e8e462b614918f62342a392a26fd,ffe95d0bb6c839ff8ff5b7821b28e2ceee72b53f94041b94c1d59db8bd7a5dc7,True,ctls,cert-es.m.abercrombie.com,443,https://cert-es.m.abercrombie.com:443,https,AkamaiGHost,text/html,GET,23.36.235.8,/,-649793696,23.36.235.8,10,False,,,,,,
cert-es.m.hollisterco.com,Access Denied,403,282,cert-es.m.hollisterco.com,443,True,tls13,TLS_AES_256_GCM_SHA384,True,2022-09-06T00:00:00Z,2023-09-08T23:59:59Z,"CN=www.abercrombie.com, O=Abercrombie & Fitch Trading Co., L=New Albany, ST=Ohio, C=US",www.abercrombie.com,Abercrombie & Fitch Trading Co.,*.abercrombie.ca,"CN=DigiCert TLS RSA SHA256 2020 CA1, O=DigiCert Inc, C=US",DigiCert TLS RSA SHA256 2020 CA1,DigiCert Inc,f248e8e462b614918f62342a392a26fd,ffe95d0bb6c839ff8ff5b7821b28e2ceee72b53f94041b94c1d59db8bd7a5dc7,True,ctls,cert-es.m.hollisterco.com,443,https://cert-es.m.hollisterco.com:443,https,AkamaiGHost,text/html,GET,23.37.48.178,/,-1640957115,23.37.48.178,10,False,,,,,,
cert-eu.abercrombie.com,Access Denied,403,277,cert-eu.abercrombie.com,443,True,tls13,TLS_AES_256_GCM_SHA384,True,2022-09-06T00:00:00Z,2023-09-08T23:59:59Z,"CN=www.abercrombie.com, O=Abercrombie & Fitch Trading Co., L=New Albany, ST=Ohio, C=US",www.abercrombie.com,Abercrombie & Fitch Trading Co.,*.abercrombie.ca,"CN=DigiCert TLS RSA SHA256 2020 CA1, O=DigiCert Inc, C=US",DigiCert TLS RSA SHA256 2020 CA1,DigiCert Inc,f248e8e462b614918f62342a392a26fd,ffe95d0bb6c839ff8ff5b7821b28e2ceee72b53f94041b94c1d59db8bd7a5dc7,True,ctls,cert-eu.abercrombie.com,443,https://cert-eu.abercrombie.com:443,https,AkamaiGHost,text/html,GET,23.201.240.95,/,1534042436,23.201.240.95,10,False,,,,,,
cert-eu.hollisterco.com,Access Denied,403,277,cert-eu.hollisterco.com,443,True,tls13,TLS_AES_256_GCM_SHA384,,2022-09-06T00:00:00Z,2023-09-08T23:59:59Z,"CN=www.abercrombie.com, O=Abercrombie & Fitch Trading Co., L=New Albany, ST=Ohio, C=US",www.abercrombie.com,Abercrombie & Fitch Trading Co.,*.abercrombie.ca,"CN=DigiCert TLS RSA SHA256 2020 CA1, O=DigiCert Inc, C=US",DigiCert TLS RSA SHA256 2020 CA1,DigiCert Inc,f248e8e462b614918f62342a392a26fd,ffe95d0bb6c839ff8ff5b7821b28e2ceee72b53f94041b94c1d59db8bd7a5dc7,True,ctls,cert-eu.hollisterco.com,443,https://cert-eu.hollisterco.com:443,https,AkamaiGHost,text/html,GET,23.201.240.95,/,753925085,23.201.240.95,10,False,,,,,,
cert-eu.m.hollisterco.com,Access Denied,403,282,cert-eu.m.hollisterco.com,443,True,tls13,TLS_AES_256_GCM_SHA384,True,2022-09-06T00:00:00Z,2023-09-08T23:59:59Z,"CN=www.abercrombie.com, O=Abercrombie & Fitch Trading Co., L=New Albany, ST=Ohio, C=US",www.abercrombie.com,Abercrombie & Fitch Trading Co.,*.abercrombie.ca,"CN=DigiCert TLS RSA SHA256 2020 CA1, O=DigiCert Inc, C=US",DigiCert TLS RSA SHA256 2020 CA1,DigiCert Inc,f248e8e462b614918f62342a392a26fd,ffe95d0bb6c839ff8ff5b7821b28e2ceee72b53f94041b94c1d59db8bd7a5dc7,True,ctls,cert-eu.m.hollisterco.com,443,https://cert-eu.m.hollisterco.com:443,https,AkamaiGHost,text/html,GET,23.37.48.178,/,337696680,23.37.48.178,10,False,,,,,,
cert-fr-ca.abercrombie.com,Invalid URL,400,208,cert-fr-ca.abercrombie.com,443,True,tls13,TLS_AES_256_GCM_SHA384,True,2022-09-06T00:00:00Z,2023-09-08T23:59:59Z,"CN=www.abercrombie.com, O=Abercrombie & Fitch Trading Co., L=New Albany, ST=Ohio, C=US",www.abercrombie.com,Abercrombie & Fitch Trading Co.,*.abercrombie.ca,"CN=DigiCert TLS RSA SHA256 2020 CA1, O=DigiCert Inc, C=US",DigiCert TLS RSA SHA256 2020 CA1,DigiCert Inc,f248e8e462b614918f62342a392a26fd,ffe95d0bb6c839ff8ff5b7821b28e2ceee72b53f94041b94c1d59db8bd7a5dc7,True,ctls,cert-fr-ca.abercrombie.com,443,https://cert-fr-ca.abercrombie.com:443,https,AkamaiGHost,text/html,GET,23.37.48.178,/,-981142424,23.37.48.178,8,False,,,,,,
cert-fr-ca.hollisterco.com,Invalid URL,400,209,cert-fr-ca.hollisterco.com,443,True,tls13,TLS_AES_256_GCM_SHA384,,2022-09-06T00:00:00Z,2023-09-08T23:59:59Z,"CN=www.abercrombie.com, O=Abercrombie & Fitch Trading Co., L=New Albany, ST=Ohio, C=US",www.abercrombie.com,Abercrombie & Fitch Trading Co.,*.abercrombie.ca,"CN=DigiCert TLS RSA SHA256 2020 CA1, O=DigiCert Inc, C=US",DigiCert TLS RSA SHA256 2020 CA1,DigiCert Inc,f248e8e462b614918f62342a392a26fd,ffe95d0bb6c839ff8ff5b7821b28e2ceee72b53f94041b94c1d59db8bd7a5dc7,True,ctls,cert-fr-ca.hollisterco.com,443,https://cert-fr-ca.hollisterco.com:443,https,AkamaiGHost,text/html,GET,23.201.240.95,/,2034803167,23.201.240.95,8,False,,,,,,
cert-fr-ca.m.abercrombie.com,Invalid URL,400,208,cert-fr-ca.m.abercrombie.com,443,True,tls13,TLS_AES_256_GCM_SHA384,True,2022-09-06T00:00:00Z,2023-09-08T23:59:59Z,"CN=www.abercrombie.com, O=Abercrombie & Fitch Trading Co., L=New Albany, ST=Ohio, C=US",www.abercrombie.com,Abercrombie & Fitch Trading Co.,*.abercrombie.ca,"CN=DigiCert TLS RSA SHA256 2020 CA1, O=DigiCert Inc, C=US",DigiCert TLS RSA SHA256 2020 CA1,DigiCert Inc,f248e8e462b614918f62342a392a26fd,ffe95d0bb6c839ff8ff5b7821b28e2ceee72b53f94041b94c1d59db8bd7a5dc7,True,ctls,cert-fr-ca.m.abercrombie.com,443,https://cert-fr-ca.m.abercrombie.com:443,https,AkamaiGHost,text/html,GET,23.37.48.178,/,4777562,23.37.48.178,8,False,,,,,,
cert-fr-ca.m.hollisterco.com,Invalid URL,400,209,cert-fr-ca.m.hollisterco.com,443,True,tls13,TLS_AES_256_GCM_SHA384,True,2022-09-06T00:00:00Z,2023-09-08T23:59:59Z,"CN=www.abercrombie.com, O=Abercrombie & Fitch Trading Co., L=New Albany, ST=Ohio, C=US",www.abercrombie.com,Abercrombie & Fitch Trading Co.,*.abercrombie.ca,"CN=DigiCert TLS RSA SHA256 2020 CA1, O=DigiCert Inc, C=US",DigiCert TLS RSA SHA256 2020 CA1,DigiCert Inc,f248e8e462b614918f62342a392a26fd,ffe95d0bb6c839ff8ff5b7821b28e2ceee72b53f94041b94c1d59db8bd7a5dc7,True,ctls,cert-fr-ca.m.hollisterco.com,443,https://cert-fr-ca.m.hollisterco.com:443,https,AkamaiGHost,text/html,GET,23.201.240.95,/,378804229,23.201.240.95,8,False,,,,,,
cert-fr-eu.abercrombie.com,Access Denied,403,283,cert-fr-eu.abercrombie.com,443,True,tls13,TLS_AES_256_GCM_SHA384,True,2022-09-06T00:00:00Z,2023-09-08T23:59:59Z,"CN=www.abercrombie.com, O=Abercrombie & Fitch Trading Co., L=New Albany, ST=Ohio, C=US",www.abercrombie.com,Abercrombie & Fitch Trading Co.,*.abercrombie.ca,"CN=DigiCert TLS RSA SHA256 2020 CA1, O=DigiCert Inc, C=US",DigiCert TLS RSA SHA256 2020 CA1,DigiCert Inc,f248e8e462b614918f62342a392a26fd,ffe95d0bb6c839ff8ff5b7821b28e2ceee72b53f94041b94c1d59db8bd7a5dc7,True,ctls,cert-fr-eu.abercrombie.com,443,https://cert-fr-eu.abercrombie.com:443,https,AkamaiGHost,text/html,GET,23.37.48.178,/,431840771,23.37.48.178,10,False,,,,,,
cert-fr-eu.m.abercrombie.com,Access Denied,403,290,cert-fr-eu.m.abercrombie.com,443,True,tls13,TLS_AES_256_GCM_SHA384,True,2022-09-06T00:00:00Z,2023-09-08T23:59:59Z,"CN=www.abercrombie.com, O=Abercrombie & Fitch Trading Co., L=New Albany, ST=Ohio, C=US",www.abercrombie.com,Abercrombie & Fitch Trading Co.,*.abercrombie.ca,"CN=DigiCert TLS RSA SHA256 2020 CA1, O=DigiCert Inc, C=US",DigiCert TLS RSA SHA256 2020 CA1,DigiCert Inc,f248e8e462b614918f62342a392a26fd,ffe95d0bb6c839ff8ff5b7821b28e2ceee72b53f94041b94c1d59db8bd7a5dc7,True,ctls,cert-fr-eu.m.abercrombie.com,443,https://cert-fr-eu.m.abercrombie.com:443,https,AkamaiGHost,text/html,GET,23.201.240.95,/,-771387461,23.201.240.95,10,False,,,,,,
cert-giftcards.abercrombie.com,eGifter,200,1890,cert-giftcards.abercrombie.com,443,True,tls12,TLS_ECDHE_RSA_WITH_AES_128_GCM_SHA256,,2023-06-07T00:00:00Z,2024-07-05T23:59:59Z,CN=cert-giftcards.abercrombie.com,cert-giftcards.abercrombie.com,,cert-giftcards-egapi.hollisterco.ca,"CN=Amazon RSA 2048 M01, O=Amazon, C=US",Amazon RSA 2048 M01,Amazon,4ea7f7802772fd5932a3f110ff2faf80,54be23f4c7f7d93b28f1d857d7ea6ec6bf7e90670baa53778a1989d184eba6db,,ctls,cert-giftcards.abercrombie.com,443,https://cert-giftcards.abercrombie.com:443,https,Microsoft-IIS/10.0,text/html,GET,52.0.9.60,/,-140794735,54.87.91.156,43,False,Windows Server,,,,,
cert-giftcards.hollisterco.com,eGifter,200,1890,cert-giftcards.hollisterco.com,443,True,tls12,TLS_ECDHE_RSA_WITH_AES_128_GCM_SHA256,,2023-06-07T00:00:00Z,2024-07-05T23:59:59Z,CN=cert-giftcards.abercrombie.com,cert-giftcards.abercrombie.com,,cert-giftcards-egapi.hollisterco.ca,"CN=Amazon RSA 2048 M01, O=Amazon, C=US",Amazon RSA 2048 M01,Amazon,4ea7f7802772fd5932a3f110ff2faf80,54be23f4c7f7d93b28f1d857d7ea6ec6bf7e90670baa53778a1989d184eba6db,,ctls,cert-giftcards.hollisterco.com,443,https://cert-giftcards.hollisterco.com:443,https,Microsoft-IIS/10.0,text/html,GET,54.87.91.156,/,-1337709241,54.85.145.104,43,False,Windows Server,,,,,
cert-it-eu.abercrombie.com,Access Denied,403,284,cert-it-eu.abercrombie.com,443,True,tls13,TLS_AES_256_GCM_SHA384,True,2022-09-06T00:00:00Z,2023-09-08T23:59:59Z,"CN=www.abercrombie.com, O=Abercrombie & Fitch Trading Co., L=New Albany, ST=Ohio, C=US",www.abercrombie.com,Abercrombie & Fitch Trading Co.,*.abercrombie.ca,"CN=DigiCert TLS RSA SHA256 2020 CA1, O=DigiCert Inc, C=US",DigiCert TLS RSA SHA256 2020 CA1,DigiCert Inc,f248e8e462b614918f62342a392a26fd,ffe95d0bb6c839ff8ff5b7821b28e2ceee72b53f94041b94c1d59db8bd7a5dc7,True,ctls,cert-it-eu.abercrombie.com,443,https://cert-it-eu.abercrombie.com:443,https,AkamaiGHost,text/html,GET,23.201.240.95,/,-1776375037,23.201.240.95,10,False,,,,,,
cert-it-eu.hollisterco.com,Access Denied,403,283,cert-it-eu.hollisterco.com,443,True,tls13,TLS_AES_256_GCM_SHA384,,2022-09-06T00:00:00Z,2023-09-08T23:59:59Z,"CN=www.abercrombie.com, O=Abercrombie & Fitch Trading Co., L=New Albany, ST=Ohio, C=US",www.abercrombie.com,Abercrombie & Fitch Trading Co.,*.abercrombie.ca,"CN=DigiCert TLS RSA SHA256 2020 CA1, O=DigiCert Inc, C=US",DigiCert TLS RSA SHA256 2020 CA1,DigiCert Inc,f248e8e462b614918f62342a392a26fd,ffe95d0bb6c839ff8ff5b7821b28e2ceee72b53f94041b94c1d59db8bd7a5dc7,True,ctls,cert-it-eu.hollisterco.com,443,https://cert-it-eu.hollisterco.com:443,https,AkamaiGHost,text/html,GET,23.37.48.178,/,1802548586,23.37.48.178,10,False,,,,,,
cert-it-eu.m.hollisterco.com,Access Denied,403,288,cert.hollisterco.com,443,True,tls13,TLS_AES_256_GCM_SHA384,,2022-09-06T00:00:00Z,2023-09-08T23:59:59Z,"CN=www.abercrombie.com, O=Abercrombie & Fitch Trading Co., L=New Albany, ST=Ohio, C=US",www.abercrombie.com,Abercrombie & Fitch Trading Co.,abercrombie.cn,"CN=DigiCert TLS RSA SHA256 2020 CA1, O=DigiCert Inc, C=US",DigiCert TLS RSA SHA256 2020 CA1,DigiCert Inc,c96729279dd329e60af10a66d92585c4,bd26470618772ca2bce2ab54f77979720b1b125f0abd9252ec1b95757e38d692,,ctls,cert.hollisterco.com,443,https://cert-it-eu.m.hollisterco.com:443,https,AkamaiGHost,text/html,GET,23.37.48.178,/,2018141557,23.37.48.178,10,False,HSTS,,,,https://cert.hollisterco.com/shop/eu-it,
cert-nl-eu.abercrombie.com,Access Denied,403,284,cert-nl-eu.abercrombie.com,443,True,tls13,TLS_AES_256_GCM_SHA384,True,2022-09-06T00:00:00Z,2023-09-08T23:59:59Z,"CN=www.abercrombie.com, O=Abercrombie & Fitch Trading Co., L=New Albany, ST=Ohio, C=US",www.abercrombie.com,Abercrombie & Fitch Trading Co.,*.abercrombie.ca,"CN=DigiCert TLS RSA SHA256 2020 CA1, O=DigiCert Inc, C=US",DigiCert TLS RSA SHA256 2020 CA1,DigiCert Inc,f248e8e462b614918f62342a392a26fd,ffe95d0bb6c839ff8ff5b7821b28e2ceee72b53f94041b94c1d59db8bd7a5dc7,True,ctls,cert-nl-eu.abercrombie.com,443,https://cert-nl-eu.abercrombie.com:443,https,AkamaiGHost,text/html,GET,23.201.240.95,/,747877590,23.201.240.95,10,False,,,,,,
cert-nl-eu.m.hollisterco.com,Access Denied,403,289,cert-nl-eu.m.hollisterco.com,443,True,tls13,TLS_AES_256_GCM_SHA384,True,2022-09-06T00:00:00Z,2023-09-08T23:59:59Z,"CN=www.abercrombie.com, O=Abercrombie & Fitch Trading Co., L=New Albany, ST=Ohio, C=US",www.abercrombie.com,Abercrombie & Fitch Trading Co.,*.abercrombie.ca,"CN=DigiCert TLS RSA SHA256 2020 CA1, O=DigiCert Inc, C=US",DigiCert TLS RSA SHA256 2020 CA1,DigiCert Inc,f248e8e462b614918f62342a392a26fd,ffe95d0bb6c839ff8ff5b7821b28e2ceee72b53f94041b94c1d59db8bd7a5dc7,True,ctls,cert-nl-eu.m.hollisterco.com,443,https://cert-nl-eu.m.hollisterco.com:443,https,AkamaiGHost,text/html,GET,23.37.48.178,/,-187535049,23.37.48.178,10,False,,,,,,
cert-uk.abercrombie.com,Access Denied,403,277,cert-uk.abercrombie.com,443,True,tls13,TLS_AES_256_GCM_SHA384,True,2022-09-06T00:00:00Z,2023-09-08T23:59:59Z,"CN=www.abercrombie.com, O=Abercrombie & Fitch Trading Co., L=New Albany, ST=Ohio, C=US",www.abercrombie.com,Abercrombie & Fitch Trading Co.,*.abercrombie.ca,"CN=DigiCert TLS RSA SHA256 2020 CA1, O=DigiCert Inc, C=US",DigiCert TLS RSA SHA256 2020 CA1,DigiCert Inc,f248e8e462b614918f62342a392a26fd,ffe95d0bb6c839ff8ff5b7821b28e2ceee72b53f94041b94c1d59db8bd7a5dc7,True,ctls,cert-uk.abercrombie.com,443,https://cert-uk.abercrombie.com:443,https,AkamaiGHost,text/html,GET,23.201.240.95,/,-1059455801,23.201.240.95,10,False,,,,,,
cert-uk.hollisterco.com,Access Denied,403,277,cert-uk.hollisterco.com,443,True,tls13,TLS_AES_256_GCM_SHA384,,2022-09-06T00:00:00Z,2023-09-08T23:59:59Z,"CN=www.abercrombie.com, O=Abercrombie & Fitch Trading Co., L=New Albany, ST=Ohio, C=US",www.abercrombie.com,Abercrombie & Fitch Trading Co.,*.abercrombie.ca,"CN=DigiCert TLS RSA SHA256 2020 CA1, O=DigiCert Inc, C=US",DigiCert TLS RSA SHA256 2020 CA1,DigiCert Inc,f248e8e462b614918f62342a392a26fd,ffe95d0bb6c839ff8ff5b7821b28e2ceee72b53f94041b94c1d59db8bd7a5dc7,True,ctls,cert-uk.hollisterco.com,443,https://cert-uk.hollisterco.com:443,https,AkamaiGHost,text/html,GET,23.201.240.95,/,-2135174511,23.201.240.95,10,False,,,,,,
cert-uk.m.hollisterco.com,Access Denied,403,283,cert-uk.m.hollisterco.com,443,True,tls13,TLS_AES_256_GCM_SHA384,True,2022-09-06T00:00:00Z,2023-09-08T23:59:59Z,"CN=www.abercrombie.com, O=Abercrombie & Fitch Trading Co., L=New Albany, ST=Ohio, C=US",www.abercrombie.com,Abercrombie & Fitch Trading Co.,*.abercrombie.ca,"CN=DigiCert TLS RSA SHA256 2020 CA1, O=DigiCert Inc, C=US",DigiCert TLS RSA SHA256 2020 CA1,DigiCert Inc,f248e8e462b614918f62342a392a26fd,ffe95d0bb6c839ff8ff5b7821b28e2ceee72b53f94041b94c1d59db8bd7a5dc7,True,ctls,cert-uk.m.hollisterco.com,443,https://cert-uk.m.hollisterco.com:443,https,AkamaiGHost,text/html,GET,23.201.240.95,/,-63672740,23.201.240.95,10,False,,,,,,
checkout.abercrombie.com,Abercrombie & Fitch - Checkout,200,5196,checkout.abercrombie.com,443,True,tls13,TLS_AES_256_GCM_SHA384,,2023-03-17T00:00:00Z,2024-04-16T23:59:59Z,"CN=sni2636egl.wpc.edgecastcdn.net, O=Edgecast Inc., L=Los Angeles, ST=California, C=US",sni2636egl.wpc.edgecastcdn.net,Edgecast Inc.,checkout.abercrombie.com,"CN=DigiCert Global G2 TLS RSA SHA256 2020 CA1, O=DigiCert Inc, C=US",DigiCert Global G2 TLS RSA SHA256 2020 CA1,DigiCert Inc,858f56fd6e8cf44a1dd44d7967ebd950,9e91f1cde6653b28ccb38290d69461af8bae8f634faa25adefb40f06d9e7583a,,ctls,checkout.abercrombie.com,443,https://checkout.abercrombie.com:443,https,Microsoft-IIS/10.0,text/html,GET,152.199.21.175,/,852988913,2606:2800:233:1cb7:261b:1f9c:2074:3c,1,False,Windows Server,,,,,
checkout.hollisterco.com,Hollister - Checkout,200,5182,checkout.hollisterco.com,443,True,tls13,TLS_AES_256_GCM_SHA384,,2023-03-17T00:00:00Z,2024-04-16T23:59:59Z,"CN=sni2636agl.wpc.edgecastcdn.net, O=Edgecast Inc., L=Los Angeles, ST=California, C=US",sni2636agl.wpc.edgecastcdn.net,Edgecast Inc.,checkout.hollisterco.com,"CN=DigiCert Global G2 TLS RSA SHA256 2020 CA1, O=DigiCert Inc, C=US",DigiCert Global G2 TLS RSA SHA256 2020 CA1,DigiCert Inc,f7823d676a995da65d0e2de86d782340,a52c7ef4134230e20f5f71f90713f496b9318f7fdd616f5224a4c41c5a7b9386,,ctls,checkout.hollisterco.com,443,https://checkout.hollisterco.com:443,https,Microsoft-IIS/10.0,text/html,GET,152.199.21.175,/,-1157158080,2606:2800:233:1cb7:261b:1f9c:2074:3c,1,False,Windows Server,,,,,
click.email.abercrombie.com,403 - Forbidden: Access is denied.,403,1233,click.email.abercrombie.com,443,True,tls12,TLS_ECDHE_RSA_WITH_AES_256_GCM_SHA384,True,2023-06-02T00:00:00Z,2024-07-02T23:59:59Z,"CN=click.virt.s4.exacttarget.com, O=Salesforce.com\, Inc., L=San Francisco, ST=California, C=US",click.virt.s4.exacttarget.com,"Salesforce.com, Inc.",click.virt.s4.exacttarget.com,"CN=DigiCert Global G2 TLS RSA SHA256 2020 CA1, O=DigiCert Inc, C=US",DigiCert Global G2 TLS RSA SHA256 2020 CA1,DigiCert Inc,fbe2c0ce3190ccc53661f014288f7a92,16919dc411271add55bbe4953ddf150f8c436d9e3dc5289836ef6c4540a987ec,,ctls,click.email.abercrombie.com,443,https://click.email.abercrombie.com:443,https,,text/html,GET,66.231.94.105,/,1631801191,66.231.94.105,30,False,HSTS,,,,,
click.email.hollisterco.com,403 - Forbidden: Access is denied.,403,1233,click.email.hollisterco.com,443,True,tls12,TLS_ECDHE_RSA_WITH_AES_256_GCM_SHA384,True,2023-06-02T00:00:00Z,2024-07-02T23:59:59Z,"CN=click.virt.s4.exacttarget.com, O=Salesforce.com\, Inc., L=San Francisco, ST=California, C=US",click.virt.s4.exacttarget.com,"Salesforce.com, Inc.",click.virt.s4.exacttarget.com,"CN=DigiCert Global G2 TLS RSA SHA256 2020 CA1, O=DigiCert Inc, C=US",DigiCert Global G2 TLS RSA SHA256 2020 CA1,DigiCert Inc,fbe2c0ce3190ccc53661f014288f7a92,16919dc411271add55bbe4953ddf150f8c436d9e3dc5289836ef6c4540a987ec,,ctls,click.email.hollisterco.com,443,https://click.email.hollisterco.com:443,https,,text/html,GET,66.231.94.105,/,1631801191,66.231.94.105,30,False,HSTS,,,,,
clubcali.hollisterco.com,Access Denied,403,301,clubcali.hollisterco.com,443,True,tls13,TLS_AES_256_GCM_SHA384,,2022-09-06T00:00:00Z,2023-09-08T23:59:59Z,"CN=www.abercrombie.com, O=Abercrombie & Fitch Trading Co., L=New Albany, ST=Ohio, C=US",www.abercrombie.com,Abercrombie & Fitch Trading Co.,*.abercrombie.ca,"CN=DigiCert TLS RSA SHA256 2020 CA1, O=DigiCert Inc, C=US",DigiCert TLS RSA SHA256 2020 CA1,DigiCert Inc,f248e8e462b614918f62342a392a26fd,ffe95d0bb6c839ff8ff5b7821b28e2ceee72b53f94041b94c1d59db8bd7a5dc7,True,ctls,clubcali.hollisterco.com,443,https://clubcali.hollisterco.com:443,https,AkamaiGHost,text/html,GET,23.201.240.95,/,1953247234,23.201.240.95,10,False,,,,,,
collect.hollisterco.com,,404,,collect.hollisterco.com,443,True,tls12,TLS_ECDHE_RSA_WITH_AES_128_GCM_SHA256,,2023-02-28T00:00:00Z,2023-10-21T23:59:59Z,CN=collect.hollisterco.com,collect.hollisterco.com,,collect.abercrombie.com,"CN=Amazon RSA 2048 M01, O=Amazon, C=US",Amazon RSA 2048 M01,Amazon,6862201a01f2dccc9ecdd3c33e43d012,73dc475dd6f2d56fc43e61c72bd0da5ffa94204cce90442f3e7d59522b7993c9,,ctls,collect.hollisterco.com,443,https://collect.hollisterco.com:443,https,,,GET,75.2.125.34,/,-594459653,99.83.217.243,1,False,,,,,,
cquotient.abercrombie.com,,200,58,cquotient.abercrombie.com,443,True,tls12,TLS_ECDHE_RSA_WITH_AES_128_GCM_SHA256,True,2023-03-11T00:00:00Z,2024-04-08T23:59:59Z,CN=ai.salesforce.com,ai.salesforce.com,,*.ai.salesforce.com,"CN=Amazon RSA 2048 M01, O=Amazon, C=US",Amazon RSA 2048 M01,Amazon,00d35c9e97a33a772ff380b3b3481a57,e9959af05bde1c1b6ef1a61150d1288b728735f2feb6d6dbe9437ce6ab61ce0d,True,ctls,cquotient.abercrombie.com,443,https://cquotient.abercrombie.com:443,https,,text/html,GET,52.49.24.103,/,-1840324437,3.248.57.77,4,False,,,,,,
cquotient.hollisterco.com,,200,58,cquotient.hollisterco.com,443,True,tls12,TLS_ECDHE_RSA_WITH_AES_128_GCM_SHA256,True,2023-03-11T00:00:00Z,2024-04-08T23:59:59Z,CN=ai.salesforce.com,ai.salesforce.com,,*.ai.salesforce.com,"CN=Amazon RSA 2048 M01, O=Amazon, C=US",Amazon RSA 2048 M01,Amazon,00d35c9e97a33a772ff380b3b3481a57,e9959af05bde1c1b6ef1a61150d1288b728735f2feb6d6dbe9437ce6ab61ce0d,True,ctls,cquotient.hollisterco.com,443,https://cquotient.hollisterco.com:443,https,,text/html,GET,3.248.57.77,/,-1840324437,54.76.103.250,4,False,,,,,,
customfierce.abercrombie.com,IIS Windows Server,200,609,customfierce.abercrombie.com,443,True,tls12,TLS_ECDHE_RSA_WITH_AES_128_GCM_SHA256,True,2023-03-17T00:00:00Z,2024-04-14T23:59:59Z,CN=*.us.infigosoftware.rocks,*.us.infigosoftware.rocks,,*.us.infigosoftware.rocks,"CN=Amazon RSA 2048 M02, O=Amazon, C=US",Amazon RSA 2048 M02,Amazon,7587b4a214b5338b8010b13f59575b51,068278de481a072da65185069d9f58fa8ff5ab69cc5c35e064ee0929eded1def,True,ctls,customfierce.abercrombie.com,443,https://customfierce.abercrombie.com:443,https,Microsoft-IIS/10.0,text/html,GET,3.214.233.161,/,-1840324437,52.0.151.162,27,False,Windows Server,,,,,
e.abercrombie.com,404 Not Found,404,196,e.abercrombie.com,443,True,tls13,TLS_AES_256_GCM_SHA384,,2023-04-11T17:33:32Z,2024-05-08T17:33:32Z,"CN=e.abercrombie.com, O=Abercrombie & Fitch, L=New Albany, ST=Ohio, C=US",e.abercrombie.com,Abercrombie & Fitch,e.abercrombie.com,"CN=Entrust Certification Authority - L1K, OU=(c) 2012 Entrust\, Inc. - for authorized use only, OU=See www.entrust.net/legal-terms, O=Entrust\, Inc., C=US",Entrust Certification Authority - L1K,"Entrust, Inc.",8a10115e4c04cc023f568376a84195f8,45a5c08d9845739a41e4be2ce7a31b99ab110253e1f2bffad5162f9b4624c6e4,,ctls,e.abercrombie.com,443,https://e.abercrombie.com:443,https,Apache,text/html,GET,104.126.37.178,/,-780928015,104.126.37.162,8,False,Apache,,,,,
e2.hollisterco.com,404 Not Found,404,196,e2.hollisterco.com,443,True,tls13,TLS_AES_256_GCM_SHA384,,2023-04-11T17:34:58Z,2024-05-08T17:34:58Z,"CN=e2.hollisterco.com, O=Abercrombie & Fitch, L=New Albany, ST=Ohio, C=US",e2.hollisterco.com,Abercrombie & Fitch,e2.hollisterco.com,"CN=Entrust Certification Authority - L1K, OU=(c) 2012 Entrust\, Inc. - for authorized use only, OU=See www.entrust.net/legal-terms, O=Entrust\, Inc., C=US",Entrust Certification Authority - L1K,"Entrust, Inc.",ced2d6d8cbfa03cecb274258d6cd0765,4e71941a7ccdbb7b0a2126f487fbbe1b4a862f3585cbb15897187e0c5f16c267,,ctls,e2.hollisterco.com,443,https://e2.hollisterco.com:443,https,Apache,text/html,GET,2.23.209.146,/,-780928015,2.23.209.147,8,False,Apache,,,,,
giftcards.abercrombie.com,Page Not Found | Abercrombie & Fitch,200,279856,giftcards.abercrombie.com,443,True,tls13,TLS_AES_128_GCM_SHA256,,2023-06-30T05:20:10Z,2023-09-28T05:20:09Z,CN=giftcards.abercrombie.com,giftcards.abercrombie.com,,giftcards.abercrombie.com,"CN=R3, O=Let's Encrypt, C=US",R3,Let's Encrypt,df89f9fc258d7078d01b23765ef5a3e0,2d0d9418f9f067e75d8d18e86f2a180844c22b312fe19634a59f0324fe3dc538,,ctls,giftcards.abercrombie.com,443,https://giftcards.abercrombie.com:443,https,cloudflare,text/html,GET,104.18.20.14,/,-140794735,104.18.21.14,67,False,Vue.js,,cloudflare,True,,
"http://static.clevertap.com
",,403,243,static.clevertap.com,443,True,tls13,TLS_AES_128_GCM_SHA256,,2023-02-17T00:00:00Z,2023-08-31T23:59:59Z,CN=static.clevertap.com,static.clevertap.com,,static.clevertap.com,"CN=Amazon RSA 2048 M02, O=Amazon, C=US",Amazon RSA 2048 M02,Amazon,a38fd4e54777e8b28d1fa46e8179d857,079368302345779ecce672ce6959bca00cdda09c4caeb3c2f49c94ac99091f32,,ctls,static.clevertap.com,443,https://static.clevertap.com:443,https,AmazonS3,application/xml,GET,13.225.78.115,/,560565224,13.225.78.67,2,False,Amazon Web Services,,cloudfront,True,,
"https://bam.nr-data.net
",,404,2,bam.nr-data.net,443,True,tls13,TLS_AES_128_GCM_SHA256,,2022-11-18T00:00:00Z,2023-12-19T23:59:59Z,"CN=*.nr-data.net, O=New Relic\, Inc., L=San Francisco, ST=California, C=US",*.nr-data.net,"New Relic, Inc.",nr-data.net,"CN=DigiCert TLS RSA SHA256 2020 CA1, O=DigiCert Inc, C=US",DigiCert TLS RSA SHA256 2020 CA1,DigiCert Inc,f18c89bd942bf5fa0e43b69e1682be8a,34ffa5499509d896c902d083216c95d314faee049e2cf6183a38b98d57c91a07,True,ctls,bam.nr-data.net,443,https://bam.nr-data.net:443,https,cloudflare,text/plain,GET,162.247.241.14,/,-1206076886,162.247.243.29,1,False,Cloudflare,,,,,
"https://d2r1yp2w7bby2u.cloudfront.net
",,403,243,d2r1yp2w7bby2u.cloudfront.net,443,True,tls13,TLS_AES_128_GCM_SHA256,,2022-12-08T00:00:00Z,2023-12-07T23:59:59Z,CN=*.cloudfront.net,*.cloudfront.net,,*.cloudfront.net,"CN=Amazon RSA 2048 M01, O=Amazon, C=US",Amazon RSA 2048 M01,Amazon,3ce77498ac0d9db2c0fbac4ace488223,0e61dc9128a6d01c3583e46cb871e9590ca7636f3b394e60b910fdb249e90465,True,ctls,d2r1yp2w7bby2u.cloudfront.net,443,https://d2r1yp2w7bby2u.cloudfront.net:443,https,AmazonS3,application/xml,GET,13.225.78.94,/,1889641682,13.225.78.67,2,False,Amazon Web Services,,cloudfront,True,,
"https://fonts.gstatic.com
",Error 404 (Not Found)!!1,404,1561,fonts.gstatic.com,443,True,tls13,TLS_AES_128_GCM_SHA256,,2023-06-19T08:20:47Z,2023-09-11T08:20:46Z,CN=*.gstatic.com,*.gstatic.com,,*.metric.gstatic.com,"CN=GTS CA 1C3, O=Google Trust Services LLC, C=US",GTS CA 1C3,Google Trust Services LLC,c7c819cf4dd7eaac32596a27df440c3a,4232a61304d4799519d0c90e6c12f5aa385c549d99242ed0f0565857dbe97608,True,ctls,fonts.gstatic.com,443,https://fonts.gstatic.com:443,https,sffe,text/html,GET,142.250.186.99,/,302920777,2a00:1450:4001:829::2003,12,False,HTTP/3,,,,,
https://www.google-analytics.com,Analytics Tools & Solutions for Your Business - Google Analytics,200,118545,marketingplatform.google.com,443,True,tls13,TLS_AES_128_GCM_SHA256,,2023-06-19T08:16:09Z,2023-09-11T08:16:08Z,CN=*.google.com,*.google.com,,source.android.google.cn,"CN=GTS CA 1C3, O=Google Trust Services LLC, C=US",GTS CA 1C3,Google Trust Services LLC,77fce969f6da9c23b46a4179eeece1a8,cd9aec87aa4ae96416bd900a0b81fba5a0f3f8e3b5fd4b2ea159059797f70790,True,ctls,marketingplatform.google.com,443,https://www.google-analytics.com:443,https,sffe,text/html,GET,172.217.18.14,/,302920777,2a00:1450:4001:827::200e,1833,False,HTTP/3,,,,https://marketingplatform.google.com/about/analytics/,https://csp.withgoogle.com/csp/uxe-owners-acl/marketing_platform
"https://www.googletagmanager.com
",Error 400 (Bad Request)!!1,400,1555,www.googletagmanager.com,443,True,tls13,TLS_AES_128_GCM_SHA256,True,2023-06-19T08:16:09Z,2023-09-11T08:16:08Z,CN=*.google-analytics.com,*.google-analytics.com,,www.googleoptimize.com,"CN=GTS CA 1C3, O=Google Trust Services LLC, C=US",GTS CA 1C3,Google Trust Services LLC,a70a503bfcd507236a0630c327963b39,f1e109477d076ab7412e70816a90acdcd1fff2d3ab53cc2429c27acccfe6cc5a,True,ctls,www.googletagmanager.com,443,https://www.googletagmanager.com:443,https,Google Tag Manager,text/html,GET,142.250.186.104,/,302920777,2a00:1450:4001:806::2008,12,False,HTTP/3,,,,,
"https://wzrkt.com
",,200,,wzrkt.com,443,True,tls13,TLS_AES_128_GCM_SHA256,,2023-03-22T00:00:00Z,2024-04-18T23:59:59Z,CN=wzrkt.com,wzrkt.com,,wzrkt.com,"CN=Amazon RSA 2048 M01, O=Amazon, C=US",Amazon RSA 2048 M01,Amazon,afb318940bf6ed7d4a887387cf9fee4b,15572c480e36ba61f632f0ff6e6ac26730d69291c1c725ac7e12c864301c3586,,ctls,wzrkt.com,443,https://wzrkt.com:443,https,,,GET,99.86.4.17,/,-1840324437,2600:9000:2057:ba00:1e:3056:9b00:93a1,1,False,Amazon Web Services,,cloudfront,True,,
image.email.hollisterco.com,Access Denied,403,280,image.email.hollisterco.com,443,True,tls13,TLS_AES_256_GCM_SHA384,True,2023-05-16T00:00:00Z,2024-05-15T23:59:59Z,"CN=a248.e.akamai.net, O=Akamai Technologies\, Inc., L=Cambridge, ST=Massachusetts, C=US",a248.e.akamai.net,"Akamai Technologies, Inc.",*.akamaihd-staging.net,"CN=DigiCert TLS RSA SHA256 2020 CA1, O=DigiCert Inc, C=US",DigiCert TLS RSA SHA256 2020 CA1,DigiCert Inc,1698995d9038e8e48e56122247ea04c1,22723fe90c8cb62a43cc528408564613075e76acf7ff45e9542c7ce77c6db372,True,ctls,image.email.hollisterco.com,443,https://image.email.hollisterco.com:443,https,AkamaiGHost,text/html,GET,2.16.164.83,/,2093876470,2.16.164.115,10,False,,,,,,
ir.abercrombie.com,ANF | Abercrombie | Hollister | abercrombie kids | Gilly Hicks | Social Tourist,200,121112,corporate.abercrombie.com,443,True,tls13,TLS_AES_128_GCM_SHA256,,2023-05-02T11:25:39Z,2023-07-31T11:25:38Z,CN=corporate.abercrombie.com,corporate.abercrombie.com,,corporate.abercrombie.com,"CN=R3, O=Let's Encrypt, C=US",R3,Let's Encrypt,639e3870c215e553553b329fcafa1ad2,3a225cf28b8d98a28b1f4ac2e0553be4e16baec31500fcb02dacfbe04205eebe,,ctls,corporate.abercrombie.com,443,https://ir.abercrombie.com:443,https,nginx,text/html,GET,104.75.88.7,/,1501418837,104.75.88.7,503,False,Yoast SEO:20.3,,,,https://corporate.abercrombie.com/,
itemtesting.abercrombie.com,Service Unavailable - Fail to connect,503,272,itemtesting.abercrombie.com,443,True,tls13,TLS_AES_256_GCM_SHA384,True,2023-05-16T00:00:00Z,2024-05-15T23:59:59Z,"CN=a248.e.akamai.net, O=Akamai Technologies\, Inc., L=Cambridge, ST=Massachusetts, C=US",a248.e.akamai.net,"Akamai Technologies, Inc.",*.akamaihd-staging.net,"CN=DigiCert TLS RSA SHA256 2020 CA1, O=DigiCert Inc, C=US",DigiCert TLS RSA SHA256 2020 CA1,DigiCert Inc,1698995d9038e8e48e56122247ea04c1,22723fe90c8cb62a43cc528408564613075e76acf7ff45e9542c7ce77c6db372,True,ctls,itemtesting.abercrombie.com,443,https://itemtesting.abercrombie.com:443,https,AkamaiGHost,text/html,GET,23.32.238.194,/,-970850345,23.32.238.232,9,False,,,,,,
"js-agent.newrelic.com
",,403,243,js-agent.newrelic.com,443,True,tls13,TLS_AES_128_GCM_SHA256,,2023-04-13T21:45:59Z,2024-05-14T21:45:58Z,CN=js-agent.newrelic.com,js-agent.newrelic.com,,js-agent.newrelic.com,"CN=GlobalSign Atlas R3 DV TLS CA 2023 Q2, O=GlobalSign nv-sa, C=BE",GlobalSign Atlas R3 DV TLS CA 2023 Q2,GlobalSign nv-sa,35b4a439d18d86cd47e25f1a3d5f395a,9d0fc0c11d074cab210985f552a207cfae67f241f5bc36ff2be96769a7fbff7c,,ctls,js-agent.newrelic.com,443,https://js-agent.newrelic.com:443,https,AmazonS3,application/xml,GET,151.101.194.137,/,1180855767,151.101.2.137,2,False,Varnish,,fastly,True,,
lyncdiscover.abercrombie.com,,200,366,lyncdiscover.abercrombie.com,443,True,tls12,TLS_ECDHE_RSA_WITH_AES_256_CBC_SHA,True,2023-02-03T18:41:36Z,2024-01-29T18:41:36Z,"CN=*.online.lync.com, O=Microsoft Corporation, L=Redmond, ST=WA, C=US",*.online.lync.com,Microsoft Corporation,*.lync.com,"CN=Microsoft Azure TLS Issuing CA 06, O=Microsoft Corporation, C=US",Microsoft Azure TLS Issuing CA 06,Microsoft Corporation,2caac3e97714f2cd46d17017c8f7ca9e,f38e6481f423e45388c4b40cabf45c6641d3131d29bed689eac88c27936a5618,True,ctls,lyncdiscover.abercrombie.com,443,https://lyncdiscover.abercrombie.com:443,https,,application/json,GET,52.112.192.14,/,1480451634,2603:1027:0:3::e,1,False,Azure,,,,,
lyncdiscover.hollisterco.com,,200,367,lyncdiscover.hollisterco.com,443,True,tls12,TLS_ECDHE_RSA_WITH_AES_256_CBC_SHA,True,2023-02-03T18:41:36Z,2024-01-29T18:41:36Z,"CN=*.online.lync.com, O=Microsoft Corporation, L=Redmond, ST=WA, C=US",*.online.lync.com,Microsoft Corporation,*.lync.com,"CN=Microsoft Azure TLS Issuing CA 06, O=Microsoft Corporation, C=US",Microsoft Azure TLS Issuing CA 06,Microsoft Corporation,2caac3e97714f2cd46d17017c8f7ca9e,f38e6481f423e45388c4b40cabf45c6641d3131d29bed689eac88c27936a5618,True,ctls,lyncdiscover.hollisterco.com,443,https://lyncdiscover.hollisterco.com:443,https,,application/json,GET,52.112.192.142,/,919765819,2603:1027:0:48::21,1,False,Azure,,,,,
metrics.hollisterco.com,,200,,metrics.hollisterco.com,443,True,tls13,TLS_AES_128_GCM_SHA256,True,2023-02-10T00:00:00Z,2024-03-08T23:59:59Z,"CN=*.sc.omtrdc.net, O=Adobe Systems Incorporated, L=San Jose, ST=California, C=US",*.sc.omtrdc.net,Adobe Systems Incorporated,sc.omtrdc.net,"CN=DigiCert TLS RSA SHA256 2020 CA1, O=DigiCert Inc, C=US",DigiCert TLS RSA SHA256 2020 CA1,DigiCert Inc,5aea0482f5687fba1e7b20b2977a3e7a,1a773e957c8bb8819956df96b254fce6c3d34e51c3a7073ffe3ac7833bfc089f,True,ctls,metrics.hollisterco.com,443,https://metrics.hollisterco.com:443,https,jag,,GET,63.140.62.160,/,1936786007,63.140.62.135,1,False,,,,,,
mi.hollisterco.com,Movable Ink Domain,200,79,mi.hollisterco.com,443,True,tls13,TLS_AES_128_GCM_SHA256,,2020-05-21T19:28:27Z,2022-08-17T19:58:25Z,"CN=mi.hollisterco.com, O=Abercrombie & Fitch, L=New Albany, ST=Ohio, C=US",mi.hollisterco.com,Abercrombie & Fitch,mi.hollisterco.com,"CN=Entrust Certification Authority - L1K, OU=(c) 2012 Entrust\, Inc. - for authorized use only, OU=See www.entrust.net/legal-terms, O=Entrust\, Inc., C=US",Entrust Certification Authority - L1K,"Entrust, Inc.",ed664404c6e781655a4a3fd251f62ed2,0fea6bc030aa7aea259c3fe5cc1b765e6fc043d2e8c8d1572fdf6cf6ebedcd86,,ctls,mi.hollisterco.com,443,https://mi.hollisterco.com:443,https,,,GET,65.9.66.87,/,-1542678720,65.9.66.10,1,False,Amazon Web Services,True,cloudfront,True,,
origin-staging.corporate.abercrombie.com,Web Server's Default Page,200,32958,origin-staging.corporate.abercrombie.com,443,True,tls13,TLS_AES_128_GCM_SHA256,,2023-06-29T15:40:18Z,2023-09-27T15:40:17Z,CN=admin-staging.corporate.abercrombie.com,admin-staging.corporate.abercrombie.com,,origin-staging.corporate.abercrombie.com,"CN=R3, O=Let's Encrypt, C=US",R3,Let's Encrypt,e5c47843e11dddb7247124102127bd09,540e1a23e685f1d11a54d9de1cab96e59808a9abf39629a91d1d0890734a1902,,ctls,origin-staging.corporate.abercrombie.com,443,https://origin-staging.corporate.abercrombie.com:443,https,nginx/1.18.0 (Ubuntu),text/html,GET,45.79.180.246,/,-2144967296,45.79.180.246,326,False,Ubuntu,,,,,
pages.email.abercrombie.com,403 - Forbidden: Access is denied.,403,1233,,,,,,,,,,,,,,,,,,,,,80,http://pages.email.abercrombie.com:80,http,,text/html,GET,66.231.94.111,/,-207424980,66.231.94.111,30,False,,,,,,
partners.hollisterco.com,Dead End,404,248,partners.hollisterco.com,443,True,tls13,TLS_AES_128_GCM_SHA256,,2023-05-14T15:08:14Z,2023-08-12T16:00:07Z,CN=partners.hollisterco.com,partners.hollisterco.com,,partners.hollisterco.com,"CN=GTS CA 1D4, O=Google Trust Services LLC, C=US",GTS CA 1D4,Google Trust Services LLC,f147e8a2e7e75fc4e5a439c891ed1464,e475f88a4cb627a12dfb680623f999adadd73c36b36bc774f3ae5f063adc27c1,,ctls,partners.hollisterco.com,443,https://partners.hollisterco.com:443,https,,text/html,GET,34.149.116.82,/,1351214488,34.149.116.82,14,False,HTTP/3,,google,True,,
sand.hollisterco.com,Hollister - Checkout,200,5182,sand.hollisterco.com,443,True,tls13,TLS_AES_256_GCM_SHA384,,2023-03-17T00:00:00Z,2024-04-16T23:59:59Z,"CN=sni26372gl.wpc.edgecastcdn.net, O=Edgecast Inc., L=Los Angeles, ST=California, C=US",sni26372gl.wpc.edgecastcdn.net,Edgecast Inc.,sand.hollisterco.com,"CN=DigiCert Global G2 TLS RSA SHA256 2020 CA1, O=DigiCert Inc, C=US",DigiCert Global G2 TLS RSA SHA256 2020 CA1,DigiCert Inc,2be7a0d8a299d1c5f5fea49ee810dd9d,51ae9d010b60abaed89021aa19f0cf1b0548132f909ed0ce050eafb4f9fa8d42,,ctls,sand.hollisterco.com,443,https://sand.hollisterco.com:443,https,Microsoft-IIS/10.0,text/html,GET,152.199.21.175,/,783857067,2606:2800:233:1cb7:261b:1f9c:2074:3c,1,False,Windows Server,,,,,
sip.abercrombie.com,,404,75,sip.abercrombie.com,443,True,tls12,TLS_ECDHE_RSA_WITH_AES_256_CBC_SHA,True,2023-03-28T19:00:19Z,2024-03-22T19:00:19Z,"CN=sipfed.online.lync.com, O=Microsoft Corporation, L=Redmond, ST=WA, C=US",sipfed.online.lync.com,Microsoft Corporation,*.lync.com,"CN=Microsoft Azure TLS Issuing CA 05, O=Microsoft Corporation, C=US",Microsoft Azure TLS Issuing CA 05,Microsoft Corporation,6e32f8be92e2cf4aff781cff883f13f7,c7f7a0fb5d80892059f25bab5abeb7ffbef9ec512abd9475cf96c0bacc21d3c7,True,ctls,sip.abercrombie.com,443,https://sip.abercrombie.com:443,https,RTC/7.0,text/plain,GET,52.112.196.46,/,323444651,2603:1027:0:2::b,4,False,HSTS,,,,,
sip.hollisterco.com,,404,75,sip.hollisterco.com,443,True,tls12,TLS_ECDHE_RSA_WITH_AES_256_CBC_SHA,True,2023-03-28T19:00:19Z,2024-03-22T19:00:19Z,"CN=sipfed.online.lync.com, O=Microsoft Corporation, L=Redmond, ST=WA, C=US",sipfed.online.lync.com,Microsoft Corporation,*.lync.com,"CN=Microsoft Azure TLS Issuing CA 05, O=Microsoft Corporation, C=US",Microsoft Azure TLS Issuing CA 05,Microsoft Corporation,6e32f8be92e2cf4aff781cff883f13f7,c7f7a0fb5d80892059f25bab5abeb7ffbef9ec512abd9475cf96c0bacc21d3c7,True,ctls,sip.hollisterco.com,443,https://sip.hollisterco.com:443,https,RTC/7.0,text/plain,GET,52.112.192.11,/,-773955100,2603:1027:0:48::20,4,False,HSTS,,,,,
smetrics.abercrombie.com,,200,,smetrics.abercrombie.com,443,True,tls13,TLS_AES_128_GCM_SHA256,,2022-12-12T00:00:00Z,2024-01-12T23:59:59Z,"CN=smetrics.abercrombie.com, O=Adobe Systems Incorporated, L=San Jose, ST=California, C=US",smetrics.abercrombie.com,Adobe Systems Incorporated,smetrics.abercrombie.com,"CN=DigiCert TLS RSA SHA256 2020 CA1, O=DigiCert Inc, C=US",DigiCert TLS RSA SHA256 2020 CA1,DigiCert Inc,c8e128122ba03d748914475102347424,4336cf5a6fb8e188f15c9d414ff3b38eb19e590684d1429557619767627a17f0,,ctls,smetrics.abercrombie.com,443,https://smetrics.abercrombie.com:443,https,jag,,GET,63.140.62.164,/,1936786007,63.140.62.160,1,False,HSTS,,,,,
smetrics.hollisterco.com,,200,,smetrics.hollisterco.com,443,True,tls13,TLS_AES_128_GCM_SHA256,,2022-12-12T00:00:00Z,2024-01-12T23:59:59Z,"CN=smetrics.hollisterco.com, O=Adobe Systems Incorporated, L=San Jose, ST=California, C=US",smetrics.hollisterco.com,Adobe Systems Incorporated,smetrics.hollisterco.com,"CN=DigiCert TLS RSA SHA256 2020 CA1, O=DigiCert Inc, C=US",DigiCert TLS RSA SHA256 2020 CA1,DigiCert Inc,71867903008285ff325341640c6104e0,cbd3baf4013efe8e8e2c67148e2f5c071c2307444da699b75131f802b42bda5b,,ctls,smetrics.hollisterco.com,443,https://smetrics.hollisterco.com:443,https,jag,,GET,63.140.62.160,/,1936786007,63.140.62.135,1,False,HSTS,,,,,
tags.hollisterco.com,,200,3,tags.hollisterco.com,443,True,tls13,TLS_AES_128_GCM_SHA256,,2023-02-28T00:00:00Z,2023-10-21T23:59:59Z,CN=tags.hollisterco.com,tags.hollisterco.com,,tags.abercrombie.com,"CN=Amazon RSA 2048 M01, O=Amazon, C=US",Amazon RSA 2048 M01,Amazon,5a54945d7247e17df347fe7c325ca33c,cf23e84880170ac237543d4691bec47c3c6eeb49e6f48b9cbc7e5b96c5e21857,,ctls,tags.hollisterco.com,443,https://tags.hollisterco.com:443,https,AmazonS3,application/javascript,GET,108.138.17.86,/,390084067,108.138.17.57,2,False,Amazon Web Services,,cloudfront,True,,
test-www.abercrombie.com,Invalid URL,400,209,test-www.abercrombie.com,443,True,tls13,TLS_AES_256_GCM_SHA384,True,2022-09-06T00:00:00Z,2023-09-08T23:59:59Z,"CN=www.abercrombie.com, O=Abercrombie & Fitch Trading Co., L=New Albany, ST=Ohio, C=US",www.abercrombie.com,Abercrombie & Fitch Trading Co.,*.abercrombie.ca,"CN=DigiCert TLS RSA SHA256 2020 CA1, O=DigiCert Inc, C=US",DigiCert TLS RSA SHA256 2020 CA1,DigiCert Inc,f248e8e462b614918f62342a392a26fd,ffe95d0bb6c839ff8ff5b7821b28e2ceee72b53f94041b94c1d59db8bd7a5dc7,True,ctls,test-www.abercrombie.com,443,https://test-www.abercrombie.com:443,https,AkamaiGHost,text/html,GET,23.201.240.95,/,99690810,23.201.240.95,8,False,,,,,,
test-www.hollisterco.com,Invalid URL,400,209,test-www.hollisterco.com,443,True,tls13,TLS_AES_256_GCM_SHA384,,2022-09-06T00:00:00Z,2023-09-08T23:59:59Z,"CN=www.abercrombie.com, O=Abercrombie & Fitch Trading Co., L=New Albany, ST=Ohio, C=US",www.abercrombie.com,Abercrombie & Fitch Trading Co.,*.abercrombie.ca,"CN=DigiCert TLS RSA SHA256 2020 CA1, O=DigiCert Inc, C=US",DigiCert TLS RSA SHA256 2020 CA1,DigiCert Inc,f248e8e462b614918f62342a392a26fd,ffe95d0bb6c839ff8ff5b7821b28e2ceee72b53f94041b94c1d59db8bd7a5dc7,True,ctls,test-www.hollisterco.com,443,https://test-www.hollisterco.com:443,https,AkamaiGHost,text/html,GET,23.201.240.95,/,171276909,23.201.240.95,8,False,,,,,,
test.abercrombie.com,Access Denied,403,270,test.abercrombie.com,443,True,tls13,TLS_AES_256_GCM_SHA384,,2022-09-06T00:00:00Z,2023-09-08T23:59:59Z,"CN=www.abercrombie.com, O=Abercrombie & Fitch Trading Co., L=New Albany, ST=Ohio, C=US",www.abercrombie.com,Abercrombie & Fitch Trading Co.,abercrombie.cn,"CN=DigiCert TLS RSA SHA256 2020 CA1, O=DigiCert Inc, C=US",DigiCert TLS RSA SHA256 2020 CA1,DigiCert Inc,c96729279dd329e60af10a66d92585c4,bd26470618772ca2bce2ab54f77979720b1b125f0abd9252ec1b95757e38d692,,ctls,test.abercrombie.com,443,https://test.abercrombie.com:443,https,AkamaiGHost,text/html,GET,95.101.111.184,/,1191711171,95.101.111.145,10,False,,,,,,
test.hollisterco.com,Access Denied,403,270,test.hollisterco.com,443,True,tls13,TLS_AES_256_GCM_SHA384,,2022-09-06T00:00:00Z,2023-09-08T23:59:59Z,"CN=www.abercrombie.com, O=Abercrombie & Fitch Trading Co., L=New Albany, ST=Ohio, C=US",www.abercrombie.com,Abercrombie & Fitch Trading Co.,abercrombie.cn,"CN=DigiCert TLS RSA SHA256 2020 CA1, O=DigiCert Inc, C=US",DigiCert TLS RSA SHA256 2020 CA1,DigiCert Inc,c96729279dd329e60af10a66d92585c4,bd26470618772ca2bce2ab54f77979720b1b125f0abd9252ec1b95757e38d692,,ctls,test.hollisterco.com,443,https://test.hollisterco.com:443,https,AkamaiGHost,text/html,GET,23.213.161.220,/,1275597257,23.213.161.223,10,False,,,,,,
track.abercrombie.com,Loading...,200,30402,track.abercrombie.com,443,True,tls13,TLS_AES_128_GCM_SHA256,,2023-02-21T00:00:00Z,2023-10-03T23:59:59Z,CN=track.abercrombie.com,track.abercrombie.com,,track.abercrombie.com,"CN=Amazon RSA 2048 M01, O=Amazon, C=US",Amazon RSA 2048 M01,Amazon,bf7d5cdf37f6a98815bb5127bbd5d61e,926435d4e36bbe659e50f8091bf2575dc8e166f4162bf9739ff58ed510720003,,ctls,track.abercrombie.com,443,https://track.abercrombie.com:443,https,AmazonS3,text/html,GET,18.66.122.92,/,1866007849,2600:9000:2250:4200:9:8685:200:93a1,67,False,HSTS,,cloudfront,True,,"https:
"
track.hollisterco.com,Loading...,200,30402,track.hollisterco.com,443,True,tls13,TLS_AES_128_GCM_SHA256,,2023-03-02T00:00:00Z,2023-10-03T23:59:59Z,CN=track.hollisterco.com,track.hollisterco.com,,track.hollisterco.com,"CN=Amazon RSA 2048 M02, O=Amazon, C=US",Amazon RSA 2048 M02,Amazon,825fb445e9f37ab6a5e0820ea07cf62f,549c19d5943e22abce66550e735c9f223f95fd96f4e2454b4f8ad555cf38f70e,,ctls,track.hollisterco.com,443,https://track.hollisterco.com:443,https,AmazonS3,text/html,GET,99.86.4.71,/,1866007849,2600:9000:2057:2a00:14:664a:2c40:93a1,67,False,HSTS,,cloudfront,True,,deliverysolutions.co
tracking.abercrombie.com,Narvar,404,727,tracking.abercrombie.com,443,True,tls12,TLS_ECDHE_RSA_WITH_AES_128_GCM_SHA256,True,2022-08-03T00:00:00Z,2023-08-31T23:59:59Z,"CN=*.narvar.com, O=Narvar\, Inc., L=San Mateo, ST=California, C=US",*.narvar.com,"Narvar, Inc.",narvar.com,"CN=DigiCert TLS RSA SHA256 2020 CA1, O=DigiCert Inc, C=US",DigiCert TLS RSA SHA256 2020 CA1,DigiCert Inc,190f0601b2c3e772d26be655ffeb99b2,7321e72527fcb488f513146011cf56033ff1383a093025233f71b381a773384f,True,ctls,tracking.abercrombie.com,443,https://tracking.abercrombie.com:443,https,nginx,text/html,GET,54.203.206.67,/,-1814106885,54.201.9.244,14,False,Nginx,,,,,
tracking.hollisterco.com,Narvar,404,727,tracking.hollisterco.com,443,True,tls12,TLS_ECDHE_RSA_WITH_AES_128_GCM_SHA256,True,2022-08-03T00:00:00Z,2023-08-31T23:59:59Z,"CN=*.narvar.com, O=Narvar\, Inc., L=San Mateo, ST=California, C=US",*.narvar.com,"Narvar, Inc.",narvar.com,"CN=DigiCert TLS RSA SHA256 2020 CA1, O=DigiCert Inc, C=US",DigiCert TLS RSA SHA256 2020 CA1,DigiCert Inc,190f0601b2c3e772d26be655ffeb99b2,7321e72527fcb488f513146011cf56033ff1383a093025233f71b381a773384f,True,ctls,tracking.hollisterco.com,443,https://tracking.hollisterco.com:443,https,nginx,text/html,GET,54.187.99.255,/,-1814106885,54.203.206.67,14,False,Nginx,,,,,
trackuk.abercrombie.com,Loading...,200,30402,trackuk.abercrombie.com,443,True,tls13,TLS_AES_128_GCM_SHA256,,2023-03-12T00:00:00Z,2024-04-10T23:59:59Z,CN=trackuk.abercrombie.com,trackuk.abercrombie.com,,trackuk.abercrombie.com,"CN=Amazon RSA 2048 M02, O=Amazon, C=US",Amazon RSA 2048 M02,Amazon,c1aacbc8e6dc84d3300cb08debd3f894,b253060801eb071290537d1583ec404755a3d869cf3ef46c65604e0d93c79d99,,ctls,trackuk.abercrombie.com,443,https://trackuk.abercrombie.com:443,https,AmazonS3,text/html,GET,18.66.112.107,/,1866007849,2600:9000:223f:800:a:c44e:a500:93a1,67,False,HSTS,,cloudfront,True,,"*.deliverysolutions.co
"
trackuk.hollisterco.com,Loading...,200,30402,trackuk.hollisterco.com,443,True,tls13,TLS_AES_128_GCM_SHA256,,2023-03-12T00:00:00Z,2024-04-10T23:59:59Z,CN=trackuk.hollisterco.com,trackuk.hollisterco.com,,trackuk.hollisterco.com,"CN=Amazon RSA 2048 M01, O=Amazon, C=US",Amazon RSA 2048 M01,Amazon,5140d2d243740f0ee7865e3a1c4a1b97,1001cb5943512a6ca4af21ce91868ace43941ade073613fe9d51b6eb6cd4202c,,ctls,trackuk.hollisterco.com,443,https://trackuk.hollisterco.com:443,https,AmazonS3,text/html,GET,99.86.4.66,/,1866007849,2600:9000:2057:4800:2:4ce2:280:93a1,67,False,HSTS,,cloudfront,True,,"*.googleapis.com
"
trackukqa.abercrombie.com,Loading...,200,30399,trackukqa.abercrombie.com,443,True,tls13,TLS_AES_128_GCM_SHA256,,2023-02-24T00:00:00Z,2024-02-16T23:59:59Z,CN=trackukqa.abercrombie.com,trackukqa.abercrombie.com,,trackukqa.abercrombie.com,"CN=Amazon RSA 2048 M02, O=Amazon, C=US",Amazon RSA 2048 M02,Amazon,97a7adca8772575325c129a7005c8abc,846b6e57acf1b85e82a2d22edff0c3d6fed78b9c5e9d4501fea5e37944661f87,,ctls,trackukqa.abercrombie.com,443,https://trackukqa.abercrombie.com:443,https,AmazonS3,text/html,GET,13.32.99.93,/,-813704954,2600:9000:2251:5200:12:626:8480:93a1,67,False,Amazon Web Services,,cloudfront,True,,"https://fonts.gstatic.com
"
trackukqa.hollisterco.com,Loading...,200,30399,trackukqa.hollisterco.com,443,True,tls13,TLS_AES_128_GCM_SHA256,,2023-03-01T00:00:00Z,2024-02-16T23:59:59Z,CN=trackukqa.hollisterco.com,trackukqa.hollisterco.com,,trackukqa.hollisterco.com,"CN=Amazon RSA 2048 M01, O=Amazon, C=US",Amazon RSA 2048 M01,Amazon,6c50a17d8263692e890e42f1f954dc60,4f9a6daf609aa368308b8dd3d3a935c5b8ef364fc1ed195e1b7ba1a249cdef73,,ctls,trackukqa.hollisterco.com,443,https://trackukqa.hollisterco.com:443,https,AmazonS3,text/html,GET,52.222.214.127,/,-813704954,2600:9000:223d:e600:3:e6a7:c0:93a1,67,False,Amazon Web Services,,cloudfront,True,,"https://fonts.gstatic.com
"
view.email.hollisterco.com,Error,200,932,,,,,,,,,,,,,,,,,,,,,80,http://view.email.hollisterco.com:80,http,,text/html,GET,66.231.94.115,/,1631801191,66.231.94.115,28,False,HSTS,,,,http://view.email.hollisterco.com/Error.aspx,
www03.abercrombie.com,Access Denied,403,271,www03.abercrombie.com,443,True,tls13,TLS_AES_256_GCM_SHA384,,2022-09-06T00:00:00Z,2023-09-08T23:59:59Z,"CN=www.abercrombie.com, O=Abercrombie & Fitch Trading Co., L=New Albany, ST=Ohio, C=US",www.abercrombie.com,Abercrombie & Fitch Trading Co.,abercrombie.cn,"CN=DigiCert TLS RSA SHA256 2020 CA1, O=DigiCert Inc, C=US",DigiCert TLS RSA SHA256 2020 CA1,DigiCert Inc,c96729279dd329e60af10a66d92585c4,bd26470618772ca2bce2ab54f77979720b1b125f0abd9252ec1b95757e38d692,,ctls,www03.abercrombie.com,443,https://www03.abercrombie.com:443,https,AkamaiGHost,text/html,GET,23.213.161.220,/,1722545553,23.213.161.223,10,False,,,,,,
www03.hollisterco.com,Access Denied,403,271,www03.hollisterco.com,443,True,tls13,TLS_AES_256_GCM_SHA384,,2022-09-06T00:00:00Z,2023-09-08T23:59:59Z,"CN=www.abercrombie.com, O=Abercrombie & Fitch Trading Co., L=New Albany, ST=Ohio, C=US",www.abercrombie.com,Abercrombie & Fitch Trading Co.,abercrombie.cn,"CN=DigiCert TLS RSA SHA256 2020 CA1, O=DigiCert Inc, C=US",DigiCert TLS RSA SHA256 2020 CA1,DigiCert Inc,c96729279dd329e60af10a66d92585c4,bd26470618772ca2bce2ab54f77979720b1b125f0abd9252ec1b95757e38d692,,ctls,www03.hollisterco.com,443,https://www03.hollisterco.com:443,https,AkamaiGHost,text/html,GET,104.126.37.145,/,-543754024,104.126.37.130,10,False,,,,,,
www4.abercrombie.com,Invalid URL,400,208,www4.abercrombie.com,443,True,tls13,TLS_AES_256_GCM_SHA384,True,2022-09-06T00:00:00Z,2023-09-08T23:59:59Z,"CN=www.abercrombie.com, O=Abercrombie & Fitch Trading Co., L=New Albany, ST=Ohio, C=US",www.abercrombie.com,Abercrombie & Fitch Trading Co.,*.abercrombie.ca,"CN=DigiCert TLS RSA SHA256 2020 CA1, O=DigiCert Inc, C=US",DigiCert TLS RSA SHA256 2020 CA1,DigiCert Inc,f248e8e462b614918f62342a392a26fd,ffe95d0bb6c839ff8ff5b7821b28e2ceee72b53f94041b94c1d59db8bd7a5dc7,True,ctls,www4.abercrombie.com,443,https://www4.abercrombie.com:443,https,AkamaiGHost,text/html,GET,23.37.48.178,/,1192296128,23.37.48.178,8,False,,,,,,
www4.hollisterco.com,Invalid URL,400,208,www4.hollisterco.com,443,True,tls13,TLS_AES_256_GCM_SHA384,,2022-09-06T00:00:00Z,2023-09-08T23:59:59Z,"CN=www.abercrombie.com, O=Abercrombie & Fitch Trading Co., L=New Albany, ST=Ohio, C=US",www.abercrombie.com,Abercrombie & Fitch Trading Co.,*.abercrombie.ca,"CN=DigiCert TLS RSA SHA256 2020 CA1, O=DigiCert Inc, C=US",DigiCert TLS RSA SHA256 2020 CA1,DigiCert Inc,f248e8e462b614918f62342a392a26fd,ffe95d0bb6c839ff8ff5b7821b28e2ceee72b53f94041b94c1d59db8bd7a5dc7,True,ctls,www4.hollisterco.com,443,https://www4.hollisterco.com:443,https,AkamaiGHost,text/html,GET,23.37.48.178,/,2196506,23.37.48.178,8,False,,,,,,
zh-hk.hollisterco.com,Invalid URL,400,209,zh-hk.hollisterco.com,443,True,tls13,TLS_AES_256_GCM_SHA384,,2022-09-06T00:00:00Z,2023-09-08T23:59:59Z,"CN=www.abercrombie.com, O=Abercrombie & Fitch Trading Co., L=New Albany, ST=Ohio, C=US",www.abercrombie.com,Abercrombie & Fitch Trading Co.,*.abercrombie.ca,"CN=DigiCert TLS RSA SHA256 2020 CA1, O=DigiCert Inc, C=US",DigiCert TLS RSA SHA256 2020 CA1,DigiCert Inc,f248e8e462b614918f62342a392a26fd,ffe95d0bb6c839ff8ff5b7821b28e2ceee72b53f94041b94c1d59db8bd7a5dc7,True,ctls,zh-hk.hollisterco.com,443,https://zh-hk.hollisterco.com:443,https,AkamaiGHost,text/html,GET,23.201.240.95,/,-735845405,23.201.240.95,8,False,,,,,,
