input,title,status_code,content_length,tls_host,tls_port,tls_probe_status,tls_tls_version,tls_cipher,tls_not_before,tls_not_after,tls_subject_dn,tls_subject_cn,tls_subject_an_,tls_issuer_dn,tls_issuer_cn,tls_issuer_org_,tls_fingerprint_hash_md,tls_fingerprint_hash_sha,tls_wildcard_certificate,tls_tls_connection,tls_sni,cdn_name,port,url,scheme,webserver,content_type,method,host,path,favicon,a_,tech_,lines,failed,cdn,tls_mismatched,tls_subject_org_,final_url,csp_domains_
android-build-output.caffeine.tv,Sign in - Google Accounts,200,610715,accounts.google.com,443,True,tls13,TLS_AES_128_GCM_SHA256,2023-05-22T08:22:40Z,2023-08-14T08:22:39Z,CN=accounts.google.com,accounts.google.com,*.partner.android.com,"CN=GTS CA 1C3, O=Google Trust Services LLC, C=US",GTS CA 1C3,Google Trust Services LLC,51d472ed8bfa0c9c5a5d5c8d7b2b4c13,6460d3507cc61af558a2b0abfa3ade14800c80c13e32c14a6b270142762e8780,True,ctls,accounts.google.com,,443,https://android-build-output.caffeine.tv:443,https,ESF,text/html,GET,142.250.185.115,/,-74343003,2a00:1450:4001:801::2013,HTTP/3,46,False,,,,https://accounts.google.com/v3/signin/identifier?opparams=%253Fcred_ref%253Dtrue&dsh=S-788235968%3A1686969400236162&client_id=579131922815-gfl9958ssimhejdeug1eepc7o0fn6tmd.apps.googleusercontent.com&code_challenge=JEfEK_mUcaGwY4p1Ml1DbZBaSiUSquM1CXGBut4sUSg&code_challenge_method=S256&o2v=2&redirect_uri=https%3A%2F%2Fiap.googleapis.com%2Fv1%2Foauth%2FclientIds%2F579131922815-gfl9958ssimhejdeug1eepc7o0fn6tmd.apps.googleusercontent.com%3AhandleRedirect&response_type=code&scope=openid+email&service=lso&state=AVinkEkEAqQEEkipoHjdbm4HFpXzKZ9IQsn53qyqEC10wZK1_ede-NEMdHXiXKciaHei5hryAX-rTJHvfzcXWPm29Y8LjR3QtlnTJfrthkj9RyBshbl20R6vCPMYPK6_ene9v2u0RtKjyfvfUnQGhq05mQFSjULC50_OxEjgvK2Ub1Cz9tMQYH0ANuekx-BXoqTtLrZ4sZ9sKCGnv2xx8W3A7CS6QJ7wyyZCMfq_BhuQUBSEot7DeymO3AvPVVIQ64WmyjwmYTa3l8xvvGfhjT6w8A5_OFz57ZXEVfWa8O81tpZoRb7QESM6nLrkHWpOlep2WsCo0ENTDgHpm6ak-6hXkv1QRsQH5bZD0oMVdaK7T2X4Sb5e7ipKvGkXYcZqYudWCgGnZUPvDV9duvS70rtGB4mh0gUxDE1qcLcUzeLbPzMZTApi9RSK9iDCixk8WoXr8O-4gI4JiIVxWIsoOeaUuKYU5_9XWjjIWOheIuAvOYSPUcYO1656ZbjsdPbYz9A5S9V9N7men7bzP1iDsZhNduL38fW0Uj8OQvnBt6OJEnWFMwxw_wiYqBD59zZBUjRLDsbXwN3_Rgso_l5xU4R9ySmj6FqKifRtIDKy8rBHXT1mPHgaxyIq4_llbw1tt08YbsKEPF7SZe3MZYKBB9gisoSmq_PjP8DXwJGgnHmio4rbN_IiCme4KeFK_tmlt2rCDtX1mCG1123K5RjneDQ7iHRRD-ZKIXQkk8J75wGQ563I_qgHUmo5uGw4KQTxa_lg94oe78aNWHlWvXi58V7-CZg5pk8paUMTVBqhSI5mYYmvBhRoDr4dTGkNTBQ2AjDZ8JjrDgLe2_2ugQKY1ZR4hxbmMPuXli-WAu3IVHNuS0F3wk83FMhSgl8FDfhEwy2xfsCRwyZfJvePg1o-Z0PtFV5MV8cMDKMvlj21oc2iW4NwrZ5r7lMKiLHpe5hT5cwSiLCaZN8XpyHWlQtJqlZlLxU-AdrWOInb1Zh6Lie9l4KP1gHcLxXGtGwQ1GvXdag5sxyUctQFEHsNDjPrEf0_ImMFi_tnBEI4LMfV7pOnUGvxR04ojBI7LP2hjB4uqNI&flowName=GeneralOAuthFlow&continue=https%3A%2F%2Faccounts.google.com%2Fsignin%2Foauth%2Fconsent%3Fauthuser%3Dunknown%26part%3DAJi8hAOW5S1n3dSqpUdhoKSSLg_HnzEzkfTlYKfqMg_HD6JJS2w4aveLIYWTBAw45shWblFPOPAMRt9xvujnfXUOF_rx3E8dbo3aKD3A1gxI6POW13TZLZBmyQRh9ZK0ZLKRMpRohaO_yyAQNQGOtMY9TCOjLtMDaYEFx-cyjkcRAh3hiPO9KAn8-Fk4OyNeGYgq9rH4U9ijB7PgouS6KQakN59_jR7mIP_yIPLtEYK5ptCLZJp_X2QPXUWPSQgCsdhRAm8mS7bgQzmjbHj3xij4SxMH3U5-sm3iVleybeANXveK-HtG_Qsa_3NdOh8iWBYLkTNQXfzQ9IQLYhy5kj2fFz89ptT-huFCUVYhgsC3H-DHnK9kTY1HTEr9do03sBYzrA76qgPI0cZMjRJaTcTkvO9z2Wjsk23xXEETYdwOamw3IITlq2KIRUi8YpYiv8v2H7ZYT6wtaFfHm0OxN6QpyxdGvkD-1Q%26as%3DS-788235968%253A1686969400236162%26client_id%3D579131922815-gfl9958ssimhejdeug1eepc7o0fn6tmd.apps.googleusercontent.com%23&app_domain=https%3A%2F%2Fiap.googleapis.com&rart=ANgoxcdO-O8W5FYFh0Gs7DnTRrQdU66GrRhK-tFAir8Wa4Gas29ImROhxMhG6lP-2KAxSvQiIyr0U603i3mcOXBDU1PozLZfEw,
api-sam.development.caffeine.tv,ERROR: The request could not be satisfied,502,507,api-sam.development.caffeine.tv,443,True,tls13,TLS_AES_128_GCM_SHA256,2023-02-28T00:00:00Z,2023-10-21T23:59:59Z,CN=api-sam.development.caffeine.tv,api-sam.development.caffeine.tv,api-sam.development.caffeine.tv,"CN=Amazon RSA 2048 M02, O=Amazon, C=US",Amazon RSA 2048 M02,Amazon,717f4b9db3b3b57d17b43770a8d7ed67,7e44ca7f87ca6005b1f0d23baf5a0f1153d647d22af123a6c6aac956c1c65e72,,ctls,api-sam.development.caffeine.tv,cloudfront,443,https://api-sam.development.caffeine.tv:443,https,CloudFront,text/html,GET,13.225.78.15,/,1658169563,13.225.78.124,Amazon Web Services,16,False,True,,,,
api-sam.staging.caffeine.tv,ERROR: The request could not be satisfied,502,507,api-sam.staging.caffeine.tv,443,True,tls13,TLS_AES_128_GCM_SHA256,2023-02-23T00:00:00Z,2023-10-21T23:59:59Z,CN=api-sam.staging.caffeine.tv,api-sam.staging.caffeine.tv,api-sam.staging.caffeine.tv,"CN=Amazon RSA 2048 M02, O=Amazon, C=US",Amazon RSA 2048 M02,Amazon,e040bc8fa50cc7f9fec142ff12d4f6e4,652fab1dbd602521dd7981ff5964e049860d9887ba9fe64b489181597d58f9be,,ctls,api-sam.staging.caffeine.tv,cloudfront,443,https://api-sam.staging.caffeine.tv:443,https,CloudFront,text/html,GET,18.66.112.121,/,1540432700,18.66.112.103,Amazon Web Services,16,False,True,,,,
api.development.caffeine.tv,,404,,,,,,,,,,,,,,,,,,,,,80,http://api.development.caffeine.tv:80,http,istio-envoy,,GET,35.83.85.23,/,-1840324437,52.32.65.108,,1,False,,,,,
api.staging.caffeine.tv,,404,,api.staging.caffeine.tv,443,True,tls13,TLS_AES_256_GCM_SHA384,2023-05-23T02:47:02Z,2023-08-21T02:47:01Z,CN=api.staging.caffeine.tv,api.staging.caffeine.tv,api.staging.caffeine.tv,"CN=R3, O=Let's Encrypt, C=US",R3,Let's Encrypt,a8be60a15ba87d07843e5733c659aa9c,e8f559788501b0fbfe948cf3e258a3253e6a3d6de08c88c1286bba16ee478a77,,ctls,api.staging.caffeine.tv,,443,https://api.staging.caffeine.tv:443,https,istio-envoy,,GET,52.10.88.109,/,-1840324437,52.35.43.145,,1,False,,,,,
argos.caffeine.tv,Sign In,403,8193,argos.mesh.prd.prd.ethos.usw2.ctv.gg,443,True,tls13,TLS_AES_256_GCM_SHA384,2023-04-24T17:35:22Z,2023-07-23T17:35:21Z,CN=argos.mesh.prd.prd.ethos.usw2.ctv.gg,argos.mesh.prd.prd.ethos.usw2.ctv.gg,argos.mesh.prd.prd.ethos.usw2.ctv.gg,"CN=R3, O=Let's Encrypt, C=US",R3,Let's Encrypt,19d46187decc75fe0dc1ecf9c02c111b,b1c1312595ec9b2ca678ff44d48e406c77f202b33ba3df37dc53005d6a44f1f9,,ctls,argos.mesh.prd.prd.ethos.usw2.ctv.gg,,443,https://argos.caffeine.tv:443,https,istio-envoy,text/html,GET,52.42.167.40,/,-1366678549,54.244.132.37,Envoy,76,False,,,,https://argos.mesh.prd.prd.ethos.usw2.ctv.gg/,
argos.staging.caffeine.tv,Sign In,403,8193,argos.mesh.stg-us-west-2.ethos.ctv.gg,443,True,tls13,TLS_AES_256_GCM_SHA384,2023-04-11T13:49:27Z,2023-07-10T13:49:26Z,CN=argos.mesh.stg-us-west-2.ethos.ctv.gg,argos.mesh.stg-us-west-2.ethos.ctv.gg,argos.mesh.stg-us-west-2.ethos.ctv.gg,"CN=R3, O=Let's Encrypt, C=US",R3,Let's Encrypt,04980ee876f706d0023927c5a00b453a,e8b7e34c78e691031292352ecc1c043949f5681e1bed0739624fa9fff893d34e,,ctls,argos.mesh.stg-us-west-2.ethos.ctv.gg,,443,https://argos.staging.caffeine.tv:443,https,istio-envoy,text/html,GET,52.35.43.145,/,-1366678549,44.228.163.209,Envoy,76,False,,,,https://argos.mesh.stg-us-west-2.ethos.ctv.gg/,
assets.caffeine.tv,404,404,160,assets.caffeine.tv,443,True,tls12,TLS_ECDHE_RSA_WITH_AES_128_GCM_SHA256,2022-10-09T22:42:11Z,2023-11-10T22:42:10Z,CN=*.caffeine.tv,*.caffeine.tv,*.caffeine.tv,"CN=GlobalSign Atlas R3 DV TLS CA 2022 Q3, O=GlobalSign nv-sa, C=BE",GlobalSign Atlas R3 DV TLS CA 2022 Q3,GlobalSign nv-sa,06992e5ef139262c47d559a808583f56,a7880d3d87105f213894a4b7261e7c16b03fca4bf46bbcbb60f36a20b2265a9e,True,ctls,assets.caffeine.tv,fastly,443,https://assets.caffeine.tv:443,https,Varnish,text/html,GET,151.101.2.49,/,731318629,151.101.194.49,Varnish,11,False,True,,,,
assets.staging.caffeine.tv,404,404,160,assets.staging.caffeine.tv,443,True,tls12,TLS_ECDHE_RSA_WITH_AES_128_GCM_SHA256,2022-10-09T22:45:13Z,2023-11-10T22:45:12Z,CN=*.staging.caffeine.tv,*.staging.caffeine.tv,*.staging.caffeine.tv,"CN=GlobalSign Atlas R3 DV TLS CA 2022 Q3, O=GlobalSign nv-sa, C=BE",GlobalSign Atlas R3 DV TLS CA 2022 Q3,GlobalSign nv-sa,79e7575bb5384d2af98a31680eedd236,bd799c97978c058f53392a8eef45d809a584a53f922b5664d0ba6d7373731d0e,True,ctls,assets.staging.caffeine.tv,fastly,443,https://assets.staging.caffeine.tv:443,https,Varnish,text/html,GET,151.101.2.49,/,731318629,151.101.194.49,Varnish,11,False,True,,,,
beta.caffeine.tv,ERROR: The request could not be satisfied,403,919,beta.caffeine.tv,443,True,tls13,TLS_AES_128_GCM_SHA256,2023-03-01T00:00:00Z,2024-02-15T23:59:59Z,CN=caffeine.tv,caffeine.tv,*.caffeine.tv,"CN=Amazon RSA 2048 M02, O=Amazon, C=US",Amazon RSA 2048 M02,Amazon,b45349c19c11abacac986ab2b6ab586a,1752dbf06be5ba23b14f82084f95161421043b50dcc33483b211dd614dd27ab9,True,ctls,beta.caffeine.tv,cloudfront,443,https://beta.caffeine.tv:443,https,CloudFront,text/html,GET,65.9.66.76,/,-1191382782,2600:9000:206f:2000:9:4aae:a80:93a1,Amazon Web Services,20,False,True,,,,
broadcaster-admin-service.caffeine.tv,,403,42,broadcaster-admin-service.caffeine.tv,443,True,tls12,TLS_ECDHE_RSA_WITH_AES_128_GCM_SHA256,2023-03-01T00:00:00Z,2024-02-15T23:59:59Z,CN=caffeine.tv,caffeine.tv,*.caffeine.tv,"CN=Amazon RSA 2048 M02, O=Amazon, C=US",Amazon RSA 2048 M02,Amazon,b45349c19c11abacac986ab2b6ab586a,1752dbf06be5ba23b14f82084f95161421043b50dcc33483b211dd614dd27ab9,True,ctls,broadcaster-admin-service.caffeine.tv,,443,https://broadcaster-admin-service.caffeine.tv:443,https,,application/json,GET,54.235.115.225,/,768769774,52.202.98.143,,1,False,,,,,
broadcaster-admin-service.staging.caffeine.tv,,403,42,broadcaster-admin-service.staging.caffeine.tv,443,True,tls12,TLS_ECDHE_RSA_WITH_AES_128_GCM_SHA256,2023-02-22T00:00:00Z,2023-08-31T23:59:59Z,CN=staging.caffeine.tv,staging.caffeine.tv,*.staging.caffeine.tv,"CN=Amazon RSA 2048 M01, O=Amazon, C=US",Amazon RSA 2048 M01,Amazon,61c0f52ce4a132c3c7c9cd3d5b0629fb,25cb860d3fc26226d8da41983e07fd1ca47f644b2c57d94d61ca528516df14f2,True,ctls,broadcaster-admin-service.staging.caffeine.tv,,443,https://broadcaster-admin-service.staging.caffeine.tv:443,https,,application/json,GET,54.205.68.50,/,768769774,54.234.229.242,,1,False,,,,,
broadcaster-admin.caffeine.tv,Sign in - Google Accounts,200,610616,accounts.google.com,443,True,tls13,TLS_AES_128_GCM_SHA256,2023-05-22T08:22:40Z,2023-08-14T08:22:39Z,CN=accounts.google.com,accounts.google.com,*.partner.android.com,"CN=GTS CA 1C3, O=Google Trust Services LLC, C=US",GTS CA 1C3,Google Trust Services LLC,51d472ed8bfa0c9c5a5d5c8d7b2b4c13,6460d3507cc61af558a2b0abfa3ade14800c80c13e32c14a6b270142762e8780,True,ctls,accounts.google.com,,443,https://broadcaster-admin.caffeine.tv:443,https,ESF,text/html,GET,142.250.186.179,/,-535356745,2a00:1450:4001:82b::2013,HTTP/3,46,False,,,,https://accounts.google.com/v3/signin/identifier?opparams=%253Fcred_ref%253Dtrue&dsh=S1460328462%3A1686969400190767&client_id=579131922815-gfl9958ssimhejdeug1eepc7o0fn6tmd.apps.googleusercontent.com&code_challenge=um5fW7QLftxnrQ8HtPVOLWYpMnGHrzCX3QzkhHv5KVM&code_challenge_method=S256&o2v=2&redirect_uri=https%3A%2F%2Fiap.googleapis.com%2Fv1%2Foauth%2FclientIds%2F579131922815-gfl9958ssimhejdeug1eepc7o0fn6tmd.apps.googleusercontent.com%3AhandleRedirect&response_type=code&scope=openid+email&service=lso&state=AVinkEkEnwKYk6O39Nn_QaD3adzMsP5x5OQvACG8p6sjUCFF1AUJDCSK8BNe1rGpSymMDcJerygJs8xzEx6vkwGNKS3S30wt6Ba21tiZb2meaD51TJJW6YwELuzjSWxg_3aPEVnFytKXu0ncf3v23ZynVYVzsconnrp1NrdCiRMcCEhQ39GwUk49oZ6fR-YKEJY3idPh0dbJFeVClTATteNuOvRBYVnzXSIu3sTGo-N05aagSTJGb4p_Berk2ZBLoWALSYmqEqOQd6QDaTf717cVngay0g3RuGok-B7BP7AtFAXP8bvjBqThbwYgtUsiWFYRYcHRGEDpGSmLAWdlvmClAvZ_hHEJLUG8p3VdszGqMPaPBeoedgPuexN5kl_A2vWEIg14QUWRYywFVFu-yrz4LIuB-opIEzgE6eguGn8OCTcTBjs0Xmr7ruw1mREb4UDauOoB_fT6afzkWx66YC1_ek2IzY_tNgsG5kRuqWX989uf_ZHtq_eavQPE1xyE8gBVHnkm4Pj8koFgDIjKTKS2p08Kx4dnPEmceJZWYP8XcWnjLBv2Qzq-p32ok4o0lrMwShdr4nJw1tyXIKZA916FZQBK_gEar6yAFBMn6HsmtD2JTgCzrncEBKeQZwmn_buY8pPXQUPaWZib_APd_zt-L8nSkAp5JyOHhBkTAUNsp_HY6sW1AA0iDPiZDpCMYckryue-NHO1W6iKj2r3oQFSfQDJsKW0wHI2MJ1yapMp46LPKGqnb9mZQW8_CJBMXdJYojZT2uggLbqopW2_oVU8FjcR4rVzTmFSbs_25DJJWN0LMRuhn9661_rOx74TDdmu3y9qzYiMInW2-svvzJaMQdMTaUY-V80tkwdLJpneGUQBZxVDliMEs6Z3Sq9sHVHIko0UtvXnlg9LAlQKLWcesmQSKBFH1MZ2S6xR7KDvLSUXP_yPf40fZRal84lkvK4qUuCW5mKBWr9aux3Umn-crfznqg1w0tvtrdZG6cSit5KFIlo70lJBQKK-g73QB9dk-Ioe-c64lO0YuN0RMbeF-93ubr0NEUI5QR3mLiwA_5l8vn-eJP0u&flowName=GeneralOAuthFlow&continue=https%3A%2F%2Faccounts.google.com%2Fsignin%2Foauth%2Fconsent%3Fauthuser%3Dunknown%26part%3DAJi8hANUcrpIql_me32eXEfU0d4XxAiuzLS_tuwTWJMTVWfaQEs3jT8AkJI353ZxOdwljH3Y7Y0a1hjUIaKkDkbfrcW-sULXQ1ulxcVJcY7yysgvBBRl-hLT34H0CkVQCi6Jiybap5PACMhgEYZ0EWJgpLu-9uNT19TQiKnLRUycIwmLXU6GlrjujzWVrBs7GhDcRs_33Vs5PWvh-uwTgj-Zq555z4cz8xNWiKHeDKV2ZAGV14vWLxx-FwkRE8NyU9Zj9PpPqS_qnoIZceCJsRlBNA0LnAdbhHBMqKMFUNkLnxR4YetLfa2fWA8gLsfLdrxLjSnbAYyhF7izDNK3lIcnlnPU-GJhCyPGiVlRRpTaYAUnNKQn3ZUHavmm43L3cu0Wmrt_hGgVmOwO6gdsXWEblWCUOknJodyZKDRCMt7uWpul2gnWvMG3ruliAcBVRX7_qJMpPQWhXUXB20rDh2ox_5qbdhtqcg%26as%3DS1460328462%253A1686969400190767%26client_id%3D579131922815-gfl9958ssimhejdeug1eepc7o0fn6tmd.apps.googleusercontent.com%23&app_domain=https%3A%2F%2Fiap.googleapis.com&rart=ANgoxceV6kFoa4Be9CzOkYJlLp5eWkkxbOCV7b-6nseiZxTXgX39uOTgJs_pfaqUd-MgnBddkGZpKPfW1968WLtOVaINJNqAZQ,
broadcaster-admin.staging.caffeine.tv,Sign in - Google Accounts,200,610833,accounts.google.com,443,True,tls13,TLS_AES_128_GCM_SHA256,2023-05-22T08:22:40Z,2023-08-14T08:22:39Z,CN=accounts.google.com,accounts.google.com,*.partner.android.com,"CN=GTS CA 1C3, O=Google Trust Services LLC, C=US",GTS CA 1C3,Google Trust Services LLC,51d472ed8bfa0c9c5a5d5c8d7b2b4c13,6460d3507cc61af558a2b0abfa3ade14800c80c13e32c14a6b270142762e8780,True,ctls,accounts.google.com,,443,https://broadcaster-admin.staging.caffeine.tv:443,https,ESF,text/html,GET,142.250.185.147,/,1740881464,2a00:1450:4001:813::2013,HTTP/3,46,False,,,,https://accounts.google.com/v3/signin/identifier?opparams=%253Fcred_ref%253Dtrue&dsh=S1208845264%3A1686969400236721&client_id=579131922815-gfl9958ssimhejdeug1eepc7o0fn6tmd.apps.googleusercontent.com&code_challenge=APmI_KNB7uxA79YMnfG_HP_4ZFpWixTj0k5kL5IZGEI&code_challenge_method=S256&o2v=2&redirect_uri=https%3A%2F%2Fiap.googleapis.com%2Fv1%2Foauth%2FclientIds%2F579131922815-gfl9958ssimhejdeug1eepc7o0fn6tmd.apps.googleusercontent.com%3AhandleRedirect&response_type=code&scope=openid+email&service=lso&state=AVinkEkEWaeGzCMRBe-6ZM3__W-lgdDolhrJn606JVCJjKw6z7kpYb2QGnJMZKCB1CgHKe1Q0L3Ice3ptyQDmod1l8v3AaZUU1mVs5FupNJzZA70BBbSLBa7pPJmJY5V-_2iz3aiOwYvBJXEh2sQ19Sa_rowX1gpqX9OlsZnRUO2vHaVRbzMw29TGpbH-cnbSokvy-jyEW18MqKquW65McJfwwDXjGif8PNb_32FWGNfBFPRmhcOMXB_mp4Hib3cmrmOkeeCqJ2oKxD7PW1IVmow6_f6-V32rHmlO9gNkgD3TTv4B5RY2TTbf0Knyq-fZoxNvRTEepQpgs8DfOm6mcP9H6m-sbFKetcGK6ImTZPGeqy1qbD78TjBYMcuLFJwEtV9L9PXzvKvtjoS3Jw-Un9kJXNxB13qvYILaaiJ_viaEf-88pwSu1N5399UGQrtYWo0QPf_aVMD1XK1swAJiSlOvCGToPijIbBVh-rgbm8oClzFAmztJTpWyO0X6N8aXtJFBUxflC6QZ5BnxYIoNghW_qYja5FB1ko6jWhUKRCF4jEJR29iluPy9swW8GkjnnVJQ0Z1gin3eh3QeK9gelcEWjBrO0enSrYBqfNYNHdQe7sRL7wLppLhqHYXPNeapeRJ9LtI0V6Rzib8XDPa-djHZPNIzUq0UieW1hH6LsPY2lE1bc4jwQFdz_mE13hvUF5M7nNWshm1Xsz-ZKMtxTkglsrENVHOU8HRryZ-j8SCnCSVDyJat1WE3lgsm0IOB2uEvF5joroPhAC7z19VVuh5Uy7MpXWz2bSzHVUY02sqQegrHhdtyhhcSZf21-2mo9i8RwnBk8RY3j9RfWf8GdRrosmUhjF8a1HGR05LXiD36npj1liBWhwb_hNQHEeJtBVAePrGwDXTT_7te3qQBCD3nRwYftNesWsI0BkIWtBcYuIR7bCC9MG2YdvOxAxmLjYDdYYZTSa-T9Ge5ceYaDufrQY6APPNiRPBnJMwAtQKVvbT8nK-5ZjJk2-6CgCQZXD9ZD1udLn86dZmlJge5CZwUJBsJeIMBuB3E8ancYFwET2ZZXvvgzRvCFtUSVGvGs6WBMzJX7cYoAv2iF2j_Q&flowName=GeneralOAuthFlow&continue=https%3A%2F%2Faccounts.google.com%2Fsignin%2Foauth%2Fconsent%3Fauthuser%3Dunknown%26part%3DAJi8hAM6Fx18AFuBRCbuVwK17Hv1nUSvmRgDvmxLvzPnAioJffqro4ekcjptwh3dLYoKr4CsxyCdNgsFbW3COvPo7HDxPENPds6Bx6yIunTW7BHMjsWo8PyH2VJXLWYzXXniRqq-y7mGZ9RHl283Pbo5RXjyztkK1r3FkO7312wmVuYOv54GX1VsmLr7NX6DZuPIS6bvAY9SiJMjFn_zsXvnpNmg9-ygFiqOdrQNaBFsHRwZ8FCNeEjk8NP1LLOHPB5HjQsnIxzIioHv2LY9TIkViU20R0TSGzf71Xf96CmoYiELnM3YM-nZg7Y-u_lpQLEh0LQRO0t5i8MmG1qyj_b7fPaf1rgkX8P_AW2nJljj-xYd3FlizrBkDKHeqOqOYaze45PXaHt32dOB8Khs7b7tYbXKGbBwwhyqGVjeC7Q2tfSfE0lYi-aARXxdngMQspFF0l55B50llGlr68-BbdTwWkeK8v51cw%26as%3DS1208845264%253A1686969400236721%26client_id%3D579131922815-gfl9958ssimhejdeug1eepc7o0fn6tmd.apps.googleusercontent.com%23&app_domain=https%3A%2F%2Fiap.googleapis.com&rart=ANgoxcd5mehxO798QpaqDeVn9_xVw-niXqzj17fZtdJ9DVfVoXQLcsldFHu8fIMEAfyeNIZ0DXZfwm6joSWz754T1C4JowOo0w,
brt.caffeine.tv,Sign in - Google Accounts,200,610273,accounts.google.com,443,True,tls13,TLS_AES_128_GCM_SHA256,2023-05-22T08:22:40Z,2023-08-14T08:22:39Z,CN=accounts.google.com,accounts.google.com,*.partner.android.com,"CN=GTS CA 1C3, O=Google Trust Services LLC, C=US",GTS CA 1C3,Google Trust Services LLC,51d472ed8bfa0c9c5a5d5c8d7b2b4c13,6460d3507cc61af558a2b0abfa3ade14800c80c13e32c14a6b270142762e8780,True,ctls,accounts.google.com,,443,https://brt.caffeine.tv:443,https,ESF,text/html,GET,172.217.16.147,/,751827831,2a00:1450:4001:829::2013,HTTP/3,46,False,,,,https://accounts.google.com/v3/signin/identifier?opparams=%253Fcred_ref%253Dtrue&dsh=S-1358159724%3A1686969400215069&client_id=579131922815-gfl9958ssimhejdeug1eepc7o0fn6tmd.apps.googleusercontent.com&code_challenge=hJBeGA-i5ulFslVxRoetJMryqIaptSTv7D5WTVPRM9E&code_challenge_method=S256&o2v=2&redirect_uri=https%3A%2F%2Fiap.googleapis.com%2Fv1%2Foauth%2FclientIds%2F579131922815-gfl9958ssimhejdeug1eepc7o0fn6tmd.apps.googleusercontent.com%3AhandleRedirect&response_type=code&scope=openid+email&service=lso&state=AVinkEkE3CBKi-eZ99FliJTyF3d7g24hYnZFOEzK0MzLKhMtSyj1I6xHFrpefp0J3oQ6CdLAYhPD4DRUWzMbMiIB9kiOvsi4VNJ5jBDiKof1xiXHZdajc1362hBYrC8qaDVnZ5wCnMajRs3lF6_yBd792muMJyvvPRe35ZdfWLVaDDIPQWrg3nS7FO_C-P0wNm4jFPupCBwzq1TkEaA_MLnnQF9xkBabh5kwn8JfmifP2nHXuTUdxr2j369dw97t8GrERbcZ3jBQPtFXRjlUZZWPf1_nNwKvOW1f331NtAyUvBERKmLiaJjQ2M3DMS2xUPcMMd4AOH-gmsor-AENa_j0KQJQ76bgW52rv9Lj4pM6ZZi2Z47HZ2wggkj1XmeKWDf3uaVcUsMxhTWqXiEJfkZ1AfdTdQvzWQwpJAaadFWCnEf6aluNK5EbnrmesrRQyCkrqDrndtftN31zyKFnUaDTcTCotBJaO3UHqfZRvizaPDVigil7ka1-Rj4EdCO_oRlUb-Olnm3C72QKl4YLgWQly7sZWPwLoohiFfrS2Qs7g3APcAMOBGzwE56563xuOLG9pQoDyBq-9kiK5Q5upRs51LqW6-jPKOOsUV9vVr46ZOV0_GHTFLujW3VCUa5zcnNkvfKVlR6bqpZQDJLm0gDW1kYmKGeML3zgrwFgekqYcoh7U6PL2soxiDGnlTyTOYeP5s1pcbecDgC0vpX-_UYqE7JSFhGTftKm6A2faRXl_gzjjvxmmPCiDqJbkr-XQNZ5AIawDV2YZBdFMg48ZhhOenA2D3sx352MM4lywiTR5CrKK1zSoOzrkuZOSDW5Dfnaj6OHuPvWvLPAjaywLMtHli2LFFV8ZnjX1OVlWDmvTnuLNUxbwa24xi_7cKU6GyH5f9jnq5RL_UCrhqLPlmVE3R3bw7v4hgP4VdLoTT5WMwtPSUKPNLrL0JIP6hIjlI6l_-SiL-a9U42p8xxbj7eAy8FU5ST-PZoSfQnhClA4stz9Ox-D480WaSQ-hphgYOpiQxU&flowName=GeneralOAuthFlow&continue=https%3A%2F%2Faccounts.google.com%2Fsignin%2Foauth%2Fconsent%3Fauthuser%3Dunknown%26part%3DAJi8hAMgkyW-PYPMjvJIYcvwXqGS1wWwdYM-0mbnTC_HM2CpRP9NIM-nntZai0nkyfX0p27KFroj1bT8CLVIOQ_DSU8RiT7wAMMZriZTdtkr9-vokba9T7ixWuXTaCqtSZPmc5Kn2EP3rrUq2uFnvBJzlsgIEgIKx_mAmvtk7wBf0ZR6PEfQ7AkX0RHScTc1H3Fk93dO2H72xEY4jgQnk0ezR_IpK11IrZnfzE37ff2ImT4vLyuemIuLPpqtrcSgum-ih_TrsY1UdxNRFgwGLMdVQoYgffLLv3ihCajJP23DR8U54A5dLjzQAmP-YfUXIHAqJCuiJ-GgVcimG6xpCobPbOlaxBbrWEAPlZqWYgSw7j5_AaTcNyhXJdfBTK29F4KFCFeXLlkR7pL3-Z-E6kT7x6x3uNtEEhh-QLM3h8ECR4cmJVesP5LGFJ3ds3nmRcQekLkv2rDI1W7XtjM6QP4RLhR1M6n6rA%26as%3DS-1358159724%253A1686969400215069%26client_id%3D579131922815-gfl9958ssimhejdeug1eepc7o0fn6tmd.apps.googleusercontent.com%23&app_domain=https%3A%2F%2Fiap.googleapis.com&rart=ANgoxcecbEKyez8t131UcGgT7B80kj9QYXtTsS560Npku7H9x9oKDQNOzUSyeCOkAnJiiSqe8EcHc6cxTKTcZbjbVVg0yBaZEw,
caffeine.tv,,200,22787,www.caffeine.tv,443,True,tls12,TLS_ECDHE_RSA_WITH_AES_128_GCM_SHA256,2022-10-09T22:42:11Z,2023-11-10T22:42:10Z,CN=*.caffeine.tv,*.caffeine.tv,*.caffeine.tv,"CN=GlobalSign Atlas R3 DV TLS CA 2022 Q3, O=GlobalSign nv-sa, C=BE",GlobalSign Atlas R3 DV TLS CA 2022 Q3,GlobalSign nv-sa,06992e5ef139262c47d559a808583f56,a7880d3d87105f213894a4b7261e7c16b03fca4bf46bbcbb60f36a20b2265a9e,True,ctls,www.caffeine.tv,cloudfront,443,https://caffeine.tv:443,https,AmazonS3,text/html,GET,18.66.97.30,/,-2030498528,2600:9000:223c:b400:9:47b9:ba80:93a1,Varnish,257,False,True,,,https://www.caffeine.tv/,
chromecast.caffeine.tv,,403,255,chromecast.caffeine.tv,443,True,tls13,TLS_AES_128_GCM_SHA256,2023-03-02T00:00:00Z,2024-01-18T23:59:59Z,CN=chromecast.caffeine.tv,chromecast.caffeine.tv,chromecast.caffeine.tv,"CN=Amazon RSA 2048 M01, O=Amazon, C=US",Amazon RSA 2048 M01,Amazon,c90795236536fa91194e5968ed467b59,8dafec0ef1fc40313694417edb02c5b60e283ad0faca08e013483d4fdd90662d,,ctls,chromecast.caffeine.tv,cloudfront,443,https://chromecast.caffeine.tv:443,https,AmazonS3,application/xml,GET,99.86.4.96,/,-789808928,99.86.4.36,Amazon Web Services,2,False,True,,,,
community-dashboard.caffeine.tv,Sign in - Google Accounts,200,610700,accounts.google.com,443,True,tls13,TLS_AES_128_GCM_SHA256,2023-05-22T08:22:40Z,2023-08-14T08:22:39Z,CN=accounts.google.com,accounts.google.com,*.partner.android.com,"CN=GTS CA 1C3, O=Google Trust Services LLC, C=US",GTS CA 1C3,Google Trust Services LLC,51d472ed8bfa0c9c5a5d5c8d7b2b4c13,6460d3507cc61af558a2b0abfa3ade14800c80c13e32c14a6b270142762e8780,True,ctls,accounts.google.com,,443,https://community-dashboard.caffeine.tv:443,https,ESF,text/html,GET,142.250.185.83,/,-748684251,2a00:1450:4001:827::2013,HTTP/3,46,False,,,,https://accounts.google.com/v3/signin/identifier?opparams=%253Fcred_ref%253Dtrue&dsh=S-1660360264%3A1686969400199258&client_id=579131922815-gfl9958ssimhejdeug1eepc7o0fn6tmd.apps.googleusercontent.com&code_challenge=r5Nb5z-j8SqtZu-rJlho4UUXlbG9sYO8X1ESKeZiuUI&code_challenge_method=S256&o2v=2&redirect_uri=https%3A%2F%2Fiap.googleapis.com%2Fv1%2Foauth%2FclientIds%2F579131922815-gfl9958ssimhejdeug1eepc7o0fn6tmd.apps.googleusercontent.com%3AhandleRedirect&response_type=code&scope=openid+email&service=lso&state=AVinkEkESC7rmzM-zPl2l3MxHa3HZcmP4gTHbg4jWvSCQCDDQCOPuPMlReM7ITJMmfRsZe-cnL0IFRx5sj5HXj_G6KMW1UWy11CE3dTWT3w9VDs5zm-I6rVkrx89gYDe0Zsp-him0LtizFD1KpkzjlsMw-MI36IiYApGhc6_nPgi5TGveLIKQ0WKOvv4NjYp5-SPqXo9ydGMdkdEJugrg5K_BaQXhqepl-v0eNijgzrUQJpttVUEJD83OJ9pO_XKic-q38NTRn9ANlQViXplaqVUKIYkfGTDCXibkd7OOwO6gvIZRehMGcVvRSBiJuqEdGWnyKv63Tx4zu0nIt2zjdwG5mWBEcmIKiJe83E_2BeLG3IGx5Fl8hcUbbSxZM5WpjDRAZ5l7zhHv0ff5wgK9xYhFkNUv2nW8rTsQU_enHx1oDgQSrOr6fQwkKblwZzaVynfiOZfvcWF6SBHI6m6AfxPLJ-52xHoVdgbrOoB_pgtMlOa8XxXHhWcfsvJz6gIvQeVJpDdnpoviZQXtFXEoYh9DfYLCxvU7gLQUlU3TN3fAZvrgjZaLHFuwZLu1dw1G9xr5MGjmDtMPAiV_yc03szu_LOEEq5DrMpQnQh4rXRvAYUwfJyMtOtN_WfpLE1GXbO9zMEbCdnWjcRZ_KHpzgFwJZJFirxaQ9QjEe6jt15IRp59U3T1FfOJs75svp9Hy4MVVllOjRjJChLhkIo5NojOBteI4_--n6Y6-EwjGX7sWcqjbhtyzaw9X06gRKCY1AYN6-22-lV3mAyLFDvbBhAvpJcIZjSA2-3aSREsFoYNc1XxXdwGl0msDH2iHqMxw14X0Y1fiJZb8h2jDuyRVpz4FKzLX8jY_iZd0yZTO_zlRn_qUmJ9AvqfNk_LsAtarmfCvn8l41Qy1EvoJkqGgtTDP-oCIf4nTSplkUE2T2hXQNFTBPVTK0b6i9n9lucYZZoFR-taLHaSq0oEsJpXIMh0Rq1O_H-1E1J5bW37BRuUnTqI-MXs_Znvj1WMxPMr52V_82yL401nuI_DsDKoIm5UVKtro5295KQ9rfN3bRheyhFp9sQeKLHpsF7xQqpw&flowName=GeneralOAuthFlow&continue=https%3A%2F%2Faccounts.google.com%2Fsignin%2Foauth%2Fconsent%3Fauthuser%3Dunknown%26part%3DAJi8hAOfP9CZwh9TGTsEbvMLbpyqgk8SPbihMdTMaUkosTg0tQ1y-jsgH_0jeiYdSVgmtViJoaRedAPfij9ftHEMSwe9TyIccb7V_39PpmQLGRQmZeElnJQ7k5_uqvkabbmKwLc6NC9h8_MTMigisz6zoObWhm_LgeckqbqJVYqzEH5cDiyuu7pi0IwAo_k512vuawRnNh43AUaPuXB8nHGfYwvc3t-Ayou7bXzC0A_OZliz-_cz6d5Rr6gf6VVqrtj9HGPtOtw_jST0FwBaa5k6AIpK9uRJIA9Sqb705A3-zlo75zXla1jY9fQ6bJLGGDzK7AO0jgBal9GCw1ynCDxNKDIazcMUN_IZ1WXvpfw1FhTwUCD90GYe0WvxFl5Kd0tn0e__8KlXlNS9u79t-qKT5j44ague_sPXOmDaiX9D8oDTsjH_8zpKnnG7uI3XXqyTcSI59X997xAZ-zOTUyBWXGF5xHXO0Q%26as%3DS-1660360264%253A1686969400199258%26client_id%3D579131922815-gfl9958ssimhejdeug1eepc7o0fn6tmd.apps.googleusercontent.com%23&app_domain=https%3A%2F%2Fiap.googleapis.com&rart=ANgoxcfZy_C_jQDtAeh-Du_n0nAYRebvj3ZhS3NQa4HB-_CdD9R8pDo-10m5A55g4cpd1zqLJhn7bwNUHU4zoUhA6vzgH5bmcg,
community-dashboard.staging.caffeine.tv,Sign in - Google Accounts,200,611010,accounts.google.com,443,True,tls13,TLS_AES_128_GCM_SHA256,2023-05-22T08:22:40Z,2023-08-14T08:22:39Z,CN=accounts.google.com,accounts.google.com,*.partner.android.com,"CN=GTS CA 1C3, O=Google Trust Services LLC, C=US",GTS CA 1C3,Google Trust Services LLC,51d472ed8bfa0c9c5a5d5c8d7b2b4c13,6460d3507cc61af558a2b0abfa3ade14800c80c13e32c14a6b270142762e8780,True,ctls,accounts.google.com,,443,https://community-dashboard.staging.caffeine.tv:443,https,ESF,text/html,GET,142.250.185.179,/,-1238200922,2a00:1450:4001:82a::2013,HTTP/3,46,False,,,,https://accounts.google.com/v3/signin/identifier?opparams=%253Fcred_ref%253Dtrue&dsh=S286000608%3A1686969400238647&client_id=579131922815-gfl9958ssimhejdeug1eepc7o0fn6tmd.apps.googleusercontent.com&code_challenge=FvbCRurKGTifgPfQ2W0I0eu0t_2Ui7e7_jBvg4TbWAU&code_challenge_method=S256&o2v=2&redirect_uri=https%3A%2F%2Fiap.googleapis.com%2Fv1%2Foauth%2FclientIds%2F579131922815-gfl9958ssimhejdeug1eepc7o0fn6tmd.apps.googleusercontent.com%3AhandleRedirect&response_type=code&scope=openid+email&service=lso&state=AVinkEkEgsVNd82I8ToW1A6o-5WyQaBpGZeriOFFEoW9tF05xg_bL-WSCMc_kWRRMb5IcuTB9HWkq7SzplZ11BQEm9PKfWlrbWgDpAQI82tjApOwRREX2a7T3Tu7yzZwmle1mTiLd7VvVkrZEvlHTscKbZU7afefQYYZ3vGNxduqiMrl3arXHX1JmgGzS5IsWBMzbRj8oTRZzfgX30EkhOcIfBXYthpIbsKYGwFZ6B1gWFEyX8zOOrNXt-knnRIO2gCq8O0GidyPuiGDKArA3tvGdmxf_uTYk3rBWVBJl0X9xSC64wvjV0-Xdu5WqPeTXE5OjlbIzLVZ81tWrdrqWSffOzs7x96HuY4jYHvAtn4NMQI4iyzo6DM39ryI6URrH_aPCO1Ljr521IAlgSJFcl0zkyc-mF8BIR-8cYu0LaA4pzp_YCCWrn4K7BG2ps0J9nfkjRjuRrkqTEL34ZV978GygshWYMSMDzv40P9oLYH5ZLPHUNnymGrGgwbHakXFzVgKGDvdchFHO3ng1XK_Jr5WckZynw0AQwv9GcdGZKOCS1vd74SOH8wHSxn4EE-XrVV2kVPnXbdqlNO3FTGxZyKSu8lmaJt_66sCi-V6dTLDZ3E7eVlEpp9l4trDwGrZ7GLjpnWw5UsYchd3-Q0mm6TfLhwV-zpBqZO2TExVXvljPsTUNa_o2aYIBwIvzO_TYTJvXwW80nUZkccACw41IOH7wxMu2Xw1T3tnfo2Hd9WDP7FyRMzeMZf1fMYLIG1_Ry92dlJTvlXoq152NepXcpsBaX4-JKQoSoY9TnQpdIDCaTCvp_rLBW9VR1IQizYYNSiqmKccs_RnTEeyz8cWtitFrgrkvsflJ81mGw1YoV5aXHBjgHSsDbK2ZzozXXJuqW4vLEL7Dwl1the2rjKJhhFNGNV8aEINa_V1659pDEdBvgQ2i2ejgi2PkiM4Onb7hzX01RJZic1y-hoEXd4KUSTB2X6czeHRTobbp-RYu_RBXwblpcZCE9_3hPY8te0oBZp8049fsIUBR0YjvqUuy84BbUiCp6wN1Xazl1QyNAx3oYWazjGKWBqXj3rU4OKmwvyxSLzg7luMNKWjj_7GhwyURzQm&flowName=GeneralOAuthFlow&continue=https%3A%2F%2Faccounts.google.com%2Fsignin%2Foauth%2Fconsent%3Fauthuser%3Dunknown%26part%3DAJi8hANxTV9HGVZNo42Eb4XOrNqdet4qyvmX5TWzghtKyssafDyJY3_0Q8Tzv33NgtWDfjwtZlABJSJoW2FNa-kW5YNojlCoXPdff9AFbeTl07ED9uVj1zal6KT1_bleRxtrUpAFoOEERvp6Zd9VyStIypmELNPPg6VtFouUec-9a_bfGbZHPoMXgyQPy6vV-QgzeSUYwchhXmm3NFmTg9v1Ans2vFBvD9wEdV4ucMFLdg66T6p5UrwMz7PnIvjXj_XPpwfxpraDrhvK-lQzY4t0tst4ihbCEn78nZxWD9bqvLxqbEyrhYGY7iAQtA-Yd1wwcVn8fUZuMxjUWgWKUZymBNrEnX7gIOBxG2e5dzyQt5q1Pt3SrPFboTJQkyDwcokJoFRvQUgkhCjId_wnBa01Mt975beqPXTfi6H7k_exygSXticcqej8gnnzxr-6dMveWtiYHj4rdWzt4hBCl12EakeXfRkaKw%26as%3DS286000608%253A1686969400238647%26client_id%3D579131922815-gfl9958ssimhejdeug1eepc7o0fn6tmd.apps.googleusercontent.com%23&app_domain=https%3A%2F%2Fiap.googleapis.com&rart=ANgoxcfBv702AlnR80TYW7d-y5zqv15QYSFi4IYvBPNQp-CaIop0UDt59BzvWzpJqOS_lVALmJG12inZ4cQrZDPUB5lzufziiw,
content-guide-editor.caffeine.tv,Sign in - Google Accounts,200,610665,accounts.google.com,443,True,tls13,TLS_AES_128_GCM_SHA256,2023-05-22T08:22:40Z,2023-08-14T08:22:39Z,CN=accounts.google.com,accounts.google.com,*.partner.android.com,"CN=GTS CA 1C3, O=Google Trust Services LLC, C=US",GTS CA 1C3,Google Trust Services LLC,51d472ed8bfa0c9c5a5d5c8d7b2b4c13,6460d3507cc61af558a2b0abfa3ade14800c80c13e32c14a6b270142762e8780,True,ctls,accounts.google.com,,443,https://content-guide-editor.caffeine.tv:443,https,ESF,text/html,GET,142.250.186.179,/,-436611923,2a00:1450:4001:82b::2013,HTTP/3,46,False,,,,https://accounts.google.com/v3/signin/identifier?opparams=%253Fcred_ref%253Dtrue&dsh=S386694180%3A1686969400180644&client_id=579131922815-gfl9958ssimhejdeug1eepc7o0fn6tmd.apps.googleusercontent.com&code_challenge=OMOMO1E28haa-K6tKiQAzgO6sduVwyGkV_jpicmSPHQ&code_challenge_method=S256&o2v=2&redirect_uri=https%3A%2F%2Fiap.googleapis.com%2Fv1%2Foauth%2FclientIds%2F579131922815-gfl9958ssimhejdeug1eepc7o0fn6tmd.apps.googleusercontent.com%3AhandleRedirect&response_type=code&scope=openid+email&service=lso&state=AVinkEkEiVzCUITkzMQ88SeG_UvCjIoBVpv2DJKHbZJekIvGL5NWEjkO8q3MYG6lk5hwT6JeFV9EBlzpvaOXhJ1ZIjgcr3robK2K7NyqluYlPaSZCxX38oAIxsmCnrgaiL0KJo1aQz0EB1kKJcnIrLnnRN6E27owcGfPY9clp85614QubqqgxqgtNotasWLcbUdX-Uj3v_nsVKLzFAUtWrTzAB-BmDMJDAtjCSoV0z7Wm5D8Zo85Tyh3GimcXYSuK-7bxGnMG5HVfg4DDN5TAjYBpVvy8Jd2XjibZKiySJ2cRzbkDx81jUqCBHzZQB0oGYbHEJa1qe2a_DmTEY-yMaDuHpGdL_1yQgks2HAGffjvZtZcOyikrdIvnLI7lH2FCeD8hsNPpe2xy6OhzSoVAi1qORuUjyvr33IUhk0ZaPMYl6Ey6aeswi_g7KbgJqaIPOUZW7PQBRwfxVXtk5NHv8GU7b6zEGTFYUnYYNxyaMm58u9jiXJE7owU9SIhv6hu779zC5K6wobzOsMa1SzD9zEy_QjJa9uLduq-Y373GTefn93Wi3l3rNyb8B6KQ7Kkn3LRCc7TdXi96oedQQPU7VYxyaUMyQuiuctE2xjI66RK3ex3_BxTPm9iwgTKRcy5PrgboRzBPmNBmWFtKMwR2r1Oqq_hMwHst5rbsO26ACK5xkV-2n6etMxyRDmh_zEvPA5-o51Lhg2ThouXTWQ1dp7dPiP4fnNnOX41n-b0RdAeR44WwLy_R_BIW7dkzBcvg6lJXk6slzVifzwCDrzMcGaLlzKzbflwS86aBkvkDXh14wGGHx4XE_0o92FARrOpgHFZfXRGqC8cv2uL5FyNkybQOUlpxxjH-Lt4xvGHtRiU6mDWIbliQxLVQmWTIiwoXj4G-VfHoDwxfJWdc44LQ9zePGIcVNe4qvlzIm5GaMNc_inOoBl59JRHNdqdLDBcSiuWMC7mNfQrdVmpnWw45CDvw291K4xGkGjUalLvP5KtU1LqzpGPi61uTSyMC10bpHSBSRPpc2PaQtbNvlGnrUR3M8aOgdoC8r01cH4u0IVP-x4PjfJf2gyqou8_Y7LBCtA&flowName=GeneralOAuthFlow&continue=https%3A%2F%2Faccounts.google.com%2Fsignin%2Foauth%2Fconsent%3Fauthuser%3Dunknown%26part%3DAJi8hAOHBjW3418MZWsrg5X9DQ9WYKyvW_OlB3Dc6J-338plyHFsMfaKq_zpqb4YG67cqIZg6S0lkWMRiSK_dPIq2pLaEddsjbCtIudieMsmVrQ7FNLftj5v3wV9WzJLcUufR_b6ZN7aTlWKJta32lVCqfelHerkEIAi2X0k_IlIff_j2JsaNIAjhXtsOfqBeUuOp2JBcyXPPNm3FfuHDAciCyI5zLGOGV3q_N1tlLKPPHD2UhGZyRpDId6Po6N0w20K69YEKekPv8u9BQE4EweUGC19hdqLr8-52_KTKndLTj_QtevoMyDKmI-ADLzu3FEDFURoS-YVteusAjEUpKlsryGqpA8qG1A5CtESfRIsAXoMnHmlY8LoTbZJsWpGl1gPov2xx1q7CE11GzFjASTbvt6Sh4YOXY4v-7uRcQukWe85eb39zX4MYpzwZsfsgy3CPiQtluicopSCdpiL8HOTLpAszGJUig%26as%3DS386694180%253A1686969400180644%26client_id%3D579131922815-gfl9958ssimhejdeug1eepc7o0fn6tmd.apps.googleusercontent.com%23&app_domain=https%3A%2F%2Fiap.googleapis.com&rart=ANgoxccSoSgt2WqxKLYTkdzaURk8EdrEgFZyX2amcXyXKatpnJsIeuVYYnTS4yHPWyXqHhoNrQQwNfF_71td3l5pWr2a6euSnw,
content-guide-editor.staging.caffeine.tv,Sign in - Google Accounts,200,611299,accounts.google.com,443,True,tls13,TLS_AES_128_GCM_SHA256,2023-05-22T08:22:40Z,2023-08-14T08:22:39Z,CN=accounts.google.com,accounts.google.com,*.partner.android.com,"CN=GTS CA 1C3, O=Google Trust Services LLC, C=US",GTS CA 1C3,Google Trust Services LLC,51d472ed8bfa0c9c5a5d5c8d7b2b4c13,6460d3507cc61af558a2b0abfa3ade14800c80c13e32c14a6b270142762e8780,True,ctls,accounts.google.com,,443,https://content-guide-editor.staging.caffeine.tv:443,https,ESF,text/html,GET,142.250.186.179,/,892987270,2a00:1450:4001:82b::2013,HTTP/3,46,False,,,,https://accounts.google.com/v3/signin/identifier?opparams=%253Fcred_ref%253Dtrue&dsh=S-939110792%3A1686969400192264&client_id=579131922815-gfl9958ssimhejdeug1eepc7o0fn6tmd.apps.googleusercontent.com&code_challenge=rd-xHVFzIuWJLmYJ4BLvMVucCb5DI3vjHbIWc8mCBl4&code_challenge_method=S256&o2v=2&redirect_uri=https%3A%2F%2Fiap.googleapis.com%2Fv1%2Foauth%2FclientIds%2F579131922815-gfl9958ssimhejdeug1eepc7o0fn6tmd.apps.googleusercontent.com%3AhandleRedirect&response_type=code&scope=openid+email&service=lso&state=AVinkEkE8Lx6LoYIbXI3SMeYvpaEHZDa6WDsiQ5GskjkIo1PVtzuxSYhbmWjdEaqb9iPAC0IzbMq8b9QgfBu3EYmE2Ds8AFFgtoBOin8TjNqvogET57j2z1Yc25HUF8LXE7GsW-p7H6TrhTLjgEwUQlovO-FPj4euyM-R__Q14NQmfZmg609QYa0CLL9TzZq_oNARizPwgIDmzrgiN-vybjrTlHyYk_QPNPAz93n5FZPkfJRYBTq6p13sP6fR0px1p8RdGQRdXmsoYmi0DqrOU0LuHZ8U_qsKZRyiXQwlI8Gj4e5rftcwuJNbrKWK1p61wwLFXeBsO9pYQQY9rxL99OfwQS6bb-kkre4QjpRDjaLjGMqdA8Z_AjyZuXXEfV21W2eYi4e1nkpNPxif2kk1FAsMHdEaC5NugiOAVeT44OVJfLcjOwLpPThGDU6E9LWRHtMsMdTuLTqLoKs_1pTI-aTpuVpivdKoPhr5oykIYclgnybnw6W3-UnjeO9ppuKt8NdsLGElwbtQDazu2VxGeEs6EQIiI2JUm5vEo4PYjpg4Hkunnyku_Q2YxSQWRma1k9zxHZGSLBxLHLIx1c-NwrnVsg7e05eaPOfBM0bKM4dB6P_SMKJcz2JI5TXEfolmVxsMT3MXCObJga-H2fjP3A3Os-LHrROABBtfHvm9fMXGKEoj1b85vqnH5L_pK0vaT24L9LSQ7ZEUIqhw7ZO9ojib5GujE3c0vg1C1no6HX2PEiPMd0YQWjYde2HRha1W1rWvVlLjhFaEGQHX3Jo0TSbQ3vOPVNP-n2hG4YSO4gOHmyGeBiw1hH5U7P8jouhZzQIu-YH3Yh81l8EyGQBf9c3GLO8q3rlHgrVTv-EHhp7Q0EEyE3cFKhjlx3wgKRS7C9xWOSIblAjvvnvWNMexQMJwFzDmi9RZA9pICEQ-LxNlcsBjtTjGcpyEFdrMbktewsn2wcQCbPKEw0c3zlrFD4HgSPvOjA4zDq0hoOGn3XUwSIHBQrJqxfHv-MMRyEesdBc5qqp762k4U5vQKboe69W2_cTvxifgxsn4WkooXwf_mcducxkJoc9vvYJZKKVkWwRoDrcbdWLefxwgz9qz34QsVxJx0CQ&flowName=GeneralOAuthFlow&continue=https%3A%2F%2Faccounts.google.com%2Fsignin%2Foauth%2Fconsent%3Fauthuser%3Dunknown%26part%3DAJi8hAPwo025c66y6Gmz5yVlGyBUqAjebqxyolvnaZ2PTsNqyBg7vy29kIy3H0Q7MT1uKyt7DADC60y4jv1_331Gk6UuPoUDfFpjYpBgtoEypq2QxUOpHUEKRPLDfdhq3h4IJ0sujLCJquimHfdZXagtyCIG3BFR3CaxFEcyx_kCqVBZ4IGRbiYWRpFqWS2j-bTXbUcM6XPY5lszm2vhVRWw_okzusmi_y3ELfeKc77lH3ZB3sdRDysRmeol4mvVe0Xt-CsEDcfInFAgWAouhzRUvxum4KuDQGgFxVjglCuzsr-OASMblYBVv5kGvQNkoH00CdAGN4uKm3B4syYYh1v1IRur2NEHSNaNTxtTskLBcYLdM0vKrkYgN5zfQPswnjDqq5minsBgoy_ZU5l-sygv02VD3uFhgTGN-dIDVn-u5AjMkvIyiyoJc2WXWPykUWWbPSEOsd_1aonCpsPmTxmZx0yF_3uqlw%26as%3DS-939110792%253A1686969400192264%26client_id%3D579131922815-gfl9958ssimhejdeug1eepc7o0fn6tmd.apps.googleusercontent.com%23&app_domain=https%3A%2F%2Fiap.googleapis.com&rart=ANgoxcfl9llmkHqO3YYA_aU9iPnXlzXVPtCNYaONtdDOU4xbMUZ1eEQOIZlErYip0EAVMK-7llCtylMrXK4jvQ6N299Mmyoc1Q,
cpp.caffeine.tv,Caffeine Partner Portal,200,1343,cpp.caffeine.tv,443,True,tls12,TLS_ECDHE_RSA_WITH_AES_128_GCM_SHA256,2022-10-09T22:42:11Z,2023-11-10T22:42:10Z,CN=*.caffeine.tv,*.caffeine.tv,*.caffeine.tv,"CN=GlobalSign Atlas R3 DV TLS CA 2022 Q3, O=GlobalSign nv-sa, C=BE",GlobalSign Atlas R3 DV TLS CA 2022 Q3,GlobalSign nv-sa,06992e5ef139262c47d559a808583f56,a7880d3d87105f213894a4b7261e7c16b03fca4bf46bbcbb60f36a20b2265a9e,True,ctls,cpp.caffeine.tv,fastly,443,https://cpp.caffeine.tv:443,https,AmazonS3,text/html,GET,146.75.122.49,/,-703101111,146.75.122.49,Varnish,1,False,True,,,,
cpp.staging.caffeine.tv,Caffeine Partner Portal,200,1343,cpp.staging.caffeine.tv,443,True,tls12,TLS_ECDHE_RSA_WITH_AES_128_GCM_SHA256,2022-10-09T22:45:13Z,2023-11-10T22:45:12Z,CN=*.staging.caffeine.tv,*.staging.caffeine.tv,*.staging.caffeine.tv,"CN=GlobalSign Atlas R3 DV TLS CA 2022 Q3, O=GlobalSign nv-sa, C=BE",GlobalSign Atlas R3 DV TLS CA 2022 Q3,GlobalSign nv-sa,79e7575bb5384d2af98a31680eedd236,bd799c97978c058f53392a8eef45d809a584a53f922b5664d0ba6d7373731d0e,True,ctls,cpp.staging.caffeine.tv,fastly,443,https://cpp.staging.caffeine.tv:443,https,AmazonS3,text/html,GET,151.101.2.49,/,2143173227,151.101.194.49,Varnish,1,False,True,,,,
digital-item-editor.caffeine.tv,Sign in - Google Accounts,200,610654,accounts.google.com,443,True,tls13,TLS_AES_128_GCM_SHA256,2023-05-22T08:22:40Z,2023-08-14T08:22:39Z,CN=accounts.google.com,accounts.google.com,*.partner.android.com,"CN=GTS CA 1C3, O=Google Trust Services LLC, C=US",GTS CA 1C3,Google Trust Services LLC,51d472ed8bfa0c9c5a5d5c8d7b2b4c13,6460d3507cc61af558a2b0abfa3ade14800c80c13e32c14a6b270142762e8780,True,ctls,accounts.google.com,,443,https://digital-item-editor.caffeine.tv:443,https,ESF,text/html,GET,142.250.184.243,/,649529358,2a00:1450:4001:831::2013,HTTP/3,46,False,,,,https://accounts.google.com/v3/signin/identifier?opparams=%253Fcred_ref%253Dtrue&dsh=S990284710%3A1686969400196274&client_id=579131922815-gfl9958ssimhejdeug1eepc7o0fn6tmd.apps.googleusercontent.com&code_challenge=4o1xDXQ4kIEDI_P8lLAqxVe1H186X6WmBXF_pMo9si0&code_challenge_method=S256&o2v=2&redirect_uri=https%3A%2F%2Fiap.googleapis.com%2Fv1%2Foauth%2FclientIds%2F579131922815-gfl9958ssimhejdeug1eepc7o0fn6tmd.apps.googleusercontent.com%3AhandleRedirect&response_type=code&scope=openid+email&service=lso&state=AVinkEkE9GP3vjx6SxlyPi83f4ApN9BVM9Q8kFlgpMqt0dbdabYkFZSeNiAVI3VpwKU-lL1c5Yf83Iqjvo8nBQZN6_pOCe2umiw3vsiHq7J_81BGZ4W0m5Kv5oZOwgpSMUYhJpq5iZ0yLrPowOVgvqQJn6XQUBkevRzKD4qk_OA2k3V0LzL_Wj2RAhHZX12XBTw9_xGnZqxyRlfoHJZmpCmXozU2i5sl_jZZd1Cf8CHXU4hKd0dmr2JFjHOoBjE3x1RHh-DYxu0oaSdLQSI4BVJTOxAeCrATWs2nQQpMxj3D2xesbs_fpjzLsDR-4KRc2cUITCvBlguhJ8940IGPycCxArAnCMOLDmNh0A9xGOhymS9CeGPvTqFcz3QTxX7iAFjogPk46SwzAKnQHF9zF6zmt0tHHw5XyDSPVPuB93T77ccQoEbD1-Li49XFxoleFYgBK3_1DtcmscKpXPdPnLKkQfBhSXTPApTOlEWhn9U7rXud1-weTnKf-rEuPWJ0tgP3izLCH0573pEze2gvypcHdhx9MH2HhUFSprofz6AIjMkuSOP0mKeznRvYhg54SAWaoQ8LbG1vpkhf9aiI6-_Uis1HybzNXFgnKaT40yjEXTkiJrNfZXlhory8aETWpCiZV7rJq-bY2JsWlRLXs_OhUhbt-j6zWEhJKMYbkyI25iMKKG-6qsuIgd7z6WbhVPuQ9WqBa58ptdnAxefG3qF-0vH4M8hX6k_b5YPCA7XdyQ9C0jGzOHsYSFAb2mVszsPyY7Rqo9VqfvfFVBl3trTF44xi_jNfC1DzsPwFKx4u6NpmAlsf-M0Zuvx5fejhTvo5fTEfyB79WP1ZqAUQS_lfP5zN3VnhNsBEi8OOK7rm8TMI41C5QwS_UBruprwtbRc3CoDnP0PC-zFV5xpOONgb3LmK0xiUsU4-jAUSkPFMMflraVLKrGWC8gFSdsqYvERDBPILUhLPLfu95YT8IZCRDbS0Jg5gZg7kBY6VevWVKQKhinJs4-t3VHGb3VNiOfO4YOUrgTQfK-oQGrNz_i0uWtVYTat8yFmLNK_Q1KWeMOXeLb3thmdG5PgNgzNI&flowName=GeneralOAuthFlow&continue=https%3A%2F%2Faccounts.google.com%2Fsignin%2Foauth%2Fconsent%3Fauthuser%3Dunknown%26part%3DAJi8hAOAoU1Jcf4EMhl7AMuAuKJenR1IE7xQNKX7L3BCQTjcxFMVGkwPDCWCyM4t2KVN0wRxlpF-ns38uz3Kb050tWV0XPIDY9UKDuVelEhrV2LtjyxgOcsbMp167tEmnUCqxfUjlAJWsCWHcTm1oRePUUk5CGApmyHk8YIzm9D_8E8Rq_X3SunHYTN-Gy2lHcIS5YKelRA91ZWRVpy5JoL0Gqu5oLtBoZu7i_uyTCho8IUUN9_L2oFQZK8gfJBdjq_Ts0Ur1jtQR_Uyko_r_eAHzF8IhsnlywzX6-yLDtz5iF7_EnDfWLF_PhD6nw-DYNqlkJClBLwQQl9VoCu1Zf5rDhe-BbPlMsZofxv4e0RIAIA1bXTRQR_B7mCUuDT0U6_NvE0oIWJiQWvT89XWAuId3nV590GSb3EIVVMyL-WiR0s27q3cd_LrErgx-GH9pWy4gsr0kLt18wbvzsNRR6lIAPmnIdJpeg%26as%3DS990284710%253A1686969400196274%26client_id%3D579131922815-gfl9958ssimhejdeug1eepc7o0fn6tmd.apps.googleusercontent.com%23&app_domain=https%3A%2F%2Fiap.googleapis.com&rart=ANgoxceNr6KDZ97ybpj-xfpdNmB4D_jZMEY-NmWVyCIpLrEvauFgoD2ni8CkNMhR4fIHun6SgvZP39wnmPrXqhsHakMcqua3iw,
docs.caffeine.tv,Sign in - Google Accounts,200,610440,accounts.google.com,443,True,tls13,TLS_AES_128_GCM_SHA256,2023-05-22T08:22:40Z,2023-08-14T08:22:39Z,CN=accounts.google.com,accounts.google.com,*.partner.android.com,"CN=GTS CA 1C3, O=Google Trust Services LLC, C=US",GTS CA 1C3,Google Trust Services LLC,51d472ed8bfa0c9c5a5d5c8d7b2b4c13,6460d3507cc61af558a2b0abfa3ade14800c80c13e32c14a6b270142762e8780,True,ctls,accounts.google.com,,443,https://docs.caffeine.tv:443,https,ESF,text/html,GET,142.250.185.115,/,-1092782982,2a00:1450:4001:811::2013,HTTP/3,46,False,,,,https://accounts.google.com/v3/signin/identifier?opparams=%253Fcred_ref%253Dtrue&dsh=S-50133764%3A1686969400191323&client_id=579131922815-gfl9958ssimhejdeug1eepc7o0fn6tmd.apps.googleusercontent.com&code_challenge=zqOp4gMAxzAj3pl26Ss3zhEnZFrfKMArcRTD7YH5czk&code_challenge_method=S256&o2v=2&redirect_uri=https%3A%2F%2Fiap.googleapis.com%2Fv1%2Foauth%2FclientIds%2F579131922815-gfl9958ssimhejdeug1eepc7o0fn6tmd.apps.googleusercontent.com%3AhandleRedirect&response_type=code&scope=openid+email&service=lso&state=AVinkEkETCeld-LBo52Sp-aObVTnMrkspvzWiNi2EyW--tEKS3jvz2Y0te20JQ0P9hW2KeZd-DEOIxaNGGUsDY6poX78lCIA0ydb_TaH7bwrn1hNmVJycgELuPz1M4KOyHsjoR57zTGBfPQw3HLO9KaakgdTMffXmZQYpTJl0r9DjdjW0JJl-c6P8YW1P0ZYrndh3o-cPCsizBY32D1oaxv04ApnIdL2qu3KYnC1gB2yCZUIcWufnHLCX0VitQ3mFUkpYDV69F-WQdAWzykW_y0brTnYnmsmnzEg1pXwYbFFI8YRy-htNNcoFC6o2H8L-L2XC_XXQF22YQKvnHOndyojilJfugzpgkkoTkYM-WN66DjWK9ld_VoPbbWaC5fKCuFPcnGpPESpn1RTv9XKtAPWtlxXA4VVh-_ag0MqcvLdG82sRw_HzKwWRNSx7CL7cdP1o0kmdYgHzExD01ntPxtgwZVC_bMNFdBE8eKcatFz5cuWRy7_IlhSVFTGtpE8cLM8Dv-qdYewV3P0feK-ES1zM6raeZl98AgG_jo_po1O5iPP7FUMVhDH2ULaRMIg8RMYMwR6HslbBXH2T0EakwvAx_gHYWWoHllrOL6ZPvAWMBOZl7csd5_Zaz9-92uqNBlryDRm4YGklDzlWZSf66ZMqkSYb3NVQwqJXa5GlTX4rc2ad6i3C_aXA1m0PLfcZGw-zsjb99hXJ8sELU7oWXxVYnDWY4_afP7qQ1Dtadkl8N_s8muICUVLFisgHapi0md33SvZ--KZ0GKAdy0ZArKKCY7JMM1IvLCgiWkPqiQsBq0C5NW14rDZGQBHJkevaYEkNXy1hbwgOaAGmADBcx2_RBRw6NGhArnfXotUIIPPG8ty0PMAevUZSiyq5WpkdBYbnJvxwVtYCpuTmF4Dl_rrpLQV3rkWMQFNj6oYJyuqT4mevGCx1G9nQcMXy5dmOWmKrhl3f2Jz77ljcGYpf-YfKaLochAXNtq7T4nuGyQrN5EJiWEJBBDETn7uZaWSmujHrDwTBcE&flowName=GeneralOAuthFlow&continue=https%3A%2F%2Faccounts.google.com%2Fsignin%2Foauth%2Fconsent%3Fauthuser%3Dunknown%26part%3DAJi8hAM9VRvCy-YUxvDFdGNAKmGHZ8cmZ13WCqt-nqBM-ICWzJfiU5NU2lVwdqhWdSH3RpUK6TYrhg67t9WJsQXXELXSjY7r-f50z_YH6OGJy_WvCOmUpihmwJftl5ZwojWnKXNfK7rfIF3Punhufer4tVUymEMHFYESRmRwQ8VRfec3eaGqa4XlgcINmy-45RCw0AiuvansR3NE7xFocbFMZJJDuxupf6EXE4PjhlFKx_gw859cFEqA8mUW28PEWYpvlDYjroOPpoQ6jQLWLDs4SZRrVXiUE5F2034K0QBvvHVm-p9d--zv7d7jNV_wgxh0Pgd3TyPfq0LvfeL5FA8ReVas0vSWKz1b9aES-f9QS6fRzqOGCv-Ip2orQHByOANg_oS_tWgE6nTeGg1TAnn9W9wtk5bgx5wAHKbkm1Hu90cuoivyirNBexn2WhK__egfbxo1GkJQKy95djqDUpCRhk6BVVzfXg%26as%3DS-50133764%253A1686969400191323%26client_id%3D579131922815-gfl9958ssimhejdeug1eepc7o0fn6tmd.apps.googleusercontent.com%23&app_domain=https%3A%2F%2Fiap.googleapis.com&rart=ANgoxccP2oFFn8tawAI9R7tGPAWzh9S7qeM75HgDQbdfNLvDnvALyRrty7fsNoYVF-xCdleOTBC9a2DW8EqB3_V_9Wt2UWPzKw,
engineering-library.caffeine.tv,Sign in - Google Accounts,200,611172,accounts.google.com,443,True,tls13,TLS_AES_128_GCM_SHA256,2023-05-22T08:22:40Z,2023-08-14T08:22:39Z,CN=accounts.google.com,accounts.google.com,*.partner.android.com,"CN=GTS CA 1C3, O=Google Trust Services LLC, C=US",GTS CA 1C3,Google Trust Services LLC,51d472ed8bfa0c9c5a5d5c8d7b2b4c13,6460d3507cc61af558a2b0abfa3ade14800c80c13e32c14a6b270142762e8780,True,ctls,accounts.google.com,,443,https://engineering-library.caffeine.tv:443,https,ESF,text/html,GET,142.250.181.243,/,-199031662,2a00:1450:4001:82f::2013,HTTP/3,46,False,,,,https://accounts.google.com/v3/signin/identifier?opparams=%253Fcred_ref%253Dtrue&dsh=S-1525698870%3A1686969400274595&client_id=579131922815-gfl9958ssimhejdeug1eepc7o0fn6tmd.apps.googleusercontent.com&code_challenge=uiwA7ZnMj-3znaZPUDazWvJ5kMyD2TGP5Q0WZm1D-dg&code_challenge_method=S256&o2v=2&redirect_uri=https%3A%2F%2Fiap.googleapis.com%2Fv1%2Foauth%2FclientIds%2F579131922815-gfl9958ssimhejdeug1eepc7o0fn6tmd.apps.googleusercontent.com%3AhandleRedirect&response_type=code&scope=openid+email&service=lso&state=AVinkEkE_fX0te8CifBunk05xS76G9I3yIu6M7ATUXWM-Ilbhy_51uKb9S64xPtDpGKH-MF8f8lR7IXJz8dpd1YAntz4sk0Ic3jn8J1ewgTLXhNDXet5b5T12MFp_FhnINWKEW10fIEJcVDkEhiVJgNhV1tZ0m58bI23tV91BVazWxfU6TlUKK4gpxzkUsNxehDb0XZ4ISV8933l5Ycj-sZt3r98fSjKK7Q7AzvG7MAu-Q8qLx9ucHHzk50mkAQlYCWh_51WxWUn_QbXD_2m4c2aWQhqnWDb8ZsjcLq00lDH3HjPzdxGmn20xD4ptwvsdCOucKEcaefnYdK6ZrROBfOzwcyU0F3qyYI7rNRIZdjqLAQbcppG03wu5FTCIt9bH1fV70EMtSQQMaN0V5a0ZBQeRD9iMOG-K4a-QEydaIdATKpJvFeapZ73bqFpOqUlGBwJvcA7DMc9_-bV0J3I3JQsz50hrtF1Cl-Z0bB1WbyPe7pQCCiPfBR6J9NG8w31m66irRB9pdvhcGONrRnO8K-rk6FBwsPZheqOdZ4VMyGLwVbmGak2t7l158LZ3Iv1GGpn6VALnOVXKKVfaGw5JDtaakjCo5YQLVGChv1vCS6Q_uLhACk9jBtHusnCseU2j3Gcmb-yocuy46O7vDdjDvTAVvnVQ09CdAoejzk6TIRFVeDq3P_B7HfDBWu9VZkB687IUVMFdEdW1RlEzSpiLHjWr7Olj6boaMxC0K5Jzs7s-IJyOXd0xAC72GNdZwX0DW-_kh4oeHd_vAfhGqTfTCYSh-z6c9eb5L-coeTzChpGzAK8yPpwmEE_UvoZ8ajvnOxdwSG_jsuGFSbghlQdjU4E-qvXK0BF11W37Z_EHYoOZH63Qnfbe8XSGD2ZmArvjunnZwQOWLkd6zLSmd4uB5hBcne9-oz9Si3mLHUjLvADp0h3FM2q8LfebGxoX1GdWr4kW1htOp9e25N17LUt7w-IMYykqo6dAWRR21qsnShlHdRB80l3515hQxtC9HGnYPL5M439APlwrnSjIO6ersSWFJdTmQOGUWn8nTiWwA5UrftLgD_pMumjBjaM-YC2&flowName=GeneralOAuthFlow&continue=https%3A%2F%2Faccounts.google.com%2Fsignin%2Foauth%2Fconsent%3Fauthuser%3Dunknown%26part%3DAJi8hANkejLTYwxLMi1mw764_4-N9E-6JoS70-9fjmdGxcCqwoSAyJwEFeZx2xHS_BJs46BIP6QI1WLO6fs41vDH0XcOLa0WphiBVA386SxfzfeUNCq7RdSqm7MaNVi4BRD9YBfbiVdHPhkXifzmjpifvdrX60-6FlXzrSNuIOv-5_PsMSBh9cRSZNpYBAm1L0z9mZm0l1kR8fSXqMPXYknxBPSe7oYB13VasebLROQWKnj_AX9ODmRKElQkqbG2sbnRpRdnmWBAAL-zcDSzrX6gVwSG1X70n1XyH2jvTDxCDRCQl_j0dj3k-Nb7Wi66N2FPVlWz8cYjyvO2hb1rkAKcRwnDNn9sudIv2BFRikMdILkhpPhBYIsHIP6oim3SiFoUIBk8t0YGPl6echm_quhgtJOfhYrvqhCr4JKVd6oUUOu1RlT9PY-GMct_gOJ-CGbpCV-6KN3y_M9TLBCQhGsfUn2L5Opykg%26as%3DS-1525698870%253A1686969400274595%26client_id%3D579131922815-gfl9958ssimhejdeug1eepc7o0fn6tmd.apps.googleusercontent.com%23&app_domain=https%3A%2F%2Fiap.googleapis.com&rart=ANgoxcfhT1oWHgMbptTX1WqHNsy1Qhs7-a02wFCUtmvqGAZPBn80CYM7UnoBH4XHw4xPMLwRtOGickPXOFxxZkoNf-cSE8QkaA,
enterpriseenrollment.caffeine.tv,Microsoft Intune admin center,200,40864,intune.microsoft.com,443,True,tls12,TLS_ECDHE_RSA_WITH_AES_128_GCM_SHA256,2023-04-20T00:03:25Z,2024-04-14T00:03:25Z,"CN=intune.microsoft.com, O=Microsoft Corporation, L=Redmond, ST=WA, C=US",intune.microsoft.com,intune.microsoft.com,"CN=Microsoft Azure TLS Issuing CA 06, O=Microsoft Corporation, C=US",Microsoft Azure TLS Issuing CA 06,Microsoft Corporation,fbe882ad9daeb5df0f0d14db966ea3c8,d5bab55b00d08eec6b9981deee10c77d19ccdd091bfd836e38b6bc95a281a90d,,ctls,intune.microsoft.com,azure,443,https://enterpriseenrollment.caffeine.tv:443,https,,text/html,GET,52.236.189.96,/,1631801191,52.236.189.96,HSTS,4,False,True,,Microsoft Corporation,https://intune.microsoft.com/,
enterpriseregistration.caffeine.tv,Service,404,1565,enterpriseregistration.caffeine.tv,443,True,tls12,TLS_ECDHE_RSA_WITH_AES_256_GCM_SHA384,2023-05-17T10:06:53Z,2024-05-11T10:06:53Z,"CN=*.enterpriseregistration.windows.net, O=Microsoft Corporation, L=Redmond, ST=WA, C=US",*.enterpriseregistration.windows.net,enterpriseregistration.windows.net,"CN=Microsoft Azure TLS Issuing CA 01, O=Microsoft Corporation, C=US",Microsoft Azure TLS Issuing CA 01,Microsoft Corporation,9c63f59aa24f3f22874d7ea3998b82bd,894d8730e2e4c7c06b0d207438c8957cbd4aaae151221772f9a4db78085bdfc6,True,ctls,enterpriseregistration.caffeine.tv,azure,443,https://enterpriseregistration.caffeine.tv:443,https,,text/html,GET,20.190.137.40,/,-2070773535,20.190.137.40,HSTS,14,False,True,True,Microsoft Corporation,,
events-internal.caffeine.tv,,404,,,,,,,,,,,,,,,,,,,,,80,http://events-internal.caffeine.tv:80,http,istio-envoy,,GET,35.163.241.190,/,-1840324437,52.42.167.40,,1,False,,,,,
events.caffeine.tv,404: Not Found,404,69,events.caffeine.tv,443,True,tls13,TLS_AES_256_GCM_SHA384,2023-05-02T04:12:47Z,2023-07-31T04:12:46Z,CN=events.caffeine.tv,events.caffeine.tv,events.caffeine.tv,"CN=R3, O=Let's Encrypt, C=US",R3,Let's Encrypt,cd78f387120efd452f0d475436170033,64bbd3da8e5e4b4096953d471cd2e29afe00ec7b960bf3efe04dd1ee52d40477,,ctls,events.caffeine.tv,,443,https://events.caffeine.tv:443,https,istio-envoy,text/html,GET,52.42.167.40,/,2038213217,35.163.241.190,Envoy,1,False,,,,,
events.staging.caffeine.tv,404: Not Found,404,69,events.staging.caffeine.tv,443,True,tls13,TLS_AES_256_GCM_SHA384,2023-04-14T19:08:02Z,2023-07-13T19:08:01Z,CN=events.staging.caffeine.tv,events.staging.caffeine.tv,events.staging.caffeine.tv,"CN=R3, O=Let's Encrypt, C=US",R3,Let's Encrypt,36e72c041db5b495cb6241b506c80966,f4d731140d8e3a248cd573f0916b48ec07cdafb3bad1db258cf4be71666085cc,,ctls,events.staging.caffeine.tv,,443,https://events.staging.caffeine.tv:443,https,istio-envoy,text/html,GET,44.228.163.209,/,2038213217,52.35.43.145,Envoy,1,False,,,,,
fremont-15-0.rtcdn.caffeine.tv,localhost,200,465,,,,,,,,,,,,,,,,,,,,80,http://fremont-15-0.rtcdn.caffeine.tv:80,http,nginx,text/html,GET,173.237.39.12,/,-1840324437,173.237.39.12,Nginx,21,False,,,,,
fremont-15-1.rtcdn.caffeine.tv,localhost,200,465,,,,,,,,,,,,,,,,,,,,80,http://fremont-15-1.rtcdn.caffeine.tv:80,http,nginx,text/html,GET,173.237.39.4,/,-1840324437,173.237.39.4,Nginx,21,False,,,,,
fremont-18-0.rtcdn.caffeine.tv,localhost,200,465,,,,,,,,,,,,,,,,,,,,80,http://fremont-18-0.rtcdn.caffeine.tv:80,http,nginx,text/html,GET,173.237.40.148,/,-1840324437,173.237.40.148,Nginx,21,False,,,,,
fremont-18-1.rtcdn.caffeine.tv,localhost,200,455,,,,,,,,,,,,,,,,,,,,80,http://fremont-18-1.rtcdn.caffeine.tv:80,http,nginx,text/html,GET,173.237.56.4,/,-1840324437,173.237.56.4,Nginx,21,False,,,,,
fremont-18-2.rtcdn.caffeine.tv,localhost,200,455,,,,,,,,,,,,,,,,,,,,80,http://fremont-18-2.rtcdn.caffeine.tv:80,http,nginx,text/html,GET,173.237.40.140,/,-1840324437,173.237.40.140,Nginx,21,False,,,,,
fremont-18-5.rtcdn.caffeine.tv,localhost,200,465,,,,,,,,,,,,,,,,,,,,80,http://fremont-18-5.rtcdn.caffeine.tv:80,http,nginx,text/html,GET,173.237.56.28,/,-1840324437,173.237.56.28,Nginx,21,False,,,,,
fremont-18-6.rtcdn.caffeine.tv,localhost,200,465,,,,,,,,,,,,,,,,,,,,80,http://fremont-18-6.rtcdn.caffeine.tv:80,http,nginx,text/html,GET,173.237.40.156,/,-1840324437,173.237.40.156,Nginx,21,False,,,,,
fremont-18-7.rtcdn.caffeine.tv,localhost,200,455,,,,,,,,,,,,,,,,,,,,80,http://fremont-18-7.rtcdn.caffeine.tv:80,http,nginx,text/html,GET,173.237.40.132,/,-1840324437,173.237.40.132,Nginx,21,False,,,,,
fremont-18-8.rtcdn.caffeine.tv,localhost,200,465,,,,,,,,,,,,,,,,,,,,80,http://fremont-18-8.rtcdn.caffeine.tv:80,http,nginx,text/html,GET,173.237.56.100,/,-1840324437,173.237.56.100,Nginx,21,False,,,,,
fremont-18-9.rtcdn.caffeine.tv,localhost,200,465,,,,,,,,,,,,,,,,,,,,80,http://fremont-18-9.rtcdn.caffeine.tv:80,http,nginx,text/html,GET,173.237.56.108,/,-1840324437,173.237.56.108,Nginx,21,False,,,,,
fremont-18.rtcdn.caffeine.tv,localhost,200,465,,,,,,,,,,,,,,,,,,,,80,http://fremont-18.rtcdn.caffeine.tv:80,http,nginx,text/html,GET,173.237.40.156,/,-1840324437,173.237.56.20,Nginx,21,False,,,,,
fremont-19-1.rtcdn.caffeine.tv,localhost,200,465,,,,,,,,,,,,,,,,,,,,80,http://fremont-19-1.rtcdn.caffeine.tv:80,http,nginx,text/html,GET,173.237.56.92,/,-1840324437,173.237.56.92,Nginx,21,False,,,,,
fremont-19-2.rtcdn.caffeine.tv,localhost,200,465,,,,,,,,,,,,,,,,,,,,80,http://fremont-19-2.rtcdn.caffeine.tv:80,http,nginx,text/html,GET,173.237.56.52,/,-1840324437,173.237.56.52,Nginx,21,False,,,,,
fremont-19-3.rtcdn.caffeine.tv,localhost,200,465,,,,,,,,,,,,,,,,,,,,80,http://fremont-19-3.rtcdn.caffeine.tv:80,http,nginx,text/html,GET,173.237.56.156,/,-1840324437,173.237.56.156,Nginx,21,False,,,,,
fremont-19-4.rtcdn.caffeine.tv,localhost,200,455,,,,,,,,,,,,,,,,,,,,80,http://fremont-19-4.rtcdn.caffeine.tv:80,http,nginx,text/html,GET,173.237.56.60,/,-1840324437,173.237.56.60,Nginx,21,False,,,,,
fremont-19-8.rtcdn.caffeine.tv,localhost,200,455,,,,,,,,,,,,,,,,,,,,80,http://fremont-19-8.rtcdn.caffeine.tv:80,http,nginx,text/html,GET,173.237.59.92,/,-1840324437,173.237.59.92,Nginx,21,False,,,,,
fremont-19-9.rtcdn.caffeine.tv,localhost,200,455,,,,,,,,,,,,,,,,,,,,80,http://fremont-19-9.rtcdn.caffeine.tv:80,http,nginx,text/html,GET,173.237.59.100,/,-1840324437,173.237.59.100,Nginx,21,False,,,,,
fremont-19.rtcdn.caffeine.tv,localhost,200,455,,,,,,,,,,,,,,,,,,,,80,http://fremont-19.rtcdn.caffeine.tv:80,http,nginx,text/html,GET,173.237.59.100,/,-1840324437,173.237.56.52,Nginx,21,False,,,,,
fremont-23-1.rtcdn.caffeine.tv,localhost,200,455,,,,,,,,,,,,,,,,,,,,80,http://fremont-23-1.rtcdn.caffeine.tv:80,http,nginx,text/html,GET,173.237.19.60,/,-1840324437,173.237.19.60,Nginx,21,False,,,,,
fremont-23-2.rtcdn.caffeine.tv,localhost,200,455,,,,,,,,,,,,,,,,,,,,80,http://fremont-23-2.rtcdn.caffeine.tv:80,http,nginx,text/html,GET,173.237.14.20,/,-1840324437,173.237.14.20,Nginx,21,False,,,,,
fremont-23-4.rtcdn.caffeine.tv,localhost,200,465,,,,,,,,,,,,,,,,,,,,80,http://fremont-23-4.rtcdn.caffeine.tv:80,http,nginx,text/html,GET,173.237.15.100,/,-1840324437,173.237.15.100,Nginx,21,False,,,,,
fremont-23-5.rtcdn.caffeine.tv,localhost,200,465,,,,,,,,,,,,,,,,,,,,80,http://fremont-23-5.rtcdn.caffeine.tv:80,http,nginx,text/html,GET,173.237.14.172,/,-1840324437,173.237.14.172,Nginx,21,False,,,,,
fremont-23-6.rtcdn.caffeine.tv,localhost,200,465,,,,,,,,,,,,,,,,,,,,80,http://fremont-23-6.rtcdn.caffeine.tv:80,http,nginx,text/html,GET,173.237.15.92,/,-1840324437,173.237.15.92,Nginx,21,False,,,,,
fremont-23-7.rtcdn.caffeine.tv,localhost,200,455,,,,,,,,,,,,,,,,,,,,80,http://fremont-23-7.rtcdn.caffeine.tv:80,http,nginx,text/html,GET,173.237.14.28,/,-1840324437,173.237.14.28,Nginx,21,False,,,,,
fremont-23-8.rtcdn.caffeine.tv,localhost,200,455,,,,,,,,,,,,,,,,,,,,80,http://fremont-23-8.rtcdn.caffeine.tv:80,http,nginx,text/html,GET,173.237.14.92,/,-1840324437,173.237.14.92,Nginx,21,False,,,,,
fremont-23-9.rtcdn.caffeine.tv,localhost,200,455,,,,,,,,,,,,,,,,,,,,80,http://fremont-23-9.rtcdn.caffeine.tv:80,http,nginx,text/html,GET,173.237.14.68,/,-1840324437,173.237.14.68,Nginx,21,False,,,,,
fremont-23.rtcdn.caffeine.tv,localhost,200,465,,,,,,,,,,,,,,,,,,,,80,http://fremont-23.rtcdn.caffeine.tv:80,http,nginx,text/html,GET,173.237.14.172,/,-1840324437,173.237.19.60,Nginx,21,False,,,,,
fremont-33-1.rtcdn.caffeine.tv,localhost,200,455,,,,,,,,,,,,,,,,,,,,80,http://fremont-33-1.rtcdn.caffeine.tv:80,http,nginx,text/html,GET,173.237.29.4,/,-1840324437,173.237.29.4,Nginx,21,False,,,,,
fremont-35-0.rtcdn.caffeine.tv,localhost,200,465,,,,,,,,,,,,,,,,,,,,80,http://fremont-35-0.rtcdn.caffeine.tv:80,http,nginx,text/html,GET,173.237.19.52,/,-1840324437,173.237.19.52,Nginx,21,False,,,,,
fremont-35-1.rtcdn.caffeine.tv,localhost,200,465,,,,,,,,,,,,,,,,,,,,80,http://fremont-35-1.rtcdn.caffeine.tv:80,http,nginx,text/html,GET,173.237.19.68,/,-1840324437,173.237.19.68,Nginx,21,False,,,,,
fremont-35-2.rtcdn.caffeine.tv,localhost,200,465,,,,,,,,,,,,,,,,,,,,80,http://fremont-35-2.rtcdn.caffeine.tv:80,http,nginx,text/html,GET,173.237.19.4,/,-1840324437,173.237.19.4,Nginx,21,False,,,,,
fremont-35-3.rtcdn.caffeine.tv,localhost,200,455,,,,,,,,,,,,,,,,,,,,80,http://fremont-35-3.rtcdn.caffeine.tv:80,http,nginx,text/html,GET,173.237.19.76,/,-1840324437,173.237.19.76,Nginx,21,False,,,,,
fremont-35-4.rtcdn.caffeine.tv,localhost,200,455,,,,,,,,,,,,,,,,,,,,80,http://fremont-35-4.rtcdn.caffeine.tv:80,http,nginx,text/html,GET,173.237.19.36,/,-1840324437,173.237.19.36,Nginx,21,False,,,,,
fremont-35-6.rtcdn.caffeine.tv,localhost,200,465,,,,,,,,,,,,,,,,,,,,80,http://fremont-35-6.rtcdn.caffeine.tv:80,http,nginx,text/html,GET,173.237.20.108,/,-1840324437,173.237.20.108,Nginx,21,False,,,,,
fremont-35-7.rtcdn.caffeine.tv,localhost,200,465,,,,,,,,,,,,,,,,,,,,80,http://fremont-35-7.rtcdn.caffeine.tv:80,http,nginx,text/html,GET,173.237.19.12,/,-1840324437,173.237.19.12,Nginx,21,False,,,,,
fremont-35-8.rtcdn.caffeine.tv,localhost,200,455,,,,,,,,,,,,,,,,,,,,80,http://fremont-35-8.rtcdn.caffeine.tv:80,http,nginx,text/html,GET,173.237.19.28,/,-1840324437,173.237.19.28,Nginx,21,False,,,,,
fremont-35-9.rtcdn.caffeine.tv,localhost,200,465,,,,,,,,,,,,,,,,,,,,80,http://fremont-35-9.rtcdn.caffeine.tv:80,http,nginx,text/html,GET,173.237.19.20,/,-1840324437,173.237.19.20,Nginx,21,False,,,,,
fremont-35.rtcdn.caffeine.tv,localhost,200,455,,,,,,,,,,,,,,,,,,,,80,http://fremont-35.rtcdn.caffeine.tv:80,http,nginx,text/html,GET,173.237.19.28,/,-1840324437,173.237.19.36,Nginx,21,False,,,,,
fremont-staging.rtcdn.caffeine.tv,localhost,200,455,,,,,,,,,,,,,,,,,,,,80,http://fremont-staging.rtcdn.caffeine.tv:80,http,nginx,text/html,GET,173.237.29.4,/,-1840324437,173.237.39.4,Nginx,21,False,,,,,
help.caffeine.tv,Support Home Page,200,48208,caffeine.custhelp.com,443,True,tls12,TLS_ECDHE_RSA_WITH_AES_128_GCM_SHA256,2023-03-13T00:00:00Z,2024-04-12T23:59:59Z,"CN=*.custhelp.com, O=Oracle Corporation, L=Redwood City, ST=California, C=US",*.custhelp.com,*.custhelp.com,"CN=DigiCert TLS RSA SHA256 2020 CA1, O=DigiCert Inc, C=US",DigiCert TLS RSA SHA256 2020 CA1,DigiCert Inc,65b2a0c4db47840c3317b3c5b08b36c6,5a021d6fcba306021b064e7259f96702bcb15562c08214047b9245c675b96db8,True,ctls,caffeine.custhelp.com,cloudfront,443,https://help.caffeine.tv:443,https,,text/html,GET,143.204.215.41,/,225515476,2600:9000:214f:2000:9:4def:61c0:93a1,HSTS,618,False,True,,Oracle Corporation,https://caffeine.custhelp.com/,
hls.caffeine.tv,503 Backend is unhealthy,503,458,hls.caffeine.tv,443,True,tls12,TLS_ECDHE_RSA_WITH_AES_128_GCM_SHA256,2022-10-09T22:42:11Z,2023-11-10T22:42:10Z,CN=*.caffeine.tv,*.caffeine.tv,*.caffeine.tv,"CN=GlobalSign Atlas R3 DV TLS CA 2022 Q3, O=GlobalSign nv-sa, C=BE",GlobalSign Atlas R3 DV TLS CA 2022 Q3,GlobalSign nv-sa,06992e5ef139262c47d559a808583f56,a7880d3d87105f213894a4b7261e7c16b03fca4bf46bbcbb60f36a20b2265a9e,True,ctls,hls.caffeine.tv,fastly,443,https://hls.caffeine.tv:443,https,Varnish,text/html,GET,151.101.2.49,/,118054728,151.101.194.49,Varnish,18,False,True,,,,
hls.dt.caffeine.tv,,403,28,hls.dt.caffeine.tv,443,True,tls12,TLS_ECDHE_RSA_WITH_AES_128_GCM_SHA256,2023-04-23T21:04:09Z,2023-07-22T21:04:08Z,CN=hls.dt.caffeine.tv,hls.dt.caffeine.tv,hls.dt.caffeine.tv,"CN=R3, O=Let's Encrypt, C=US",R3,Let's Encrypt,9f5857a540b10c370dfd8cbcb8d8d2bb,f9e23129d92da485d03c7a7524854331304aa51d4f3b1b700f12477e861f09ae,,ctls,hls.dt.caffeine.tv,fastly,443,https://hls.dt.caffeine.tv:443,https,,application/x-amz-json-1.1,GET,151.101.2.133,/,-217929522,151.101.194.133,Varnish,1,False,True,,,,
https://w3.org,World Wide Web Consortium (W3C),200,33704,www.w3.org,443,True,tls13,TLS_AES_128_GCM_SHA256,2023-05-31T00:00:00Z,2023-08-29T23:59:59Z,"CN=w3.org, O=Cloudflare\, Inc., L=San Francisco, ST=California, C=US",w3.org,*.w3.org,"CN=Cloudflare Inc ECC CA-3, O=Cloudflare\, Inc., C=US",Cloudflare Inc ECC CA-3,"Cloudflare, Inc.",515a6794906aceb5403ef60854dedf36,a00ea15c036c7fc59094ac8889c5d8394f959af3fccc22980917660f9cfaa344,True,ctls,www.w3.org,cloudflare,443,https://w3.org:443,https,cloudflare,text/html,GET,104.18.23.19,/,-15365615,2606:4700::6812:1713,HTTP/3,416,False,True,,"Cloudflare, Inc.",https://www.w3.org/,
images.caffeine.tv,STATIC,200,295,images.caffeine.tv,443,True,tls12,TLS_ECDHE_RSA_WITH_AES_128_GCM_SHA256,2022-10-09T22:42:11Z,2023-11-10T22:42:10Z,CN=*.caffeine.tv,*.caffeine.tv,*.caffeine.tv,"CN=GlobalSign Atlas R3 DV TLS CA 2022 Q3, O=GlobalSign nv-sa, C=BE",GlobalSign Atlas R3 DV TLS CA 2022 Q3,GlobalSign nv-sa,06992e5ef139262c47d559a808583f56,a7880d3d87105f213894a4b7261e7c16b03fca4bf46bbcbb60f36a20b2265a9e,True,ctls,images.caffeine.tv,fastly,443,https://images.caffeine.tv:443,https,AmazonS3,text/html,GET,151.101.2.49,/,-1653079795,151.101.194.49,Varnish,14,False,True,,,,
images.staging.caffeine.tv,,403,243,images.staging.caffeine.tv,443,True,tls12,TLS_ECDHE_RSA_WITH_AES_128_GCM_SHA256,2022-10-09T22:45:13Z,2023-11-10T22:45:12Z,CN=*.staging.caffeine.tv,*.staging.caffeine.tv,*.staging.caffeine.tv,"CN=GlobalSign Atlas R3 DV TLS CA 2022 Q3, O=GlobalSign nv-sa, C=BE",GlobalSign Atlas R3 DV TLS CA 2022 Q3,GlobalSign nv-sa,79e7575bb5384d2af98a31680eedd236,bd799c97978c058f53392a8eef45d809a584a53f922b5664d0ba6d7373731d0e,True,ctls,images.staging.caffeine.tv,fastly,443,https://images.staging.caffeine.tv:443,https,AmazonS3,application/xml,GET,151.101.2.49,/,945259751,151.101.194.49,Varnish,2,False,True,,,,
junkrat.caffeine.tv,Sign in - Google Accounts,200,610287,accounts.google.com,443,True,tls13,TLS_AES_128_GCM_SHA256,2023-05-22T08:22:40Z,2023-08-14T08:22:39Z,CN=accounts.google.com,accounts.google.com,*.partner.android.com,"CN=GTS CA 1C3, O=Google Trust Services LLC, C=US",GTS CA 1C3,Google Trust Services LLC,51d472ed8bfa0c9c5a5d5c8d7b2b4c13,6460d3507cc61af558a2b0abfa3ade14800c80c13e32c14a6b270142762e8780,True,ctls,accounts.google.com,,443,https://junkrat.caffeine.tv:443,https,ESF,text/html,GET,142.250.185.83,/,-1722846979,2a00:1450:4001:80b::2013,HTTP/3,46,False,,,,https://accounts.google.com/v3/signin/identifier?opparams=%253Fcred_ref%253Dtrue&dsh=S-1056824679%3A1686969400216095&client_id=579131922815-gfl9958ssimhejdeug1eepc7o0fn6tmd.apps.googleusercontent.com&code_challenge=nIAMOQet7O8iGS9vzxHHcDrQ4CtrZf7EawywNG5XO28&code_challenge_method=S256&o2v=2&redirect_uri=https%3A%2F%2Fiap.googleapis.com%2Fv1%2Foauth%2FclientIds%2F579131922815-gfl9958ssimhejdeug1eepc7o0fn6tmd.apps.googleusercontent.com%3AhandleRedirect&response_type=code&scope=openid+email&service=lso&state=AVinkEkEbd7MfB70NHbujl3_7x_3NbUD2tq-Pixxt48WGXq5O8Y0l4tBjVllni7yXbMTn490epe0BHzLBveqq7fC2VOuICsdoKufxE_4NvbsXcdR72Tzumh2U6xnc-EuhJ8mXeZoDX5p-_E_eOK-p8F0i14GNclTk6E6OfUuRg7oUpcGlR4mRvxpdXinfXGQuXNUrrOpVUXSuERNj9yMhFXb7fUyZEPhaaJvElzi6dBCWghU1tlK2u2HLoESJcwuyYxNstWOfl757lzrDHd-zVCaMKSHinBOPgwKz8GNO0SYLHDEvE3RbAwkaztIp-kZB8SEDFv2qGK9ThCIRplc_OSnqlUrm6fstMgN8riew3g2nckibzGFVgOfrlySR5Hr3qTCmoU5f74tjsGuCybMoScqJUIK9kBPAjJGawXajNA1fX_fK6LeaEKam5xS3CGT4Ns1EfgZoiRjhLmv3sD8U17Ai8EOUhQr5n1J2rEysjisjSj_Wx_khQII-c5CxQyEAPDQsoYc475VwttR4ovdWu5S53J3VjqXAzpR29uzXBUjpSntMY7s7UjR9tZyA7hzNNp_GbNojlbH-uCSrXsaOW0mdcFj--4gewC3P-xrZQqZOWHx0m2Kj8esLTAHheKyDejLGyJcKKBDHVK-_zgpDxw20ohF1KNqMLRat873XoM2CFb57fnOWWwOGM5vEAAYTlR54sl-BBld4QlpLTNZFYJCVh-ZrfYCnl4ij5F7JQYor34AQj0OImWwe65eikOgUVgpBnvkqY2kJarVAATk4LpX88N3GA3UCOW1NkG5yK2DsjDNoaSui89IargAHvkNAbW_X-pnSmD71Z_dntIySmeJ2rnaMMt_YQ0QjKn_oYA65VdaNaxtN9rSzlU_JJ-kS2Hps8BTyeA6v6x6Vango7m6A9Qh96ooDeVpWLjEE2GSa99IqPWd5Pi9b_kBe8HsGu9sUkZp8jhXbwrOxyMX2UJurnqpAZ-jNJE56Fkises0TPcI6pOSw-94WzqEqCyxvxStT4ag1g3MGz1I6DYjuw&flowName=GeneralOAuthFlow&continue=https%3A%2F%2Faccounts.google.com%2Fsignin%2Foauth%2Fconsent%3Fauthuser%3Dunknown%26part%3DAJi8hAMl4Lz8yNjobIo5HmCDN0TXXFttI3k5nVOKO6pmXev2Ej49Bg4IuJ_inVYy06mp-JcKKuiF3KV49btQCBA-OC8cvE_dXWGKKhcP0UxwymnWor7-rcmW3OKfNutxulIJMlunJSFi4Y0KCou7RXq9vXOg3E5OY0xHBiUhRcTd4CJjtyYjVedwNmZ7oNkc37p2aVXsJQxtokEgXik6A7cHiVgPtq_mpU1T63HNIPnbUXP9_hm5IqqAZEuiq0wWgQ_VriIFY5ELddP6zMr_y9qaSyMFHIxdLwxResoO8TbrconSVITV6-gmUBOxn1KLNXL3fvEEAhrDmiBmgOEJ6yVcznzZZK6uH_uTqF5su31yCCcU4Z5wPuiGnetKdEhHmQqI9E2yIOS9V1cwuaHDUhxI_fplGwJAS2H01TFtSesWZFno0DOV1WWDS30m86VWf_W8R8_GJ0huVNt9AyDNts2KBaD4GWjt3g%26as%3DS-1056824679%253A1686969400216095%26client_id%3D579131922815-gfl9958ssimhejdeug1eepc7o0fn6tmd.apps.googleusercontent.com%23&app_domain=https%3A%2F%2Fiap.googleapis.com&rart=ANgoxcfMpQKRsF83lh0DUeXXhYYHA6YM4J1xbH8IQgyu_uFzO3gsRWhePE4Am6159dg0R8Ob5UFGguBzEWn2svfv4uD0vnkVZQ,
junkrat.staging.caffeine.tv,Sign in - Google Accounts,200,610452,accounts.google.com,443,True,tls13,TLS_AES_128_GCM_SHA256,2023-05-22T08:22:40Z,2023-08-14T08:22:39Z,CN=accounts.google.com,accounts.google.com,*.partner.android.com,"CN=GTS CA 1C3, O=Google Trust Services LLC, C=US",GTS CA 1C3,Google Trust Services LLC,51d472ed8bfa0c9c5a5d5c8d7b2b4c13,6460d3507cc61af558a2b0abfa3ade14800c80c13e32c14a6b270142762e8780,True,ctls,accounts.google.com,,443,https://junkrat.staging.caffeine.tv:443,https,ESF,text/html,GET,216.58.212.147,/,1553004862,2a00:1450:4001:830::2013,HTTP/3,46,False,,,,https://accounts.google.com/v3/signin/identifier?opparams=%253Fcred_ref%253Dtrue&dsh=S1963140195%3A1686969400237804&client_id=579131922815-gfl9958ssimhejdeug1eepc7o0fn6tmd.apps.googleusercontent.com&code_challenge=qU_kbV_q3It2ou8CBpBOtdccI1iFf-AwiitgjgIkQnU&code_challenge_method=S256&o2v=2&redirect_uri=https%3A%2F%2Fiap.googleapis.com%2Fv1%2Foauth%2FclientIds%2F579131922815-gfl9958ssimhejdeug1eepc7o0fn6tmd.apps.googleusercontent.com%3AhandleRedirect&response_type=code&scope=openid+email&service=lso&state=AVinkEkEwUPqJ2hcxFijh1U5fwPEfpdxU_2_tpHRs1Bqf_QWzEPlxvjKr7zHkLmtsg08J8Xr272TgDSr-jNi2efk0IULHLLKhZu84K8UBHWwVBndzVUXPHCxuBFtAKlw87OEpNF0FOZgxnnmhYbt423gSpjJprsSu4ELhGneFCDxVYWOdK9TmYz62vG5xuns2sTHyzlYYrC5gCP6Yn3Mn9r0PIUjff_p3Gl2xFvenkRfNrvvrkrXcKevG08xfTTCFVpHaCZObo_3ENMnFQaVoRPn64n3zn9RjRX1uHCLJE1oD_u2TGqpUzmJhoafUuOnspQXPEwMVKbAuaOS6db6xIYIP2_SJL7Oe878ICOHZOv0j6unaVR_ZQwLgJM5WLky3L6Fx3z5Pvk3pAFUDHIkzqH-Lzih4Qp-pV2I9oCquJA9GySbW3be0GV9v8uNbW4414NMY5aJ19MoxQo2ELdT4zyurrJnPRC4GWjRkVL07EpVBDTcWxrEghVF8tyjPXK1oBFdaiNZAQKB5oL_WasJfp2LU8gJvBGAfPsjbd9txxshNSxUrJmoXNNEQXpkYi-DtEQPH4vx7KCwLKAkwkaQcoZiMwj4231fZ-DTfzLkzWvLJvXK-QezRfeFZDS-WliovL8DlesSLEmfqoyCrDGvDMB1IuigsJAopNoQwJ9wQ4G8D3lOgDBQhJy1M_6xlK1PLGgZT1HRgDW0AohainkNUDvBFJVpMfX4_t58Xp4bU_5Z68rkRpMx42kK6w70ia7uehuUXxYCoSTpG_mLrtQIs8qrDjggdOI8fBiR2u8THqYeyYDxlXxBfJUDoNMi9LzgxlrHEQggXOTaAOPohLobIET8eB2XgqlhEMPeD3fh_DT0T0vn-ycMK1jRtwcFWdGcDffk2RmSmsDkQ3SjPkHA8oFf4bDOQeklGjuMzxH2mVLxX8dJk9Wqi_FG7AHdt953WeNObl_Wp_0pjwAwKxN7PdmY6FbwFyu8GHQPPR9Fidi8iGBDs2xp_P9jXIITNHuGwGEqjnQPiD8mjs3L7P2R5WQ4UfJvQbvajgxurRhZ-dVIg69IhA&flowName=GeneralOAuthFlow&continue=https%3A%2F%2Faccounts.google.com%2Fsignin%2Foauth%2Fconsent%3Fauthuser%3Dunknown%26part%3DAJi8hANILNlwCA18NwDOs1mK3rRmwIkFLTs5qxmIrccxB2Ac851Ir5T-oSIpH8ayYUqtmPFVjAnCukGORiFuvCNEjbSu14ICAAtA920dGkpvwkJHa_AzSp6eQRvFdqwQ-EJPSmrjjXBO4Pn6rwYJjpb65MgHeHBv1YY5qOHfZwWUt7-JRnM8PdjVCBPB9NlBvYV-6X5Vp9YyL43GrEdwKjyMhRUmUaMYeNhqO_bxsKAlENEiAS3Vjb2RsU6f-Yn7m43IPjqJeopXoLesUBLnLcWpmP7D-uOyOUnuQcXriCGlzMDSNRhI_4h5pGn-OGvvdymDwaBW-K8Pxj_k47qadZs3YWg9Ajs0GuMhZVsQ1G2ntkhL8w-fD8P7_eh0hnh3GHzhqikZcAucZ3oVz8mDYjxZGkdYAbpp66JzrjxHxsrf5Z92NEZk8kpuJyiAyQRiCxp33fzRnb-4JHj3QHgkkj9QOuQvkWQYqQ%26as%3DS1963140195%253A1686969400237804%26client_id%3D579131922815-gfl9958ssimhejdeug1eepc7o0fn6tmd.apps.googleusercontent.com%23&app_domain=https%3A%2F%2Fiap.googleapis.com&rart=ANgoxcf4cYkglcetZa8MNLOJE22nBFA_JNRf90yBGyrYv00B1_-bfe3ts0YESBRYxqOg0-Q6kDggnk6Ab-5Zz2pe8p4ZJQNWZQ,
lakitu.caffeine.tv,,403,23,lakitu.caffeine.tv,443,True,tls13,TLS_AES_128_GCM_SHA256,2023-03-01T00:00:00Z,2024-02-15T23:59:59Z,CN=caffeine.tv,caffeine.tv,*.caffeine.tv,"CN=Amazon RSA 2048 M02, O=Amazon, C=US",Amazon RSA 2048 M02,Amazon,b45349c19c11abacac986ab2b6ab586a,1752dbf06be5ba23b14f82084f95161421043b50dcc33483b211dd614dd27ab9,True,ctls,lakitu.caffeine.tv,cloudfront,443,https://lakitu.caffeine.tv:443,https,,application/json,GET,18.66.112.74,/,968070783,18.66.112.26,Amazon Web Services,1,False,True,,,,
lakitu.rtcdn.caffeine.tv,,403,23,lakitu.rtcdn.caffeine.tv,443,True,tls13,TLS_AES_128_GCM_SHA256,2023-02-21T00:00:00Z,2023-10-09T23:59:59Z,CN=*.rtcdn.caffeine.tv,*.rtcdn.caffeine.tv,*.rtcdn.caffeine.tv,"CN=Amazon RSA 2048 M02, O=Amazon, C=US",Amazon RSA 2048 M02,Amazon,05f50028d92c77cadb1e2ddf140994d9,dfe85fdec0862f4530a45d02f4b1702e34042094bbd0cdc124c8e9f7b9a0b06f,True,ctls,lakitu.rtcdn.caffeine.tv,cloudfront,443,https://lakitu.rtcdn.caffeine.tv:443,https,,application/json,GET,18.66.147.45,/,968070783,18.66.147.103,Amazon Web Services,1,False,True,,,,
lakitu.staging.caffeine.tv,,403,23,lakitu.staging.caffeine.tv,443,True,tls13,TLS_AES_128_GCM_SHA256,2023-02-22T00:00:00Z,2023-08-31T23:59:59Z,CN=staging.caffeine.tv,staging.caffeine.tv,*.staging.caffeine.tv,"CN=Amazon RSA 2048 M01, O=Amazon, C=US",Amazon RSA 2048 M01,Amazon,61c0f52ce4a132c3c7c9cd3d5b0629fb,25cb860d3fc26226d8da41983e07fd1ca47f644b2c57d94d61ca528516df14f2,True,ctls,lakitu.staging.caffeine.tv,cloudfront,443,https://lakitu.staging.caffeine.tv:443,https,,application/json,GET,13.32.99.38,/,968070783,13.32.99.19,Amazon Web Services,1,False,True,,,,
magnus.caffeine.tv,Sign in - Google Accounts,200,610210,accounts.google.com,443,True,tls13,TLS_AES_128_GCM_SHA256,2023-05-22T08:22:40Z,2023-08-14T08:22:39Z,CN=accounts.google.com,accounts.google.com,*.partner.android.com,"CN=GTS CA 1C3, O=Google Trust Services LLC, C=US",GTS CA 1C3,Google Trust Services LLC,51d472ed8bfa0c9c5a5d5c8d7b2b4c13,6460d3507cc61af558a2b0abfa3ade14800c80c13e32c14a6b270142762e8780,True,ctls,accounts.google.com,,443,https://magnus.caffeine.tv:443,https,ESF,text/html,GET,142.250.185.243,/,426958238,2a00:1450:4001:82f::2013,HTTP/3,46,False,,,,https://accounts.google.com/v3/signin/identifier?opparams=%253Fcred_ref%253Dtrue&dsh=S1225588380%3A1686969400237897&client_id=579131922815-gfl9958ssimhejdeug1eepc7o0fn6tmd.apps.googleusercontent.com&code_challenge=qMs4F8daLMG-AO8jYOofcdQeqBccGKj1-cHYQXdL6tI&code_challenge_method=S256&o2v=2&redirect_uri=https%3A%2F%2Fiap.googleapis.com%2Fv1%2Foauth%2FclientIds%2F579131922815-gfl9958ssimhejdeug1eepc7o0fn6tmd.apps.googleusercontent.com%3AhandleRedirect&response_type=code&scope=openid+email&service=lso&state=AVinkEkEvuQa7sfumUjah4rFhZmup7Kz9QVHY1iKzXQ2J8qhnm4G8wyJwqFg0ZkD98AU-I4hZJ2cixta9nAbw9k2nbupI7E2q5SGH5RM51oAZm0xtyF8JsnyHHqQOZUKXlDfx5DIPXL-t6ZoyVkpHRWiQLmGkCPQ56_UXBApnofhQ6zn4r4xZjG8oIe6MSIsK2GHzkVs-EAqD7bFBSLlXcn-vnobCmiinWc9l_5iegC09zPLDq4xpdJci1XXOMHe-DloUjrWMunmr1Dt3sMm_gjCP23OZ49iFaaRyuWpP-cTc0eXwy0SS0kFFQ2WsftulFNcZrfoZgjl2Kk7VDvcBElYEbcCAU4Rz75a74pwNJc4Erip6kplOKCOclhy1bG1F569d9KpNqqBY7s40JCRlSrrixZs8MS5VjfG12vrzZ8jIHiWE7zAzlYq71Ejv0f8enCF0bVToLui1M5woI9gKFL7uINLHrRjI7JfCrG5J3EjT-Rg4nd8aa9TWJU_J6SY5pqq-BWnZ-TSWHnR8IyStuEBHAXSXrIyGGYSCRG-NoHkVqwJvkXT0YaF5tWVCnc52LeLB3m_9u9fQF0SikfdjMfRJp9FXbIqhvR3xBNAv8u7W2bBL61f3urSd-74m-nd3m8hiX9hgQbKiYn7weckttNM1msQ-jKRd07HRUIqSCEyi4rdm1o_H6UzRinAAu5kt3uGFNjpKYrEY4GD9mesFo4WeAgNWh7C_Z9FQfIwhPv8YxzQeU_awUXhuqA12gUV1YzysQJmYkP6yB82Kpy5X4lSLgJtrcKlukaGO1cFVPPaMpJ4BF_OA4ITxzvPN1xpliEXYcr4hNWSJ7B7Lmy87G7QZUvgIsSw1_Fq1KfEFGg69YWdGP6vGwB5deZABteWSbdNw-heHHlFbOn4wNN6yRaPwgseKU7OzGAOFAfpKRgLahXXBSiSAn58l22tvRvn9nlvS7aRbO3QMN8y8sSGFIdA9llLHd4gSZGyjh2d5D5n9kOUG4KipSP6oC2fm2B5_Dskz-IoWGXTRQ80Rg&flowName=GeneralOAuthFlow&continue=https%3A%2F%2Faccounts.google.com%2Fsignin%2Foauth%2Fconsent%3Fauthuser%3Dunknown%26part%3DAJi8hAPTgP1ECJXUqhqdsp4yQiKx50djVkzelshO1lFRAHlMj1fK-3BxX2pkZD5THctk1MHprZOiqSpn6NSK4wtDP7oMvj2QaDTROhkwyrVn4dZci8waoloH6M7OiBN83VqYX6p9XIBYo0C1VKZkwfu9H203F2rmP69sAUSmZfsjASHYrrkHiYRcXNDhUhSAiApk3id7_JslObITGwc1HMq8rBjVs5dvfVYsVf8-J0ue7BZIIi4y8Qxn4JQKXVaRpewF51DTUfyrcXO1DBAqiBfM7nleqTsoGG5vqVBFwM2r9TU1jvHiBREHcyZCwR0Ft8kATAs3HZUiTeG4a0jXPES_PetSojByu0Uiekil2KHs7MPCsiB5OakReSCiyigVZyB_NSrm7xxHyBG7hL-PW5Nhv-Mgi5wnSxzm5T7-EkexNeGxX5PGS5SfbGwPJsPWnJmV1jCbS7_rhRPQ9J7Tb2JazHMksQbueQ%26as%3DS1225588380%253A1686969400237897%26client_id%3D579131922815-gfl9958ssimhejdeug1eepc7o0fn6tmd.apps.googleusercontent.com%23&app_domain=https%3A%2F%2Fiap.googleapis.com&rart=ANgoxcetemayc-d1qcLksFDMrgFYPgy8W-KDDsi3kG2hm49DIKxOCq_-9tRYZ5piOSl6k6JP-iV0RV8A7ws0T_GlTX7puykwow,
magnus.staging.caffeine.tv,Sign in - Google Accounts,200,611582,accounts.google.com,443,True,tls13,TLS_AES_128_GCM_SHA256,2023-05-22T08:22:40Z,2023-08-14T08:22:39Z,CN=accounts.google.com,accounts.google.com,*.partner.android.com,"CN=GTS CA 1C3, O=Google Trust Services LLC, C=US",GTS CA 1C3,Google Trust Services LLC,51d472ed8bfa0c9c5a5d5c8d7b2b4c13,6460d3507cc61af558a2b0abfa3ade14800c80c13e32c14a6b270142762e8780,True,ctls,accounts.google.com,,443,https://magnus.staging.caffeine.tv:443,https,ESF,text/html,GET,216.58.212.147,/,444572010,2a00:1450:4001:827::2013,HTTP/3,46,False,,,,https://accounts.google.com/v3/signin/identifier?opparams=%253Fcred_ref%253Dtrue&dsh=S-402515907%3A1686969400235870&client_id=579131922815-gfl9958ssimhejdeug1eepc7o0fn6tmd.apps.googleusercontent.com&code_challenge=KVrhV7gfFYOi0vqtX4D0-I3p65LAS5y1AUJzmi4enpg&code_challenge_method=S256&o2v=2&redirect_uri=https%3A%2F%2Fiap.googleapis.com%2Fv1%2Foauth%2FclientIds%2F579131922815-gfl9958ssimhejdeug1eepc7o0fn6tmd.apps.googleusercontent.com%3AhandleRedirect&response_type=code&scope=openid+email&service=lso&state=AVinkEkEgK6ziZHLavv7vpnQAxchkplkdqv_nlMEPd4WHtSy3OmPoiF1rMOI1k0cxTYeUilWfQ_DT3QC0cT2RIEcOHFvGV2x6lChrFwi4gNCUw5GoZ0xFf2xv24uNztuMpAyhwk9iARArfHSzP1OgXkxMuukJOTBYgjKszy9YL_UhIWRx0nAmP8LlMlBz2mE4_4opq5d_vXmi_9aXW5IwbvWeUWw0CEP6LBe3rViz2jqOq6EB_KpQF-cpgkEFlkiceCfOMrtIqccK2MKSH-dDFoPVNjwVX7G4Fd3I2aZxX0dniBCTlffKy8WvPoEkrYMIKJirGgVybF4C2aTAHRWie3NbLZcpeTAJ_VdknyyznpTCvs3FhywPqDBEO5RUN8MU3LyW7QKjOdf_QpRoPiJ4iETtaFUktLpCbORBb8CmUhU3YTnQWjfPaD09N6-tLUxDn1ppd6LQY_cBCWXP1ndA9eomoBruAWniDTlRzvN5e_oGDyjtG8DVF5YEnMauWpxl4qvvXwmMnVb_w42hEMXWcd0RUTsOPQd4MXh9SALEWG5s-LoJsS-mdOCoR3D_0n5Uq8KulWWMtJlB3xJ-j9BWAt9fzkKd_DhnlzYWa_4gIK5sdXvD1OI26eZOh-fBWoCvJp56nW6S2rQe4K0KIJFEvreU8zTU4eSIyEH2CNOb0yn2YGyrRG4YLPDcbA9X9Y07NOdHzAW2KyAqetSfwGRVRBMGu9igL9caTMMyM_WPTlqa7MgrMlxMSffes39AMuZj8e5DIIjpC2A_yUvIvYXjzPFyzlUSzn7X4YCa9XBFbQq1rcKZUBOcvaB5vSsFsIpydgyLXZeuZ0kGBeKvD-y-xGDtOgblZscf77ud0gQZDntQJbObytcTZclhoq-dhL3UoNS_h4IKgzJPWpHM8USZfzozFQujIOr-cjDfax3JpBabV0tSN-vL1Wm4FIrQe5NXavGNPJpixej2k2RBZd5OHcPUzJ6jq7hK7e6wEDswHAV8QhQOr5di3tFgE4HMPnYhrLsES_JAI-jI-k-D5h_ueC0mk-nsQgB9-K-3qauhcc2LQ&flowName=GeneralOAuthFlow&continue=https%3A%2F%2Faccounts.google.com%2Fsignin%2Foauth%2Fconsent%3Fauthuser%3Dunknown%26part%3DAJi8hAMe_NmDtfFKSTpaDOWAjbyB-iplQcdBzCVis5Cw4wA606bCV-5jf7reyGOvGyRBik2WAXf6ujapUogb277kiMplbD9HTUmhnTI646OkThhk3ujc0_fZ87MfcZ719hroHWE2VCv4f9UTfoyzQKVQnfe6Q8AjAZgxI6CBAI5AnrUh_WT54HsPiWjeCEDl8Fd21sRL8IJBe9OoJ7G729k1XzLfTHw7QtOVW_cu1zM3KA4AUw1xQ8tuQVdjhLGR9DerxWFxEU07NmQn75est6Fgsp7O8g1JRqhTgBt9zmgKOCUjy-T2AjAn6mv5yWZnBAZ876cyVf8lNzy05MwLgO2kzyg-zXMgUNwWUvptMD4DBtlzoFjF0vHR0GBIisc3FLu61_w1ZCBYjZZYJxsjWpGiNPPSZav8fJLE5snsr1VRruRTWUDdAqa4IkzaWEUIKac3bpsmeRZmD24DtqgHFf_Isof8z3PEwA%26as%3DS-402515907%253A1686969400235870%26client_id%3D579131922815-gfl9958ssimhejdeug1eepc7o0fn6tmd.apps.googleusercontent.com%23&app_domain=https%3A%2F%2Fiap.googleapis.com&rart=ANgoxcdoSUcdkm5FqOqc9-8rOIt8sHWwY8IJz7GyM8tM79jCfFLxORUyv3RPjmThHiFH9mV3iCL606xaHRZqFlEKq5614ZnaAg,
mercy-recordings.caffeine.tv,Sign in - Google Accounts,200,610524,accounts.google.com,443,True,tls13,TLS_AES_128_GCM_SHA256,2023-05-22T08:22:40Z,2023-08-14T08:22:39Z,CN=accounts.google.com,accounts.google.com,*.partner.android.com,"CN=GTS CA 1C3, O=Google Trust Services LLC, C=US",GTS CA 1C3,Google Trust Services LLC,51d472ed8bfa0c9c5a5d5c8d7b2b4c13,6460d3507cc61af558a2b0abfa3ade14800c80c13e32c14a6b270142762e8780,True,ctls,accounts.google.com,,443,https://mercy-recordings.caffeine.tv:443,https,ESF,text/html,GET,142.250.185.211,/,-1965191984,2a00:1450:4001:82b::2013,HTTP/3,46,False,,,,https://accounts.google.com/v3/signin/identifier?opparams=%253Fcred_ref%253Dtrue&dsh=S1460328462%3A1686969400188468&client_id=579131922815-gfl9958ssimhejdeug1eepc7o0fn6tmd.apps.googleusercontent.com&code_challenge=hd-7WKnQXE1obFgJo7fSoVpLT7LOJsfphP66Odk3-XU&code_challenge_method=S256&o2v=2&redirect_uri=https%3A%2F%2Fiap.googleapis.com%2Fv1%2Foauth%2FclientIds%2F579131922815-gfl9958ssimhejdeug1eepc7o0fn6tmd.apps.googleusercontent.com%3AhandleRedirect&response_type=code&scope=openid+email&service=lso&state=AVinkEkEWtOWDfCaTe6QVEBnHAMk6NPM6F8nccVL9yMGsTePNs7GUv5DcecnJaPAXF5F6hMk_xX3a_qaP6BWj5EYonF3SPWe3Vi4odv2c69LPlf_SM5T-ZZwMM7Y4PDFqhZAdcJGL4P-ZvhC3JsQ4uX43RXsq1SlWFFSlR1UNLrvqM0Sx_hajMKAPuYL76dbD73_IvlrA83EVPW50dVrR63vkFhoKUx6dU-n1vN4QUn6dIIh-HKsoCuKqcD4LmWilACQPP7WW9o0yMas3Z3N5jxnM_vjBF1PxurP2PvcUsXKnvMsY6lVfBr71jzFC0Xc-CWM5u4lN9DWlePg6yfxjT5Cf0xizJNbbbiOpJY94vWetRh9O8QxGLEk5JxEkyO9EwA3aWYW1p_WEUe8t4Oek89OoTmNZt8lVqgFwlrdyI-J59HUjgLMm4Bg5ck105L6b8_P_eG7XLTN4cHF1C81PHeOg1Z1EGBO3ca0fhY6qNVySpZTS9JAcjfNVgUrjcotFhqUpqTSbABzNL4gf8H-NBuflXQvGYRt-WB-H38Z1CscYEtDWDFZE7LUc9sURhOLUzxaZ2IIhHNkWFRy0onkeBrLY3huJmkN2NcXk0bSkVV6pi5tsVPAETYALgHQ67SVQyFhqY0HnP31C_WKkQyjGc2A_RL-CYrdugz6S8JCD_PZQJVRUspo4fl32hH0DCNB958rb-w1D-r6z4yScocp_p6HEx6yLlpaBxSjXPu1IEdCWcFUXL4ie9imSaGNXj-ZrCJsbhQzzNeTj_bWHZ8kMzT2JaYWJK3dY3s4icVjdnJUaGW8KCbrGTqqdhxLQrIJUYT8P9XN4WSFyIzagDAuv5ukkj34xTYWDzXMnbK25h7xPMSkKhb_R6t6ZWaLeGjQzfZSUvc_FU-qHz6MOOL1RYXSgULFYldfLeaTubdwoEvN35m294uVl3Wcim3EjEP4Zw71RtdFIaH7uWldQ-0Z5_FVYWzYaNpyQjQJcSjRrhO2DYuZVTOhiuV9F3dIjT_rBwUmEOV1Iu9KtT_aN1ss6LZZ-Lx_aZ0wxjWRNnrF18Gkyv1J-7chyQ&flowName=GeneralOAuthFlow&continue=https%3A%2F%2Faccounts.google.com%2Fsignin%2Foauth%2Fconsent%3Fauthuser%3Dunknown%26part%3DAJi8hAMDPKrOtKxEOzxxbGcmwovjK15Jeg6tgE1rPMpgUkfN5a_Tjjsdu5kXKnTfKR9mBdtIbmwUM0CceVvnRQZaGLMYbOvGuGq3qRmwX2NIR2MaKLFeoz6k-5yAIQvTYUzCPOT7paEbI5t4CMnB1beW6Xvvti99kZbvoVRolLeU_6PxUFSVNc3giU3bJnrY26rWNAb9GZmriZbr_h2SGjrk_hseAk-u90WyfTMdMIkCoSERRyBRnYh9ud0R4j4bB8p9-uWJlc7nZRctt_G9YSEMg0q_fcEyFYt9nHY69LTv7j2nLdxKJgy2CpCmvTvhW_yIkOId4vSBYrVqBNZN8Tpd2jSGDYqht2rRpdH0cB1canRe16RO725qSkWLMOH8Rl6Qrkw4ecilwddCNefi7g-4bfrJaDjBJIRzsKMgOO8wk-nUcZXNmetSzUPCHBbUHXEvhEb0-bhiaF05eoxs_t3HwXyeh_9ysg%26as%3DS1460328462%253A1686969400188468%26client_id%3D579131922815-gfl9958ssimhejdeug1eepc7o0fn6tmd.apps.googleusercontent.com%23&app_domain=https%3A%2F%2Fiap.googleapis.com&rart=ANgoxcdyMFw7rjMNja7Xqgi7jwU2YE0XxK-Wcx1ao09k1ar2jGdNdFyGDSM1K1zlnDl-C3oi57_VugEHCaD_7pAF0oSh1um16g,
mercy.caffeine.tv,401 Authorization Required,401,172,mercy.caffeine.tv,443,True,tls12,TLS_ECDHE_RSA_WITH_AES_128_GCM_SHA256,2023-01-30T00:00:00Z,2024-02-29T23:59:59Z,CN=caffeine.tv,caffeine.tv,*.caffeine.tv,"CN=Amazon RSA 2048 M01, O=Amazon, C=US",Amazon RSA 2048 M01,Amazon,28b599e7b94dd28d6a6a96a5d22d1f91,1d172c7c7665f840c95d760a722c35b58c12f2d4ecd98ebe10964f3b63e60b7b,True,ctls,mercy.caffeine.tv,,443,https://mercy.caffeine.tv:443,https,nginx,text/html,GET,52.32.147.30,/,-1710455754,44.238.74.20,Nginx,8,False,,,,,
multivac.caffeine.tv,Sign in - Google Accounts,200,610309,accounts.google.com,443,True,tls13,TLS_AES_128_GCM_SHA256,2023-05-22T08:22:40Z,2023-08-14T08:22:39Z,CN=accounts.google.com,accounts.google.com,*.partner.android.com,"CN=GTS CA 1C3, O=Google Trust Services LLC, C=US",GTS CA 1C3,Google Trust Services LLC,51d472ed8bfa0c9c5a5d5c8d7b2b4c13,6460d3507cc61af558a2b0abfa3ade14800c80c13e32c14a6b270142762e8780,True,ctls,accounts.google.com,,443,https://multivac.caffeine.tv:443,https,ESF,text/html,GET,142.250.184.243,/,-1674762699,2a00:1450:4001:810::2013,HTTP/3,46,False,,,,https://accounts.google.com/v3/signin/identifier?opparams=%253Fcred_ref%253Dtrue&dsh=S17049321%3A1686969400214993&client_id=579131922815-gfl9958ssimhejdeug1eepc7o0fn6tmd.apps.googleusercontent.com&code_challenge=VMkSDo1Ds4iG3TMHc47d2PBpPDh2pCiDB57ISAyWL6Q&code_challenge_method=S256&o2v=2&redirect_uri=https%3A%2F%2Fiap.googleapis.com%2Fv1%2Foauth%2FclientIds%2F579131922815-gfl9958ssimhejdeug1eepc7o0fn6tmd.apps.googleusercontent.com%3AhandleRedirect&response_type=code&scope=openid+email&service=lso&state=AVinkEkEQAXVb9njQKoMe-DgJISUoob0odwmyaBkd2Wy7zsOtf8Zcq2IBcprj4FnEABEKAKrKEZEPw0Qe9JIxt-Ij4pSeuH0dbln74oSKxg5T3w6witiZaq7D1yWC66xG-SpWEeJ4Gg-EJM03vOfPAjcgbPK8rFRLabsipOKXJNtAceFXPXDZeeW8E9Xipw7CXIuG-LzKxP499WA_VAFGz1w2dGV5gScaru0kDURPTxuztRdcdDoEa11xqyiLVwRj_w_egFqHNbtvtYDHCgOvgHkM2qshikK9EENpE86mYeTdqEfwKGi3TxA7NwyUaNlUIjn_GTnRIFSN7KvTqWa-bOW0fd6kpbX2wQ8ZYAq2PPKjGNY4fa7IQjkjKO0Ii3_H_Jv2PxpLVlAYOWx3QFNYqMmM8H6ifrwJX40bH1CoO1VBz7pOz0q64ftJCMzltjjC7Q3XSxyvGf4JYyktTm6yHm7xgjhsl4ozBuhqwKbU06ONu0VLoeICBHup0cFtoSc-nVAYsH2kl6KVKgTen9zi-pBOQ9sW_jsoJC7FE63p5a0IV-2wAt7YutlPvc4ljzFyMys9tnFisSWjeEpsBoulILecYjFNIhLRYN6y8Ng3fkD1fLBN4GVPMYksF6tXk6z4aD974OlS0mAu3089TFUK783R79Go9AsVAtgiKs4NQKZPiMaPZR6ZTj6_oJRX4zaMZwJstdEHe7JfijtCpGV-qUl-GJCiHFW95Uxu-kTwsRuCHIoBF3SwctNeClRX3RycQ9g3VgRq7TsRs71HfxbOQSurQT2Bj-CocfB0ylTbOb-funLutsT4tsCIPcIGuqZURX7SQSboQZTZotvvEkyJSwxWQ-WquAiEZkaTw7apHNm-zLqiw9UmPsspuMi5ciSGAjH4ezwk_ecSPyV8xsyNYYXYz91bprFGok3kHjqJp9PuSu5KAAZLQRHxK2f-23VeMR8iCHdQYQ2SXwu0HzMzNGYP3Ieu4r-kACfgwml1Zy2oIE5x354gridm7okVgfNfCFP_2fvchtup8t_81NeKQXX&flowName=GeneralOAuthFlow&continue=https%3A%2F%2Faccounts.google.com%2Fsignin%2Foauth%2Fconsent%3Fauthuser%3Dunknown%26part%3DAJi8hANCu0z-qEWO3IHibGnkvDlD1IirelYY2l6-8FFkCu9FY4eyQIrnc-Tg0qntczVzNMuItUaq7kvgXB9RM31gHs4_tT9SXadhoBBYRPfuAiniiBDUq93c0gQlhUM4WT4NXLbEcNmhHL7edAjOQ-myHcEbhMWp8lL4mJr9Zv1Z4WMcIsU5I1B5AeHCPfXT6BW5oShBFvpfSmiWJP6cAFg3f9xOQ3gR8WYhsXtTdgGV7JtYfrT9O7PepVXtMgcA3xaWBUxwog0BNahbMmZEp6n48yk974nZqi1BhWraOXX4O-B8N4Ut0XPJa0hW39vd9Azj4m_rDRPTYh5lC2jlyfv-sX3JLtSBa92tHbQdbLSMI9SvT-2A8tbQQsDFHYRR4dEqB7Im10_lmHIKT8azp8bbc8_0iTwdUIXT3el30GQCfuuTqYEU4-66ajxWorTHGwC7MtlfIaVqXdEOZbjeBlTrpxqKVdGZmA%26as%3DS17049321%253A1686969400214993%26client_id%3D579131922815-gfl9958ssimhejdeug1eepc7o0fn6tmd.apps.googleusercontent.com%23&app_domain=https%3A%2F%2Fiap.googleapis.com&rart=ANgoxcf5Z-CjIHD7lZGjfiEyggmn6WxvmipsF37h1ZrSRWwxTwX-OybPyZ2voQMc4Pfl1IGgCi5uVZARhwIM1nOu_IAEhz00qA,
navi.caffeine.tv,Sign In,403,8193,navi.caffeine.tv,443,True,tls13,TLS_AES_256_GCM_SHA384,2023-05-08T22:46:45Z,2023-08-06T22:46:44Z,CN=navi.caffeine.tv,navi.caffeine.tv,navi.caffeine.tv,"CN=R3, O=Let's Encrypt, C=US",R3,Let's Encrypt,1a5f0769f2ddd4aae838449811563aa3,c2cec859e304d878ba0a279014de2ef3ecd4bdae1679978806c056dbc69ed50a,,ctls,navi.caffeine.tv,,443,https://navi.caffeine.tv:443,https,istio-envoy,text/html,GET,52.42.167.40,/,1758777476,35.163.241.190,Envoy,76,False,,,,,
navi.staging.caffeine.tv,Sign In,403,8193,navi.staging.caffeine.tv,443,True,tls13,TLS_AES_256_GCM_SHA384,2023-04-19T17:15:20Z,2023-07-18T17:15:19Z,CN=navi.staging.caffeine.tv,navi.staging.caffeine.tv,navi.staging.caffeine.tv,"CN=R3, O=Let's Encrypt, C=US",R3,Let's Encrypt,0ccaa35975f1a6942dfcdfa504614599,1604112ae09ca8d53671a2375fb6bdeb86c30342b44fb2b69ad322840b4b52e4,,ctls,navi.staging.caffeine.tv,,443,https://navi.staging.caffeine.tv:443,https,istio-envoy,text/html,GET,44.228.163.209,/,1758777476,52.35.43.145,Envoy,76,False,,,,,
new-www.caffeine.tv,,200,22021,new-www.caffeine.tv,443,True,tls12,TLS_ECDHE_RSA_WITH_AES_128_GCM_SHA256,2022-10-09T22:42:11Z,2023-11-10T22:42:10Z,CN=*.caffeine.tv,*.caffeine.tv,*.caffeine.tv,"CN=GlobalSign Atlas R3 DV TLS CA 2022 Q3, O=GlobalSign nv-sa, C=BE",GlobalSign Atlas R3 DV TLS CA 2022 Q3,GlobalSign nv-sa,06992e5ef139262c47d559a808583f56,a7880d3d87105f213894a4b7261e7c16b03fca4bf46bbcbb60f36a20b2265a9e,True,ctls,new-www.caffeine.tv,fastly,443,https://new-www.caffeine.tv:443,https,AmazonS3,text/html,GET,151.101.2.49,/,-2030498528,151.101.194.49,Varnish,248,False,True,,,,
payments.staging.caffeine.tv,401 Authorization Required,401,172,payments.staging.caffeine.tv,443,True,tls13,TLS_AES_256_GCM_SHA384,2023-05-23T02:46:21Z,2023-08-21T02:46:20Z,CN=payments.staging.caffeine.tv,payments.staging.caffeine.tv,payments.staging.caffeine.tv,"CN=R3, O=Let's Encrypt, C=US",R3,Let's Encrypt,68bfa0d48ec40a3b15421c09fa3cc65e,4daf7ef42c8859b9805c4fcc9de62ba6f3ca36ff16b5dc73511574c49c3a618a,,ctls,payments.staging.caffeine.tv,,443,https://payments.staging.caffeine.tv:443,https,istio-envoy,text/html,GET,44.228.163.209,/,-1710455754,52.10.88.109,Envoy,8,False,,,,,
peeps.caffeine.tv,Sign in - Google Accounts,200,610285,accounts.google.com,443,True,tls13,TLS_AES_128_GCM_SHA256,2023-05-22T08:22:40Z,2023-08-14T08:22:39Z,CN=accounts.google.com,accounts.google.com,*.partner.android.com,"CN=GTS CA 1C3, O=Google Trust Services LLC, C=US",GTS CA 1C3,Google Trust Services LLC,51d472ed8bfa0c9c5a5d5c8d7b2b4c13,6460d3507cc61af558a2b0abfa3ade14800c80c13e32c14a6b270142762e8780,True,ctls,accounts.google.com,,443,https://peeps.caffeine.tv:443,https,ESF,text/html,GET,142.250.185.179,/,734790468,2a00:1450:4001:803::2013,HTTP/3,46,False,,,,https://accounts.google.com/v3/signin/identifier?opparams=%253Fcred_ref%253Dtrue&dsh=S1225588380%3A1686969400186758&client_id=579131922815-gfl9958ssimhejdeug1eepc7o0fn6tmd.apps.googleusercontent.com&code_challenge=3lbT7vFbaKqDaeYr88JmhO7Mc2aBZSlgkBSoOPluJGQ&code_challenge_method=S256&o2v=2&redirect_uri=https%3A%2F%2Fiap.googleapis.com%2Fv1%2Foauth%2FclientIds%2F579131922815-gfl9958ssimhejdeug1eepc7o0fn6tmd.apps.googleusercontent.com%3AhandleRedirect&response_type=code&scope=openid+email&service=lso&state=AVinkEkEk6V9U6Tmfjn3TT1gxSPAt6uI8gVm0P4Vh-KvfiMCR7TRdoOlAHBME15eQJWPXxwZU2RuUiiIG72eyOSlkdvDGnEVPGMyPvjqhlPSQxyYoMRXIEehp5KkDiuek7IEtk9cKOhzHdDss-3r4ICicjCLnqkZqE1dXoXo6qLM1Ekk9m0XhZWDnPYZCT6Obf0bM1IfEF7vrEEvzpqDTfQ2vre_HObxnUDfFWYvNfunK2adz8Ntl2ikCts5Fu6-NiAuDpEsuOPi50zppEoFflKqeYRxoIq_-b5gEeBKtH2GGUHC8Sj7Uv9OW0oGBBPJng_Xzex8prByl8VKKAnTT4lHYnbtk2Vs3DK-PNoeXOUd3-yj4Bi22R8T6T9W1UwS1zhT2vhEh4By_jaj-9RVGTKSYXXJClBi7NjmByYWQxWtz1bGlUtZttwu5aRDFUFr_NVOnCC-ED1G6QT-AOsR5nmiZZvjfWECZj2eC04O9ihO3YbOeFr4FKNvYVxRJch7HcJb5UsW-OD43J_WAqVOG_suzYfAoQvh87lPixDC1GP4vee4M2uoa34DqeGDVuYq83aIGD9ghf0SnEYeZQnf5_smrwg6XAh3H9N-1RIhN0hj5q2pw4k_MGw2BOMReR7vsRn8Lb_JbhL7Sw0L4puZv3Jg0qNBc6h6kZ0Kr3y-vqwPXb2l6uFLHkGb-0pbDxdg35ztOLR3XJDDX0dZ0nGKO0ZHR0i1WkgYCHg3K2NduewQbbA50ApzZjXnVfUY8E5SrWWkpZy-t3me5UxRMisZGEiz9EmKlefKYtgWgrCLdFoTS7ACJvmULRHxHuXnuuMHkYVM3lkQ1iT2aAwIsrIn-MMBgekbU7hHRuozoIXpkIJ_rlI0rI73ACMt6eMe5H02T3Ol6WznRedCGGR1Oi0AVIdyCvxtOI0oqtVioIaxF9Ab0LjvrZuThxY__hVkFsmsItxVkSYLAL2xQJT-QJoNOGSzpJv_7ZO2FDZtsLPK5kK0f7IuEIGqcWyw0hoSlsBfQpdrtlC1DI25mw&flowName=GeneralOAuthFlow&continue=https%3A%2F%2Faccounts.google.com%2Fsignin%2Foauth%2Fconsent%3Fauthuser%3Dunknown%26part%3DAJi8hAMqFHx8SQBNsBBQoNbtCM4KEw4XGT3Va043lKCCodfhb5ja-ytfmEwxmh1FXmxvsA1v6xHdyMRORUt2zXFqiJurCw31XQh8fszfCdA-0Uf6OY_d5TE2cf8gayTNG1O6afzBOifIZQst4QzxhntcZ6dJUpsGusTO5Qpt3od0JlPVePc4P6hDoVr-B7TfhN0CkOazet7AYJ2_eTdx-pRq0aPjsEaD35N4OmQLBLAk1m_-iLY7g-8xNtWwVPA_Xy7siX6mq9UQ8F_BQ7qG813qmgKbNAoWZxPu-AYhjPFk4cxouxb8gFF6Bpc_Klk3rexP90fgXeFMV1XzD9x5kYikxcLzE_VbaAIKNYFsn8TYuVCSSJLX6B4ffWPpXYh_uh_VnSefvtoCpb_YYEj7-JILZZTO6HNQK2d0hxm4Huo5rGLM_RB0Q-K64y829ZQmY99ofPs4X0K8b0cG6cIJF1FCwicf5VhYQw%26as%3DS1225588380%253A1686969400186758%26client_id%3D579131922815-gfl9958ssimhejdeug1eepc7o0fn6tmd.apps.googleusercontent.com%23&app_domain=https%3A%2F%2Fiap.googleapis.com&rart=ANgoxcee8mwcI_W1NWCgFEoO723LBPB44NySL_-JHozoIht6ELWFsWNaGV5eLqpPugkjCDDPD1Cs5OMm4TJhsIvD5dngLAYHwA,
preview.caffeine.tv,Caffeine,200,4184,preview.caffeine.tv,443,True,tls12,TLS_ECDHE_RSA_WITH_AES_128_GCM_SHA256,2022-10-09T22:42:11Z,2023-11-10T22:42:10Z,CN=*.caffeine.tv,*.caffeine.tv,*.caffeine.tv,"CN=GlobalSign Atlas R3 DV TLS CA 2022 Q3, O=GlobalSign nv-sa, C=BE",GlobalSign Atlas R3 DV TLS CA 2022 Q3,GlobalSign nv-sa,06992e5ef139262c47d559a808583f56,a7880d3d87105f213894a4b7261e7c16b03fca4bf46bbcbb60f36a20b2265a9e,True,ctls,preview.caffeine.tv,fastly,443,https://preview.caffeine.tv:443,https,AmazonS3,text/html,GET,151.101.2.49,/,-1543005623,151.101.194.49,Varnish,1,False,True,,,,
realtime.caffeine.tv,,404,,realtime.caffeine.tv,443,True,tls13,TLS_AES_256_GCM_SHA384,2023-05-07T00:00:00Z,2023-08-05T23:59:59Z,CN=realtime.caffeine.tv,realtime.caffeine.tv,realtime.caffeine.tv,"CN=ZeroSSL RSA Domain Secure Site CA, O=ZeroSSL, C=AT",ZeroSSL RSA Domain Secure Site CA,ZeroSSL,a030cfb7395f327a7867f4a08b5fd9c0,fbc3095f6f6555fedaa5b8aebaf8bbe8b1614d72da11f9ddd113c6acc5c46620,,ctls,realtime.caffeine.tv,,443,https://realtime.caffeine.tv:443,https,istio-envoy,,GET,34.216.48.206,/,-1840324437,35.163.241.190,,1,False,,,,,
realtime.development.caffeine.tv,,404,,,,,,,,,,,,,,,,,,,,,80,http://realtime.development.caffeine.tv:80,http,istio-envoy,,GET,35.162.21.98,/,-1840324437,52.32.65.108,,1,False,,,,,
realtime.staging.caffeine.tv,,404,,realtime.staging.caffeine.tv,443,True,tls13,TLS_AES_256_GCM_SHA384,2023-05-23T00:00:00Z,2023-08-21T23:59:59Z,CN=realtime.staging.caffeine.tv,realtime.staging.caffeine.tv,realtime.staging.caffeine.tv,"CN=ZeroSSL RSA Domain Secure Site CA, O=ZeroSSL, C=AT",ZeroSSL RSA Domain Secure Site CA,ZeroSSL,8256a013c8f34b84c7dcaaa00364fc38,e236413e81a5eec72b0e26cce9e042041edc50165329ea2cc6af80a91d6bc576,,ctls,realtime.staging.caffeine.tv,,443,https://realtime.staging.caffeine.tv:443,https,istio-envoy,,GET,52.35.43.145,/,-1840324437,44.228.163.209,,1,False,,,,,
render.caffeine.tv,404 Not Found,200,275,render.caffeine.tv,443,True,tls13,TLS_AES_128_GCM_SHA256,2023-06-10T07:57:29Z,2023-09-08T07:57:28Z,CN=render.caffeine.tv,render.caffeine.tv,render.caffeine.tv,"CN=R3, O=Let's Encrypt, C=US",R3,Let's Encrypt,428b201e35c95987c7335f30f470ff9a,5f76149a1111286fdd56d1ea5deba6b4e31fc1eb8f8025ed961df5e89ceb2901,,ctls,render.caffeine.tv,,443,https://render.caffeine.tv:443,https,,text/html,GET,142.250.186.179,/,1593207841,2a00:1450:4001:82b::2013,Node.js,12,False,,,,,
scim.caffeine.tv,1Password SCIM bridge,200,559,scim.caffeine.tv,443,True,tls13,TLS_AES_128_GCM_SHA256,2023-05-16T05:15:36Z,2023-08-14T05:15:35Z,CN=scim.caffeine.tv,scim.caffeine.tv,scim.caffeine.tv,"CN=R3, O=Let's Encrypt, C=US",R3,Let's Encrypt,c2e33fe3a56e039946b9ebff42ec493e,00f5911e4ccd5330c1c89fa8ed0ffca1668ba3b6eeb970fdc6ca1d2d5b135197,,ctls,scim.caffeine.tv,google,443,https://scim.caffeine.tv:443,https,,text/html,GET,34.171.4.35,/,104012657,34.171.4.35,,1,False,True,,,https://scim.caffeine.tv/app/,https://w3.org
snappy-images.caffeine.tv,,403,42,snappy-images.caffeine.tv,443,True,tls13,TLS_AES_128_GCM_SHA256,2023-03-01T00:00:00Z,2024-02-15T23:59:59Z,CN=caffeine.tv,caffeine.tv,*.caffeine.tv,"CN=Amazon RSA 2048 M02, O=Amazon, C=US",Amazon RSA 2048 M02,Amazon,b45349c19c11abacac986ab2b6ab586a,1752dbf06be5ba23b14f82084f95161421043b50dcc33483b211dd614dd27ab9,True,ctls,snappy-images.caffeine.tv,cloudfront,443,https://snappy-images.caffeine.tv:443,https,,application/json,GET,143.204.215.65,/,-417880618,2600:9000:214f:4200:1d:2ff6:8840:93a1,Amazon Web Services,1,False,True,,,,
snappy.caffeine.tv,,403,42,snappy.caffeine.tv,443,True,tls13,TLS_AES_128_GCM_SHA256,2023-03-01T00:00:00Z,2024-02-15T23:59:59Z,CN=caffeine.tv,caffeine.tv,*.caffeine.tv,"CN=Amazon RSA 2048 M02, O=Amazon, C=US",Amazon RSA 2048 M02,Amazon,b45349c19c11abacac986ab2b6ab586a,1752dbf06be5ba23b14f82084f95161421043b50dcc33483b211dd614dd27ab9,True,ctls,snappy.caffeine.tv,cloudfront,443,https://snappy.caffeine.tv:443,https,,application/json,GET,13.32.121.31,/,-417880618,13.32.121.102,Amazon Web Services,1,False,True,,,,
static.caffeine.tv,STATIC,200,295,static.caffeine.tv,443,True,tls13,TLS_AES_128_GCM_SHA256,2023-03-01T00:00:00Z,2024-02-15T23:59:59Z,CN=caffeine.tv,caffeine.tv,*.caffeine.tv,"CN=Amazon RSA 2048 M02, O=Amazon, C=US",Amazon RSA 2048 M02,Amazon,b45349c19c11abacac986ab2b6ab586a,1752dbf06be5ba23b14f82084f95161421043b50dcc33483b211dd614dd27ab9,True,ctls,static.caffeine.tv,cloudfront,443,https://static.caffeine.tv:443,https,AmazonS3,text/html,GET,52.222.236.128,/,-1245308402,2600:9000:223e:a000:c:e8df:5800:93a1,Amazon Web Services,14,False,True,,,,
static.staging.caffeine.tv,,403,243,static.staging.caffeine.tv,443,True,tls12,TLS_ECDHE_RSA_WITH_AES_128_GCM_SHA256,2022-10-09T22:45:13Z,2023-11-10T22:45:12Z,CN=*.staging.caffeine.tv,*.staging.caffeine.tv,*.staging.caffeine.tv,"CN=GlobalSign Atlas R3 DV TLS CA 2022 Q3, O=GlobalSign nv-sa, C=BE",GlobalSign Atlas R3 DV TLS CA 2022 Q3,GlobalSign nv-sa,79e7575bb5384d2af98a31680eedd236,bd799c97978c058f53392a8eef45d809a584a53f922b5664d0ba6d7373731d0e,True,ctls,static.staging.caffeine.tv,fastly,443,https://static.staging.caffeine.tv:443,https,AmazonS3,application/xml,GET,151.101.2.49,/,-919425154,151.101.194.49,Varnish,2,False,True,,,,
tomnook.caffeine.tv,Sign in - Google Accounts,200,610285,accounts.google.com,443,True,tls13,TLS_AES_128_GCM_SHA256,2023-05-22T08:22:40Z,2023-08-14T08:22:39Z,CN=accounts.google.com,accounts.google.com,*.partner.android.com,"CN=GTS CA 1C3, O=Google Trust Services LLC, C=US",GTS CA 1C3,Google Trust Services LLC,51d472ed8bfa0c9c5a5d5c8d7b2b4c13,6460d3507cc61af558a2b0abfa3ade14800c80c13e32c14a6b270142762e8780,True,ctls,accounts.google.com,,443,https://tomnook.caffeine.tv:443,https,ESF,text/html,GET,142.250.186.179,/,-992818192,2a00:1450:4001:82b::2013,HTTP/3,46,False,,,,https://accounts.google.com/v3/signin/identifier?opparams=%253Fcred_ref%253Dtrue&dsh=S806337255%3A1686969400188039&client_id=579131922815-gfl9958ssimhejdeug1eepc7o0fn6tmd.apps.googleusercontent.com&code_challenge=7INjmH8VFak31aUIZhYxVqvqyG_mGrJFK-eUF8QSp9w&code_challenge_method=S256&o2v=2&redirect_uri=https%3A%2F%2Fiap.googleapis.com%2Fv1%2Foauth%2FclientIds%2F579131922815-gfl9958ssimhejdeug1eepc7o0fn6tmd.apps.googleusercontent.com%3AhandleRedirect&response_type=code&scope=openid+email&service=lso&state=AVinkEkEqKl5IGgWwHzRm9wa-H6YODnxGdMJ0MRkw0qMEsuC_hvXrDWYEmAQJ8Qhtn1gJz1vrU0GKtTu8gk9JyyMH4z5fB2Qc8Iycamgqr9HlEcJoBTAqUM2xeF6tUHCLScUHvWq7StJZpG1SDxe9QJAoRGnFvIPTD6apgLvFOKZCCdneSvMaTj22_dog7ojmWm0_2wt2UN08rztFc_5NwnYjPFOkWwBKxjiUe_zNZkROciQifclttNeL7dy1FJqsEcPtZIpABxNBtfcI5eq6tOCaYUog6SNaVI_RbyPde401kBUpQU6jyIhueDdUWfcuk1K82epaW91HBtmLOdJfWe5-v0P56zmG_ZdGut5eD5jyrHHRLMdAngQRBBVLzuKPCEsZGANbZyXzxyh_D2SppcWI61o1rYwmMMrfIrpETCiTB-37ukF9wA_9RhulE3XesgOY4uVJL4YOM6Kje5UWceJB2ZRsSVy4Zvc2QgFHPHmeGSq2uZCq9Wa1PlNUMgYGcSeyuuXNdX3sYgSOGx-ea1zoOkNMFkzVyysj4ZZZQOt1n2ARPhJ33Xb3nQQL9K73wgp-UiDc1cnWDEXCP2v35ojr1OqJoM7Um7IGZYLB73QojdUlFdg6jW4mjgIHlSECAGZMKPKu1aVkianJDi5myOfwBB92pWUl_GJM6LjHlcj_aysZa9iOsvQvdxTw9rvR4gBIEiwCbUw0iCWXJ817D0x8Yoa4DZgLfUYKFub2qFYI2RD-RiNCdOe2pDTR1IILSZY9bkCUDuJBKOkv8rqLgKx-EwBFrBKEpVRcSfJ2JxWVMbSyB9qsHbv2OMZwtMkRIQYOoFXPJnWazp19z2chE5IurugAvp1DT9BH_XwQgTpqYzzH1kg2eVKH2rHKEzpma0n26CXtNjUn5Qi5sWCreob6a1qzznyE6R-uKmwozWc0XoKwM1ROKPBOPz-XPs7ukTSb2-wH0jsJkqmybfENk2h1RJ2ZoBWQkVhcp5U6717lfyxcfkdOt6A_5j0QqGk5bKolK-yWEhmNOApgpxblw&flowName=GeneralOAuthFlow&continue=https%3A%2F%2Faccounts.google.com%2Fsignin%2Foauth%2Fconsent%3Fauthuser%3Dunknown%26part%3DAJi8hANCd2p8bsLAD9akBLPURnOkTCANrFMgs7qX1fLX0wAe7KgrKTUpj5-nCFrNRltKy_9vNGRVnEOy27GQTqiiA_Hba6TvRpWJqd9GHj-V4ZQxd-EFVke7OkzJymeYDaG-ojo3qeMtFUgKNirwn6wyoPWpdvKffSZuJF0wMsIX1I409M_0DYUTm2ClC1lO_CptvmiapskpJ3AQxs-bdFV4lH3jRq2MdIxiiPMncCE6S5u3tCY5XWc-6FvS4obipiCWCvIpKF4CRJK1zoLxB5O_H9VuQbiRnaY_Lwps0fZg8zthyQeSigdWgk6QMRQA-kYTy3Ohh0-mB7eWHKdlw42QO9gA0VFM6mAHiX61OIFbNK5v5tEMbViOjnOlEZlcxk7MWQnMGXJDxkpllod1nuJVdyAi7Od3JqtPuBfgHuay2SbX49j9BT2NUgJBzJlnjORjI14vNB137fLvGYVi_K6fjdf6XWqWUw%26as%3DS806337255%253A1686969400188039%26client_id%3D579131922815-gfl9958ssimhejdeug1eepc7o0fn6tmd.apps.googleusercontent.com%23&app_domain=https%3A%2F%2Fiap.googleapis.com&rart=ANgoxcd6cEq0_YYovhcSbxZ6ktJZ-wxKJ72Gy2EzZVUy9GOOZ0-bPzzaboW8sXhude_g_EZnx-NQ4CmJL4qndCupS8SkyfKhgw,
tomnook.staging.caffeine.tv,Sign in - Google Accounts,200,610665,accounts.google.com,443,True,tls13,TLS_AES_128_GCM_SHA256,2023-05-22T08:22:40Z,2023-08-14T08:22:39Z,CN=accounts.google.com,accounts.google.com,*.partner.android.com,"CN=GTS CA 1C3, O=Google Trust Services LLC, C=US",GTS CA 1C3,Google Trust Services LLC,51d472ed8bfa0c9c5a5d5c8d7b2b4c13,6460d3507cc61af558a2b0abfa3ade14800c80c13e32c14a6b270142762e8780,True,ctls,accounts.google.com,,443,https://tomnook.staging.caffeine.tv:443,https,ESF,text/html,GET,142.250.184.243,/,196333820,2a00:1450:4001:80b::2013,HTTP/3,46,False,,,,https://accounts.google.com/v3/signin/identifier?opparams=%253Fcred_ref%253Dtrue&dsh=S-1492685047%3A1686969400188677&client_id=579131922815-gfl9958ssimhejdeug1eepc7o0fn6tmd.apps.googleusercontent.com&code_challenge=yA8nrYiCWde1j6RidMiAeSkoZGnLNCmn4opLWJS9RlM&code_challenge_method=S256&o2v=2&redirect_uri=https%3A%2F%2Fiap.googleapis.com%2Fv1%2Foauth%2FclientIds%2F579131922815-gfl9958ssimhejdeug1eepc7o0fn6tmd.apps.googleusercontent.com%3AhandleRedirect&response_type=code&scope=openid+email&service=lso&state=AVinkEkEpY1-BdO4GUU1O58R4_bdamNXrKAztZTQVf6xpnyQG1PgCvYn6VN8b2vxCr2iw5HZIQ_ATd6kAuw32wExxERXXwUViOXb0Ho4ve4SaL9QnV4BhdVCqQMVl_BczhGPoffjHVj7R80fr1OKHOLkXo5XF6eAdOqQ13JKdRc1pY44SSKJx7zbOdqQRL1dexVt9mr7BJsrY-5HUzXjkHce2nO5NBuHJq-3xrMvfoyiaLa5UY5YbAqyo0e0abbHotGlHqtwAOAicenD9h2bupcOSsxhd96MYfGhluSi9guwE_vEMsXFMcQLJQS8GkqodXpmrjbzSNVQj-70x-1nyDVEUmPz_pqeTnMOfQUk1t-E243FK67Uko056D8szWA_WFq8L9gfeQnOpgK8DyiA0VEs3Jzp6eVX9hcUDR0RLyftIu3vdAPqSmRioEoteUfyq62tZUnD3PfVWzlhRQTdaHMdMCW__q2vvcK-35dPkPAwup_HnZJF3TeSIoDQYTFVGwfEvqpEyyTc-iYLNES_qWqNtTsuKypL3lKOVgTqrSMJKfwTj-WB7k17RsVI399JgB1OmBdlZUy9Se925HfZIZQEXnQGCvVtoEETmJdMNS3iLlLYzS3SG1guLb-OnON3F7I4JoJa5BoTx2-NJiKQPEYyB5vqD9RdQKKkmaEO2NpeYdCyqiT8NZ9QyJNAd2-zZy4w9G22QTqog2cr5xyQWEi8SEk3KT2CrZ-xJ295xvMMLuJ3JNgGaPh7NeFzvjoBoebt53Yw-mLi1AkNtJUvp0hYjDolxM5HtdpQh6d5mzYtUJdxKcWnXxOohvTQvJWKA4kcOKuSqIoSxrMXr43plqj7n3E3ZyepvZUGHoLnLZ-dpgoXwhv0I6sXRMNcJ1FefexKD8WrLXA72ugYrCZdoaTO1fzBzHrUcqTYOnGzJFk0nq20w37CSHqghEXzl46uNqcpmehNJrpjy-Ep_QlsinEgS4zewet581ybXZonmiVJoMc5WRyFy2hD_nw5428HNjIC9RkJne0xx3wKYXpSG_iPB0Md3kBgyk1lDGlyHx1Dntu_tg&flowName=GeneralOAuthFlow&continue=https%3A%2F%2Faccounts.google.com%2Fsignin%2Foauth%2Fconsent%3Fauthuser%3Dunknown%26part%3DAJi8hAMlyKg-8tnjWlhRtGeHqUsS9F-lwT3iRtDTsrnuYmLlufzePoLLryXgVAa_F1UhxYe_4bEqp0GMDIvrRUkuhW8TUgXb8Hd6YLbsqjntsi0Nzc_d4sTKQRHXYGUOWtstEPwCWc3vOCsW6kI70GOwNjvB3KCuAcK2cbcCZMcISDhDBadQ3dZt7kQc_8Vrg_RuKCR-gHgds8xMynmODrBtXrHuM2v1FeM8MFWm-xqiG1cdgP4rjbbbC8XUCCA5AS-5OwcxgdQPy4GGHsB_IoB-Eelpvs473FTl-laB1gGCiXGctV5JAR9wqdJOpPJDKgYH_jIchgfxcWIcvxxrIusLRQ1CVVyh7ssko_-_dyGnrHNRFixhuNxJ6wriy4dBDf9daS2LRNdlz8UWCJOJxCaBaRLcun4Ro_jdSPmCc3zcc9N5VW4rch7UBjtcNyF8Y3uo0EMUkQ9MJM1YRJtL3yhk4iO9whFaOw%26as%3DS-1492685047%253A1686969400188677%26client_id%3D579131922815-gfl9958ssimhejdeug1eepc7o0fn6tmd.apps.googleusercontent.com%23&app_domain=https%3A%2F%2Fiap.googleapis.com&rart=ANgoxcf63mUrZW5vjGLlh7LSPdaUM6dcUkE3-Eu0HV-GUGnLiVyW3d6CfRl9qV6JJmjcH9Q5BCxIGXl1RWWP10LQMt9fNggbOw,
v-cf.caffeine.tv,,404,19,v-cf.caffeine.tv,443,True,tls13,TLS_AES_128_GCM_SHA256,2023-02-28T00:00:00Z,2023-09-08T23:59:59Z,CN=cf-a.prd.ethos.usw2.ctv.gg,cf-a.prd.ethos.usw2.ctv.gg,v-cf.caffeine.tv,"CN=Amazon RSA 2048 M02, O=Amazon, C=US",Amazon RSA 2048 M02,Amazon,cc1f3f1d2314e07c1373024fdcc21f28,340f62ed3377df84e34291447eca0634f29e43a92274e8be31c43515ff6f1ade,,ctls,v-cf.caffeine.tv,cloudfront,443,https://v-cf.caffeine.tv:443,https,istio-envoy,text/plain,GET,18.66.97.69,/,-138391155,18.66.97.65,Envoy,2,False,True,,,,
v-cf.development.caffeine.tv,,404,19,v-cf.development.caffeine.tv,443,True,tls13,TLS_AES_128_GCM_SHA256,2023-02-28T00:00:00Z,2023-09-06T23:59:59Z,CN=cf-a.dev.ethos.usw2.ctv.gg,cf-a.dev.ethos.usw2.ctv.gg,v-cf.development.caffeine.tv,"CN=Amazon RSA 2048 M01, O=Amazon, C=US",Amazon RSA 2048 M01,Amazon,a6166d29d2b768294d825dcdf9c84aaa,70c42edad30d914934ffd53564f940e0f69f25ece2f2b0095ef51fa8e939fc14,,ctls,v-cf.development.caffeine.tv,cloudfront,443,https://v-cf.development.caffeine.tv:443,https,istio-envoy,text/plain,GET,108.138.17.29,/,-138391155,108.138.17.56,Envoy,2,False,True,,,,
v-cf.staging.caffeine.tv,,404,19,v-cf.staging.caffeine.tv,443,True,tls13,TLS_AES_128_GCM_SHA256,2023-03-01T00:00:00Z,2023-09-06T23:59:59Z,CN=cf-a.stg.ethos.usw2.ctv.gg,cf-a.stg.ethos.usw2.ctv.gg,v-cf.staging.caffeine.tv,"CN=Amazon RSA 2048 M01, O=Amazon, C=US",Amazon RSA 2048 M01,Amazon,3cd38140a8689df9d35a9635b9e9640d,9e2c5ec36339c2efd6684a6dba9c3cac84c8f3daf63996569dedb2804a157ad4,,ctls,v-cf.staging.caffeine.tv,cloudfront,443,https://v-cf.staging.caffeine.tv:443,https,istio-envoy,text/plain,GET,13.225.78.125,/,-138391155,13.225.78.89,Envoy,2,False,True,,,,
v-ms.caffeine.tv,,403,28,v-ms.caffeine.tv,443,True,tls13,TLS_AES_128_GCM_SHA256,2023-02-15T00:00:00Z,2024-03-15T23:59:59Z,CN=v-ms.caffeine.tv,v-ms.caffeine.tv,v-ms.caffeine.tv,"CN=Amazon RSA 2048 M01, O=Amazon, C=US",Amazon RSA 2048 M01,Amazon,0c16f33985124190f7a9c8e58d32cbe5,c1a4527cc9371c6c672208b5de30eb584c59467aa3c1033a02f8a8f19fe05651,,ctls,v-ms.caffeine.tv,cloudfront,443,https://v-ms.caffeine.tv:443,https,,application/x-amz-json-1.1,GET,13.32.121.112,/,-217929522,13.32.121.24,Amazon Web Services,1,False,True,,,,
video-cf.development.caffeine.tv,ERROR: The request could not be satisfied,403,915,,,,,,,,,,,,,,,,,,,cloudfront,80,http://video-cf.development.caffeine.tv:80,http,CloudFront,text/html,GET,108.138.17.29,/,-1577103622,108.138.17.17,Amazon Web Services,20,False,True,,,,
video-cf.staging.caffeine.tv,ERROR: The request could not be satisfied,403,915,,,,,,,,,,,,,,,,,,,cloudfront,80,http://video-cf.staging.caffeine.tv:80,http,CloudFront,text/html,GET,13.225.78.125,/,921942030,13.225.78.91,Amazon Web Services,20,False,True,,,,
wiki.caffeine.tv,Sign in - Google Accounts,200,581409,accounts.google.com,443,True,tls13,TLS_AES_128_GCM_SHA256,2023-05-22T08:22:40Z,2023-08-14T08:22:39Z,CN=accounts.google.com,accounts.google.com,*.partner.android.com,"CN=GTS CA 1C3, O=Google Trust Services LLC, C=US",GTS CA 1C3,Google Trust Services LLC,51d472ed8bfa0c9c5a5d5c8d7b2b4c13,6460d3507cc61af558a2b0abfa3ade14800c80c13e32c14a6b270142762e8780,True,ctls,accounts.google.com,,443,https://wiki.caffeine.tv:443,https,ESF,text/html,GET,142.250.185.147,/,351674514,2a00:1450:4001:810::2013,HTTP/3,46,False,,,,https://accounts.google.com/v3/signin/identifier?dsh=S-1124008482%3A1686969403908869&continue=https%3A%2F%2Fsites.google.com%2Fcaffeine.tv%2Fwiki&ffgf=1&followup=https%3A%2F%2Fsites.google.com%2Fcaffeine.tv%2Fwiki&ifkv=Af_xneHU_id6vKr0xauZ_EIM-LZwAwx2eY0nhjtOaeuonC_dZUWqNeDfrjQqdidq5JJQS-NlP_aKdA&osid=1&passive=1209600&flowName=GlifWebSignIn&flowEntry=ServiceLogin,
www.caffeine.tv,,200,22787,www.caffeine.tv,443,True,tls12,TLS_ECDHE_RSA_WITH_AES_128_GCM_SHA256,2022-10-09T22:42:11Z,2023-11-10T22:42:10Z,CN=*.caffeine.tv,*.caffeine.tv,*.caffeine.tv,"CN=GlobalSign Atlas R3 DV TLS CA 2022 Q3, O=GlobalSign nv-sa, C=BE",GlobalSign Atlas R3 DV TLS CA 2022 Q3,GlobalSign nv-sa,06992e5ef139262c47d559a808583f56,a7880d3d87105f213894a4b7261e7c16b03fca4bf46bbcbb60f36a20b2265a9e,True,ctls,www.caffeine.tv,fastly,443,https://www.caffeine.tv:443,https,AmazonS3,text/html,GET,151.101.2.49,/,-2030498528,151.101.194.49,Varnish,257,False,True,,,,
www.staging.caffeine.tv,,200,22787,www.staging.caffeine.tv,443,True,tls13,TLS_AES_128_GCM_SHA256,2022-12-02T00:00:00Z,2023-12-31T23:59:59Z,CN=www.staging.caffeine.tv,www.staging.caffeine.tv,www.staging.caffeine.tv,"CN=Amazon RSA 2048 M01, O=Amazon, C=US",Amazon RSA 2048 M01,Amazon,6ddeaeb04415ac86907777f6f7ed33df,6a9026f623bccea6a56360c7aebbe3d74553fd2f00955dc8989d9e2d9d0d3ded,,ctls,www.staging.caffeine.tv,cloudfront,443,https://www.staging.caffeine.tv:443,https,AmazonS3,text/html,GET,108.138.7.42,/,439025771,2600:9000:2490:5600:1b:c3a8:df80:93a1,Amazon Web Services,257,False,True,,,,
