new,host,a,cname,soa,status_code,aaaa,caa,cdn,cdn-name,ns,has_internal_ips,internal_ips,mx,txt
[x],adminuserspostgresdoc-corporate.ecs-lb.breadcrumb.com,34.231.80.4,redirect.upserve.com,"jay.ns.cloudflare.com, dns.cloudflare.com",NOERROR,,,,,,,,,
[x],backupwww0-v2.store.breadcrumb.com,34.231.80.4,redirect.upserve.com,"jay.ns.cloudflare.com, dns.cloudflare.com",NOERROR,,,,,,,,,
[x],betaprod-aws-loginaccept-domain.notifications.swipely.com,34.231.80.4,,"ns-1656.awsdns-15.co.uk, awsdns-hostmaster.amazon.com",NOERROR,,,,,,,,,
[x],cards.internal.upserve.com,"10.12.105.174, 10.12.105.189",internal-p-alb-internal-1968623478.us-east-1.elb.amazonaws.com,"ns-1119.awsdns-11.org, awsdns-hostmaster.amazon.com",NOERROR,,,,,,True,"10.12.105.174, 10.12.105.189",,
[x],cis1.notifications.swipely.com,34.231.80.4,,"ns-1656.awsdns-15.co.uk, awsdns-hostmaster.amazon.com",NOERROR,,,,,,,,,
[x],engantiviruspre.notifications.swipely.com,34.231.80.4,,"ns-1656.awsdns-15.co.uk, awsdns-hostmaster.amazon.com",NOERROR,,,,,,,,,
[x],gsp81-qs55.www.swipely.com,34.231.80.4,,"ns-1656.awsdns-15.co.uk, awsdns-hostmaster.amazon.com",NOERROR,,,,,,,,,
[x],h-135-207-103-76.reports.breadcrumb.com,34.231.80.4,redirect.upserve.com,"jay.ns.cloudflare.com, dns.cloudflare.com",NOERROR,,,,,,,,,
[x],h-135-207-133-50.645892349820.vulnerbug.com,,,,NOERROR,,,True,google,,,,,
[x],lef11-1-pdb.reports.breadcrumb.com,34.231.80.4,redirect.upserve.com,"jay.ns.cloudflare.com, dns.cloudflare.com",NOERROR,,,,,,,,,
[x],meeting.hq.breadcrumb.com,34.231.80.4,redirect.upserve.com,"jay.ns.cloudflare.com, dns.cloudflare.com",NOERROR,,,,,,,,,
[x],mw-kh-pvmaps2.swi.swipely.com,34.231.80.4,,"ns-1656.awsdns-15.co.uk, awsdns-hostmaster.amazon.com",NOERROR,,,,,,,,,
[x],nsbackups.ecs-lb.breadcrumb.com,34.231.80.4,redirect.upserve.com,"jay.ns.cloudflare.com, dns.cloudflare.com",NOERROR,,,,,,,,,
[x],p04-calendars.store.breadcrumb.com,34.231.80.4,redirect.upserve.com,"jay.ns.cloudflare.com, dns.cloudflare.com",NOERROR,,,,,,,,,
[x],prosupport01.upserve.com,34.231.80.4,redirect.upserve.com,"jay.ns.cloudflare.com, dns.cloudflare.com",NOERROR,,,,,,,,,
[x],qa20.beta.swipely.com,34.231.80.4,,"ns-1656.awsdns-15.co.uk, awsdns-hostmaster.amazon.com",NOERROR,,,,,,,,,
[x],reports-internal.breadcrumb.com,"10.18.100.69, 10.18.100.85, 10.18.100.61",internal-p-alb-internal-1521728589.us-east-1.elb.amazonaws.com,"ns-1119.awsdns-11.org, awsdns-hostmaster.amazon.com",NOERROR,,,,,"ns-1119.awsdns-11.org, ns-1793.awsdns-32.co.uk, ns-235.awsdns-29.com, ns-934.awsdns-52.net",True,"10.18.100.69, 10.18.100.85, 10.18.100.61",,
[x],rsw6-1-cld.645892349820.vulnerbug.com,35.205.61.67,,,NOERROR,,,True,google,"ns5.csof.net, ns3.csof.net, ns1.csof.net, ns7.csof.net, ns6.csof.net, ns4.csof.net, ns8.csof.net, ns2.csof.net",,,"mx2.csof.net, mx1.csof.net","v=DMARC1; p=reject; rua=mailto:dmarc_report@mail.liamfactory.com; ruf=mailto:dmarc_report@mail.liamfactory.com; fo=1; pct=100, v=spf1 include:_incspfcheck.mailspike.net -all"
[x],sl61p00ls-mwp2s-sl61-rf3.hq.breadcrumb.com,34.231.80.4,redirect.upserve.com,"jay.ns.cloudflare.com, dns.cloudflare.com",NOERROR,,,,,,,,,
[x],student99.notifications.swipely.com,34.231.80.4,,"ns-1656.awsdns-15.co.uk, awsdns-hostmaster.amazon.com",NOERROR,,,,,,,,,
[x],tamilplay.beta.swipely.com,34.231.80.4,,"ns-1656.awsdns-15.co.uk, awsdns-hostmaster.amazon.com",NOERROR,,,,,,,,,
[x],tor44-129-pda.notifications.swipely.com,,,"ns-1656.awsdns-15.co.uk, awsdns-hostmaster.amazon.com",NOERROR,,,,,,,,,
[x],v1-teamstatus-externaltunnel-mx.ecs-lb.breadcrumb.com,34.231.80.4,redirect.upserve.com,"jay.ns.cloudflare.com, dns.cloudflare.com",NOERROR,,,,,,,,,
[x],wikiassetslogs-miembros.swi.swipely.com,34.231.80.4,,"ns-1656.awsdns-15.co.uk, awsdns-hostmaster.amazon.com",NOERROR,,,,,,,,,
,0-b5dwgb.h.upserve.com,34.231.80.4,redirect.upserve.com,"jay.ns.cloudflare.com, dns.cloudflare.com",NOERROR,,,,,,,,,
,0.0.4.2.upserve.com,34.231.80.4,redirect.upserve.com,"jay.ns.cloudflare.com, dns.cloudflare.com",NOERROR,,,,,,,,,
,0.0.upserve.com,34.231.80.4,redirect.upserve.com,"jay.ns.cloudflare.com, dns.cloudflare.com",NOERROR,,,,,,,,,
,0.1.upserve.com,34.231.80.4,redirect.upserve.com,"jay.ns.cloudflare.com, dns.cloudflare.com",NOERROR,,,,,,,,,
,0.2.68.upserve.com,34.231.80.4,redirect.upserve.com,"jay.ns.cloudflare.com, dns.cloudflare.com",NOERROR,,,,,,,,,
,0.4.2.upserve.com,34.231.80.4,redirect.upserve.com,"jay.ns.cloudflare.com, dns.cloudflare.com",NOERROR,,,,,,,,,
,0.b.c.0.0.4.2.upserve.com,34.231.80.4,redirect.upserve.com,"jay.ns.cloudflare.com, dns.cloudflare.com",NOERROR,,,,,,,,,
,0.ecs-lb.breadcrumb.com,34.231.80.4,redirect.upserve.com,"jay.ns.cloudflare.com, dns.cloudflare.com",NOERROR,,,,,,,,,
,0.js.al.upserve.com,34.231.80.4,redirect.upserve.com,"jay.ns.cloudflare.com, dns.cloudflare.com",NOERROR,,,,,,,,,
,0.upserve.com,34.231.80.4,redirect.upserve.com,"jay.ns.cloudflare.com, dns.cloudflare.com",NOERROR,,,,,,,,,
,00.upserve.com,34.231.80.4,redirect.upserve.com,"jay.ns.cloudflare.com, dns.cloudflare.com",NOERROR,,,,,,,,,
,00000.upserve.com,34.231.80.4,redirect.upserve.com,"jay.ns.cloudflare.com, dns.cloudflare.com",NOERROR,,,,,,,,,
,007tiqiuwang.upserve.com,34.231.80.4,redirect.upserve.com,"jay.ns.cloudflare.com, dns.cloudflare.com",NOERROR,,,,,,,,,
,018e64b5c92845b0bc152a3caa2debfc.js.upserve.com,34.231.80.4,redirect.upserve.com,"jay.ns.cloudflare.com, dns.cloudflare.com",NOERROR,,,,,,,,,
,019.upserve.com,34.231.80.4,redirect.upserve.com,"jay.ns.cloudflare.com, dns.cloudflare.com",NOERROR,,,,,,,,,
,02.upserve.com,34.231.80.4,redirect.upserve.com,"jay.ns.cloudflare.com, dns.cloudflare.com",NOERROR,,,,,,,,,
,020.upserve.com,,redirect.upserve.com,"jay.ns.cloudflare.com, dns.cloudflare.com",NOERROR,,,,,,,,,
,02903855-664-3887www.upserve.com,34.231.80.4,redirect.upserve.com,"jay.ns.cloudflare.com, dns.cloudflare.com",NOERROR,,,,,,,,,
,03.upserve.com,34.231.80.4,redirect.upserve.com,"jay.ns.cloudflare.com, dns.cloudflare.com",NOERROR,,,,,,,,,
,032408020640.c.upserve.com,34.231.80.4,redirect.upserve.com,"jay.ns.cloudflare.com, dns.cloudflare.com",NOERROR,,,,,,,,,
,04.upserve.com,34.231.80.4,redirect.upserve.com,"jay.ns.cloudflare.com, dns.cloudflare.com",NOERROR,,,,,,,,,
,042.upserve.com,34.231.80.4,redirect.upserve.com,"jay.ns.cloudflare.com, dns.cloudflare.com",NOERROR,,,,,,,,,
,04dda4mk.m.upserve.com,34.231.80.4,redirect.upserve.com,"jay.ns.cloudflare.com, dns.cloudflare.com",NOERROR,,,,,,,,,
,04feb2016appservice.p.upserve.com,34.231.80.4,redirect.upserve.com,"jay.ns.cloudflare.com, dns.cloudflare.com",NOERROR,,,,,,,,,
,04u-u00ce1b28-c233-s1507311673-i95143f0d.am.upserve.com,34.231.80.4,redirect.upserve.com,"jay.ns.cloudflare.com, dns.cloudflare.com",NOERROR,,,,,,,,,
,04u-u0add81df-c233-s1507734838-i95143f0d.am.upserve.com,34.231.80.4,redirect.upserve.com,"jay.ns.cloudflare.com, dns.cloudflare.com",NOERROR,,,,,,,,,
,04u-u1df95544-c233-s1506922073-i95143f0d.am.upserve.com,34.231.80.4,redirect.upserve.com,"jay.ns.cloudflare.com, dns.cloudflare.com",NOERROR,,,,,,,,,
,04u-u2119dcf7-c233-s1507723081-i95143f0d.am.upserve.com,34.231.80.4,redirect.upserve.com,"jay.ns.cloudflare.com, dns.cloudflare.com",NOERROR,,,,,,,,,
,04u-u2281018a-c233-s1507135290-i95143f0d.am.upserve.com,34.231.80.4,redirect.upserve.com,"jay.ns.cloudflare.com, dns.cloudflare.com",NOERROR,,,,,,,,,
,04u-u288cbbf6-c233-s1507814456-i95143f0d.am.upserve.com,34.231.80.4,redirect.upserve.com,"jay.ns.cloudflare.com, dns.cloudflare.com",NOERROR,,,,,,,,,
,04u-u2d23ee7d-c233-s1507806410-i95143f0d.am.upserve.com,34.231.80.4,redirect.upserve.com,"jay.ns.cloudflare.com, dns.cloudflare.com",NOERROR,,,,,,,,,
,04u-u32b6828e-c233-s1507757009-i95143f0d.am.upserve.com,34.231.80.4,redirect.upserve.com,"jay.ns.cloudflare.com, dns.cloudflare.com",NOERROR,,,,,,,,,
,04u-u35f75d2a-c233-s1507461470-i95143f0d.am.upserve.com,34.231.80.4,redirect.upserve.com,"jay.ns.cloudflare.com, dns.cloudflare.com",NOERROR,,,,,,,,,
,04u-u3f54a369-c233-s1506914533-i95143f0d.am.upserve.com,34.231.80.4,redirect.upserve.com,"jay.ns.cloudflare.com, dns.cloudflare.com",NOERROR,,,,,,,,,
,04u-u421d6169-c233-s1507508996-i95143f0d.am.upserve.com,34.231.80.4,redirect.upserve.com,"jay.ns.cloudflare.com, dns.cloudflare.com",NOERROR,,,,,,,,,
,04u-u48f48245-c233-s1507655587-i95143f0d.am.upserve.com,34.231.80.4,redirect.upserve.com,"jay.ns.cloudflare.com, dns.cloudflare.com",NOERROR,,,,,,,,,
,04u-u4a48fbc9-c233-s1507033856-i95143f0d.am.upserve.com,34.231.80.4,redirect.upserve.com,"jay.ns.cloudflare.com, dns.cloudflare.com",NOERROR,,,,,,,,,
,04u-u4cb44f4d-c233-s1507890438-i95143f0d.am.upserve.com,34.231.80.4,redirect.upserve.com,"jay.ns.cloudflare.com, dns.cloudflare.com",NOERROR,,,,,,,,,
,04u-u583d8ecd-c233-s1507518471-i95143f0d.am.upserve.com,34.231.80.4,redirect.upserve.com,"jay.ns.cloudflare.com, dns.cloudflare.com",NOERROR,,,,,,,,,
,04u-u5fef59f0-c233-s1507762393-i95143f0d.am.upserve.com,34.231.80.4,redirect.upserve.com,"jay.ns.cloudflare.com, dns.cloudflare.com",NOERROR,,,,,,,,,
,04u-u6cc53476-c233-s1507191960-i95143f0d.am.upserve.com,34.231.80.4,redirect.upserve.com,"jay.ns.cloudflare.com, dns.cloudflare.com",NOERROR,,,,,,,,,
,04u-u7087c01a-c233-s1507111093-i95143f0d.am.upserve.com,34.231.80.4,redirect.upserve.com,"jay.ns.cloudflare.com, dns.cloudflare.com",NOERROR,,,,,,,,,
,04u-u727b5afc-c233-s1507078245-i95143f0d.am.upserve.com,34.231.80.4,redirect.upserve.com,"jay.ns.cloudflare.com, dns.cloudflare.com",NOERROR,,,,,,,,,
,04u-u7c79d20f-c233-s1507301940-i95143f0d.am.upserve.com,34.231.80.4,redirect.upserve.com,"jay.ns.cloudflare.com, dns.cloudflare.com",NOERROR,,,,,,,,,
,06orders.upserve.com,34.231.80.4,redirect.upserve.com,"jay.ns.cloudflare.com, dns.cloudflare.com",NOERROR,,,,,,,,,
,13.ecs-lb.breadcrumb.com,34.231.80.4,redirect.upserve.com,"jay.ns.cloudflare.com, dns.cloudflare.com",NOERROR,,,,,,,,,
,19.upserve.com,34.231.80.4,redirect.upserve.com,"jay.ns.cloudflare.com, dns.cloudflare.com",NOERROR,,,,,,,,,
,2.upserve.com,34.231.80.4,redirect.upserve.com,"jay.ns.cloudflare.com, dns.cloudflare.com",NOERROR,,,,,,,,,
,2018.beta.swipely.com,34.231.80.4,,"ns-1656.awsdns-15.co.uk, awsdns-hostmaster.amazon.com",NOERROR,,,,,,,,,
,253acards.swipely.com,34.231.80.4,,"ns-1656.awsdns-15.co.uk, awsdns-hostmaster.amazon.com",NOERROR,,,,,,,,,
,273theacademy.upserve.com,34.231.80.4,redirect.upserve.com,"jay.ns.cloudflare.com, dns.cloudflare.com",NOERROR,,,,,,,,,
,279orders.upserve.com,34.231.80.4,redirect.upserve.com,"jay.ns.cloudflare.com, dns.cloudflare.com",NOERROR,,,,,,,,,
,2fsupport.upserve.com,34.231.80.4,redirect.upserve.com,"jay.ns.cloudflare.com, dns.cloudflare.com",NOERROR,,,,,,,,,
,3.ecs-lb.breadcrumb.com,34.231.80.4,redirect.upserve.com,"jay.ns.cloudflare.com, dns.cloudflare.com",NOERROR,,,,,,,,,
,3acards.swipely.com,34.231.80.4,,"ns-1656.awsdns-15.co.uk, awsdns-hostmaster.amazon.com",NOERROR,,,,,,,,,
,3apos.swipely.com,34.231.80.4,,"ns-1656.awsdns-15.co.uk, awsdns-hostmaster.amazon.com",NOERROR,,,,,,,,,
,3awww.payments.breadcrumb.com,34.231.80.4,redirect.upserve.com,"jay.ns.cloudflare.com, dns.cloudflare.com",NOERROR,,,,,,,,,
,5123313.vulnerbug.com,35.205.61.67,,,NOERROR,,,True,google,"ns1.csof.net, ns2.csof.net, ns3.csof.net, ns4.csof.net, ns5.csof.net, ns6.csof.net, ns7.csof.net, ns8.csof.net",,,"mx1.csof.net, mx2.csof.net","v=spf1 include:_incspfcheck.mailspike.net -all, v=DMARC1; p=reject; rua=mailto:dmarc_report@mail.liamfactory.com; ruf=mailto:dmarc_report@mail.liamfactory.com; fo=1; pct=100"
,55555.payments.breadcrumb.com,34.231.80.4,redirect.upserve.com,"jay.ns.cloudflare.com, dns.cloudflare.com",NOERROR,,,,,,,,,
,645892349820.vulnerbug.com,35.205.61.67,,,NOERROR,,,True,google,"ns8.csof.net, ns3.csof.net, ns1.csof.net, ns7.csof.net, ns5.csof.net, ns6.csof.net, ns4.csof.net, ns2.csof.net",,,"mx2.csof.net, mx1.csof.net","v=DMARC1; p=reject; rua=mailto:dmarc_report@mail.liamfactory.com; ruf=mailto:dmarc_report@mail.liamfactory.com; fo=1; pct=100, v=spf1 include:_incspfcheck.mailspike.net -all"
,6qn.swipely.com,34.231.80.4,,"ns-1656.awsdns-15.co.uk, awsdns-hostmaster.amazon.com",NOERROR,,,,,,,,,
,717orders.upserve.com,34.231.80.4,redirect.upserve.com,"jay.ns.cloudflare.com, dns.cloudflare.com",NOERROR,,,,,,,,,
,830.upserve.com,"167.89.123.54, 167.89.123.124, 167.89.118.83, 167.89.118.52",sendgrid.net,"ns10.dnsmadeeasy.com, dns.dnsmadeeasy.com",NOERROR,,"godaddy.com, amazonaws.com",,,"ns12.dnsmadeeasy.com, ns10.dnsmadeeasy.com, ns14.dnsmadeeasy.com, ns13.dnsmadeeasy.com, ns11.dnsmadeeasy.com, ns15.dnsmadeeasy.com",,,"mx2.sendgrid.net, mx.sendgrid.net","google-site-verification=1UEf8ey-RibUjY6gnpqIZFjWNqMknmeyeHz1zTmj0DE, p8bnb2lp424dkl3c4io1aemiei, mailru-verification: 2e3995fa8a7d00e0, v=spf1 ip4:167.89.0.0/17 ip4:208.117.48.0/20 ip4:50.31.32.0/19 ip4:198.37.144.0/20 ip4:198.21.0.0/21 ip4:192.254.112.0/20 ip4:168.245.0.0/17 ip4:149.72.0.0/16 ip4:159.183.0.0/16 include:ab.sendgrid.net ~all"
,aaaaaaaahhhh.upserve.com,34.231.80.4,redirect.upserve.com,"jay.ns.cloudflare.com, dns.cloudflare.com",NOERROR,,,,,,,,,
,aaaaaaaak.upserve.com,34.231.80.4,redirect.upserve.com,"jay.ns.cloudflare.com, dns.cloudflare.com",NOERROR,,,,,,,,,
,aaaaaabadddd.upserve.com,34.231.80.4,redirect.upserve.com,"jay.ns.cloudflare.com, dns.cloudflare.com",NOERROR,,,,,,,,,
,aaaaaabbbbag.upserve.com,34.231.80.4,redirect.upserve.com,"jay.ns.cloudflare.com, dns.cloudflare.com",NOERROR,,,,,,,,,
,aaaaaabcaaaa.upserve.com,34.231.80.4,redirect.upserve.com,"jay.ns.cloudflare.com, dns.cloudflare.com",NOERROR,,,,,,,,,
,aaaaaabhgggg.upserve.com,34.231.80.4,redirect.upserve.com,"jay.ns.cloudflare.com, dns.cloudflare.com",NOERROR,,,,,,,,,
,aaaaaaczyyyy.upserve.com,34.231.80.4,redirect.upserve.com,"jay.ns.cloudflare.com, dns.cloudflare.com",NOERROR,,,,,,,,,
,aaaaaadlkkkk.upserve.com,,redirect.upserve.com,"jay.ns.cloudflare.com, dns.cloudflare.com",NOERROR,,,,,,,,,
,aaaaaaegffff.upserve.com,34.231.80.4,redirect.upserve.com,"jay.ns.cloudflare.com, dns.cloudflare.com",NOERROR,,,,,,,,,
,aaaaaaf.upserve.com,34.231.80.4,redirect.upserve.com,"jay.ns.cloudflare.com, dns.cloudflare.com",NOERROR,,,,,,,,,
,aaaaaafaiiii.upserve.com,34.231.80.4,redirect.upserve.com,"jay.ns.cloudflare.com, dns.cloudflare.com",NOERROR,,,,,,,,,
,aaaaaah.upserve.com,34.231.80.4,redirect.upserve.com,"jay.ns.cloudflare.com, dns.cloudflare.com",NOERROR,,,,,,,,,
,aaaaaaloha.upserve.com,34.231.80.4,redirect.upserve.com,"jay.ns.cloudflare.com, dns.cloudflare.com",NOERROR,,,,,,,,,
,aaaaaap.upserve.com,34.231.80.4,redirect.upserve.com,"jay.ns.cloudflare.com, dns.cloudflare.com",NOERROR,,,,,,,,,
,aaaaaatea.upserve.com,34.231.80.4,redirect.upserve.com,"jay.ns.cloudflare.com, dns.cloudflare.com",NOERROR,,,,,,,,,
,aaaaabaaabbu.upserve.com,34.231.80.4,redirect.upserve.com,"jay.ns.cloudflare.com, dns.cloudflare.com",NOERROR,,,,,,,,,
,aaaaabaihhhh.upserve.com,34.231.80.4,redirect.upserve.com,"jay.ns.cloudflare.com, dns.cloudflare.com",NOERROR,,,,,,,,,
,aaaaabbbcccc.upserve.com,34.231.80.4,redirect.upserve.com,"jay.ns.cloudflare.com, dns.cloudflare.com",NOERROR,,,,,,,,,
,aboshopcareers.upserve.com,34.231.80.4,redirect.upserve.com,"jay.ns.cloudflare.com, dns.cloudflare.com",NOERROR,,,,,,,,,
,academy.upserve.com,34.231.80.4,redirect.upserve.com,"jay.ns.cloudflare.com, dns.cloudflare.com",NOERROR,,,,,,,,,
,accounting.upserve.com,34.231.80.4,redirect.upserve.com,"jay.ns.cloudflare.com, dns.cloudflare.com",NOERROR,,,,,,,,,
,adam.upserve.com,34.231.80.4,redirect.upserve.com,"jay.ns.cloudflare.com, dns.cloudflare.com",NOERROR,,,,,,,,,
,administrators.ecs-lb.breadcrumb.com,34.231.80.4,redirect.upserve.com,"jay.ns.cloudflare.com, dns.cloudflare.com",NOERROR,,,,,,,,,
,aet-8-2-2.euyansanantivirus.swipely.com,34.231.80.4,,"ns-1656.awsdns-15.co.uk, awsdns-hostmaster.amazon.com",NOERROR,,,,,,,,,
,afiliados.upserve.com,34.231.80.4,redirect.upserve.com,"jay.ns.cloudflare.com, dns.cloudflare.com",NOERROR,,,,,,,,,
,ak.ecs-lb.breadcrumb.com,34.231.80.4,redirect.upserve.com,"jay.ns.cloudflare.com, dns.cloudflare.com",NOERROR,,,,,,,,,
,albuquerque.upserve.com,34.231.80.4,redirect.upserve.com,"jay.ns.cloudflare.com, dns.cloudflare.com",NOERROR,,,,,,,,,
,another.users.webrecetasculinarias.mytumblingthoughts.cards.swipely.com,34.231.80.4,,"ns-1656.awsdns-15.co.uk, awsdns-hostmaster.amazon.com",NOERROR,,,,,,,,,
,apac.beta.swipely.com,34.231.80.4,,"ns-1656.awsdns-15.co.uk, awsdns-hostmaster.amazon.com",NOERROR,,,,,,,,,
,api-docs.upserve.com,"104.18.9.20, 104.18.8.20",,"jay.ns.cloudflare.com, dns.cloudflare.com",NOERROR,"2606:4700::6812:914, 2606:4700::6812:814",,True,cloudflare,,,,,
,api-internal.breadcrumb.com,"10.18.100.61, 10.18.100.69, 10.18.100.85",internal-p-alb-internal-1521728589.us-east-1.elb.amazonaws.com,"ns-1119.awsdns-11.org, awsdns-hostmaster.amazon.com",NOERROR,,,,,,True,"10.18.100.61, 10.18.100.69, 10.18.100.85",,
,api-internal.staging.breadcrumb.com,"10.18.10.56, 10.18.10.72, 10.18.10.86",internal-s-alb-internal-2132448727.us-east-1.elb.amazonaws.com,"ns-1119.awsdns-11.org, awsdns-hostmaster.amazon.com",NOERROR,,,,,,True,"10.18.10.56, 10.18.10.72, 10.18.10.86",,
,api.breadcrumb.com,"34.226.110.224, 35.171.15.230",p-alb-external-235947716.us-east-1.elb.amazonaws.com,"ns-1119.awsdns-11.org, awsdns-hostmaster.amazon.com",NOERROR,,,,,,,,,
,api.swipely.com,34.231.80.4,,"ns-1656.awsdns-15.co.uk, awsdns-hostmaster.amazon.com",NOERROR,,,,,,,,,
,api.upserve.com,34.231.80.4,redirect.upserve.com,"jay.ns.cloudflare.com, dns.cloudflare.com",NOERROR,,,,,,,,,
,api2.breadcrumb.com,"35.171.15.230, 34.226.110.224",p-alb-external-235947716.us-east-1.elb.amazonaws.com,"ns-1119.awsdns-11.org, awsdns-hostmaster.amazon.com",NOERROR,,,,,,,,,
,api2.staging.breadcrumb.com,,internal-s-alb-external-603211658.us-east-1.elb.amazonaws.com,"ns-1119.awsdns-11.org, awsdns-hostmaster.amazon.com",NOERROR,,,,,,,,,
,app.internal.upserve.com,"10.10.103.78, 10.10.103.89",internal-p-alb-internal-197975934.us-east-1.elb.amazonaws.com,"ns-1119.awsdns-11.org, awsdns-hostmaster.amazon.com",NOERROR,,,,,,True,"10.10.103.78, 10.10.103.89",,
,app.staging.upserve.com,"10.10.103.203, 10.10.103.236",internal-s-alb-external-1342464096.us-east-1.elb.amazonaws.com,"ns-1119.awsdns-11.org, awsdns-hostmaster.amazon.com",NOERROR,,,,,,True,"10.10.103.203, 10.10.103.236",,
,app.upserve.com,"18.214.22.211, 18.208.5.92",p-alb-external-1439100395.us-east-1.elb.amazonaws.com,"ns-1119.awsdns-11.org, awsdns-hostmaster.amazon.com",NOERROR,,,,,,,,,
,appservice-componentmetadata.virus1.swipely.com,34.231.80.4,,"ns-1656.awsdns-15.co.uk, awsdns-hostmaster.amazon.com",NOERROR,,,,,,,,,
,arizona.ecs-lb.breadcrumb.com,34.231.80.4,redirect.upserve.com,"jay.ns.cloudflare.com, dns.cloudflare.com",NOERROR,,,,,,,,,
,asterix.ecs-lb.breadcrumb.com,34.231.80.4,redirect.upserve.com,"jay.ns.cloudflare.com, dns.cloudflare.com",NOERROR,,,,,,,,,
,atl-prd-esmasdata-02b.euyansanantivirus.swipely.com,34.231.80.4,,"ns-1656.awsdns-15.co.uk, awsdns-hostmaster.amazon.com",NOERROR,,,,,,,,,
,atmorders.upserve.com,34.231.80.4,redirect.upserve.com,"jay.ns.cloudflare.com, dns.cloudflare.com",NOERROR,,,,,,,,,
,auth.breadcrumb.com,"34.226.110.224, 35.171.15.230",p-alb-external-235947716.us-east-1.elb.amazonaws.com,"ns-1119.awsdns-11.org, awsdns-hostmaster.amazon.com",NOERROR,,,,,,,,,
,auth.staging.breadcrumb.com,"10.18.10.43, 10.18.10.23",internal-s-alb-external-603211658.us-east-1.elb.amazonaws.com,"ns-1119.awsdns-11.org, awsdns-hostmaster.amazon.com",NOERROR,,,,,"ns-1119.awsdns-11.org, ns-1793.awsdns-32.co.uk, ns-235.awsdns-29.com, ns-934.awsdns-52.net",True,"10.18.10.43, 10.18.10.23",,
,auth.upserve.com,34.231.80.4,redirect.upserve.com,"jay.ns.cloudflare.com, dns.cloudflare.com",NOERROR,,,,,,,,,
,az7y.www.virus.swipely.com,34.231.80.4,,"ns-1656.awsdns-15.co.uk, awsdns-hostmaster.amazon.com",NOERROR,,,,,,,,,
,b.breadcrumb.com,34.231.80.4,redirect.upserve.com,"jay.ns.cloudflare.com, dns.cloudflare.com",NOERROR,,,,,,,,,
,bastion.swipely.com,54.84.158.178,,"ns-1656.awsdns-15.co.uk, awsdns-hostmaster.amazon.com",NOERROR,,,,,,,,,
,batmanorders.upserve.com,34.231.80.4,redirect.upserve.com,"jay.ns.cloudflare.com, dns.cloudflare.com",NOERROR,,,,,,,,,
,bdc.ecs-lb.breadcrumb.com,34.231.80.4,redirect.upserve.com,"jay.ns.cloudflare.com, dns.cloudflare.com",NOERROR,,,,,,,,,
,beautystore.upserve.com,34.231.80.4,redirect.upserve.com,"jay.ns.cloudflare.com, dns.cloudflare.com",NOERROR,,,,,,,,,
,beehive-test.hq.breadcrumb.com,34.231.80.4,redirect.upserve.com,"jay.ns.cloudflare.com, dns.cloudflare.com",NOERROR,,,,,,,,,
,beta.swipely.com,34.67.27.80,swipely.com,"ns-1656.awsdns-15.co.uk, awsdns-hostmaster.amazon.com",NOERROR,,,True,google,"ns-1193.awsdns-21.org, ns-1656.awsdns-15.co.uk, ns-322.awsdns-40.com, ns-696.awsdns-23.net",,,"aspmx.l.google.com, alt1.aspmx.l.google.com, alt2.aspmx.l.google.com, aspmx2.googlemail.com, aspmx3.googlemail.com, aspmx4.googlemail.com, aspmx5.googlemail.com","apple-domain-verification=SkSTe18Og9OquiwY, google-site-verification=KJ8pVVmxNDZjg6ZOZ6oMzEUaRbrp-iog3rRr-w1lFPw, google-site-verification=wdO04bf2qCLSJMWa84cyxnxCH_KxZxuO3ta6Sykqcyk, v=spf1 a mx include:aspmx.googlemail.com include:sendgrid.net include:mktomail.com include:email.freshservice.com -all"
,blk-140-186-238.swipely.com,34.231.80.4,,"ns-1656.awsdns-15.co.uk, awsdns-hostmaster.amazon.com",NOERROR,,,,,"ns-1193.awsdns-21.org, ns-1656.awsdns-15.co.uk, ns-322.awsdns-40.com, ns-696.awsdns-23.net",,,,
,blog.swipely.com,34.67.27.80,www.swipely.com,"ns-1656.awsdns-15.co.uk, awsdns-hostmaster.amazon.com",NOERROR,,,True,google,,,,,
,boyinbocaipingtaisongcaijin.upserve.com,,redirect.upserve.com,"jay.ns.cloudflare.com, dns.cloudflare.com",NOERROR,,,,,,,,,
,breadcrumb.com,34.67.27.80,,"ns-1538.awsdns-00.co.uk, awsdns-hostmaster.amazon.com",NOERROR,,,True,google,"ns-154.awsdns-19.com, ns-541.awsdns-03.net, ns-1430.awsdns-50.org, ns-1538.awsdns-00.co.uk",,,"alt1.aspmx.l.google.com, alt2.aspmx.l.google.com, aspmx2.googlemail.com, aspmx3.googlemail.com, aspmx4.googlemail.com, aspmx5.googlemail.com, aspmx.l.google.com","google-site-verification=QNyX43U2HX-QpZB-9C9k5LwVyAF4qzka3_vd9l14yYM, google-site-verification=WEp8TVkItWJ6vuXQgr2jvEypI71FiCgBh6uBrG760Oo, status-page-domain-verification=g6zt5hs5nsh8, v=spf1 include:_spf.google.com include:spf.groupon.com include:spf.mandrillapp.com include:stspg-customer.com ~all, google-site-verification=GAYpHgZ_Cey9zKqEc2Kv-i8De6ZslJNUbYcOQlFJvGc"
,brillant.api.swipely.com,34.231.80.4,,"ns-1656.awsdns-15.co.uk, awsdns-hostmaster.amazon.com",NOERROR,,,,,,,,,
,bs.ecs-lb.breadcrumb.com,34.231.80.4,redirect.upserve.com,"jay.ns.cloudflare.com, dns.cloudflare.com",NOERROR,,,,,,,,,
,business.mapping.breadcrumb.com,34.231.80.4,redirect.upserve.com,"jay.ns.cloudflare.com, dns.cloudflare.com",NOERROR,,,,,,,,,
,cagteamhelp.upserve.com,34.231.80.4,redirect.upserve.com,"jay.ns.cloudflare.com, dns.cloudflare.com",NOERROR,,,,,,,,,
,calendar.swipely.com,142.250.185.83,ghs.google.com,"ns1.google.com, dns-admin.google.com",NOERROR,2a00:1450:4001:80e::2013,,,,,,,,
,calendar.upserve.com,172.253.63.121,ghs.google.com,"ns1.google.com, dns-admin.google.com",NOERROR,2607:f8b0:4004:c08::79,,,,,,,,
,california.ecs-lb.breadcrumb.com,34.231.80.4,redirect.upserve.com,"jay.ns.cloudflare.com, dns.cloudflare.com",NOERROR,,,,,,,,,
,camden.upserve.com,34.231.80.4,redirect.upserve.com,"jay.ns.cloudflare.com, dns.cloudflare.com",NOERROR,,,,,,,,,
,careers-cms1.swipely.com,34.231.80.4,,"ns-1656.awsdns-15.co.uk, awsdns-hostmaster.amazon.com",NOERROR,,,,,,,,,
,careers.ecs-lb.breadcrumb.com,34.231.80.4,redirect.upserve.com,"jay.ns.cloudflare.com, dns.cloudflare.com",NOERROR,,,,,,,,,
,careers.swipely.com,34.231.80.4,,"ns-1656.awsdns-15.co.uk, awsdns-hostmaster.amazon.com",NOERROR,,,,,,,,,
,careers.upserve.com,34.231.80.4,redirect.upserve.com,"jay.ns.cloudflare.com, dns.cloudflare.com",NOERROR,,,,,,,,,
,cba9.hq.breadcrumb.com,34.231.80.4,redirect.upserve.com,"jay.ns.cloudflare.com, dns.cloudflare.com",NOERROR,,,,,,,,,
,cc-epo-ah4.swipely.com,34.231.80.4,,"ns-1656.awsdns-15.co.uk, awsdns-hostmaster.amazon.com",NOERROR,,,,,,,,,
,cdn.ecs-lb.breadcrumb.com,,redirect.upserve.com,"jay.ns.cloudflare.com, dns.cloudflare.com",NOERROR,,,,,,,,,
,cfd-demokontocareers.upserve.com,34.231.80.4,redirect.upserve.com,"jay.ns.cloudflare.com, dns.cloudflare.com",NOERROR,,,,,,,,,
,check.ecs-lb.breadcrumb.com,34.231.80.4,redirect.upserve.com,"jay.ns.cloudflare.com, dns.cloudflare.com",NOERROR,,,,,,,,,
,chglog.c.swipely.com,34.231.80.4,,"ns-1656.awsdns-15.co.uk, awsdns-hostmaster.amazon.com",NOERROR,,,,,,,,,
,classifier.upserve.com,,d14fqxsuc784h2.cloudfront.net,"ns-604.awsdns-11.net, awsdns-hostmaster.amazon.com",NOERROR,,,True,cloudfront,"ns-1735.awsdns-24.co.uk, ns-201.awsdns-25.com, ns-604.awsdns-11.net, ns-1485.awsdns-57.org",,,,
,click.upserve.com,"167.89.123.54, 167.89.123.124, 167.89.118.83, 167.89.118.52",sendgrid.net,,NOERROR,,"godaddy.com, amazonaws.com",,,,,,,
,click2govteamhelp.upserve.com,34.231.80.4,redirect.upserve.com,"jay.ns.cloudflare.com, dns.cloudflare.com",NOERROR,,,,,,,,,
,community.swipely.com,"13.110.33.12, 13.110.34.140, 13.110.35.140","community.swipely.com.live.siteforce.com, upservepos.my.salesforce-sites.com, na105.salesforce.com, na105-ia2.salesforce.com, na105-ia2.ia2.r.salesforce.com","ns1-ia2.salesforce.com, hostmaster.salesforce.com",NOERROR,,,,,,,,,
,compras.upserve.com,34.231.80.4,redirect.upserve.com,"jay.ns.cloudflare.com, dns.cloudflare.com",NOERROR,,,,,,,,,
,config.internal.upserve.com,"10.10.103.78, 10.10.103.89",internal-p-alb-internal-197975934.us-east-1.elb.amazonaws.com,"ns-1119.awsdns-11.org, awsdns-hostmaster.amazon.com",NOERROR,,,,,,True,"10.10.103.78, 10.10.103.89",,
,confluence.itg.swipely.com,34.231.80.4,,"ns-1656.awsdns-15.co.uk, awsdns-hostmaster.amazon.com",NOERROR,,,,,,,,,
,confluence.pci.upserve.com,34.231.80.4,redirect.upserve.com,"jay.ns.cloudflare.com, dns.cloudflare.com",NOERROR,,,,,,,,,
,console.www.virus.swipely.com,34.231.80.4,,"ns-1656.awsdns-15.co.uk, awsdns-hostmaster.amazon.com",NOERROR,,,,,,,,,
,corp.swipely.com,34.231.80.4,,"ns-1656.awsdns-15.co.uk, awsdns-hostmaster.amazon.com",NOERROR,,,,,,,,,
,cpanel.en.upserve.com,34.231.80.4,redirect.upserve.com,"jay.ns.cloudflare.com, dns.cloudflare.com",NOERROR,,,,,,,,,
,cpanel.mj.swipely.com,,,"ns-1656.awsdns-15.co.uk, awsdns-hostmaster.amazon.com",NOERROR,,,,,,,,,
,cs.beta.swipely.com,34.231.80.4,,"ns-1656.awsdns-15.co.uk, awsdns-hostmaster.amazon.com",NOERROR,,,,,,,,,
,cust105.ecs-lb.breadcrumb.com,34.231.80.4,redirect.upserve.com,"jay.ns.cloudflare.com, dns.cloudflare.com",NOERROR,,,,,,,,,
,cust107.ecs-lb.breadcrumb.com,34.231.80.4,redirect.upserve.com,"jay.ns.cloudflare.com, dns.cloudflare.com",NOERROR,,,,,,,,,
,cust115.upserve.com,34.231.80.4,redirect.upserve.com,"jay.ns.cloudflare.com, dns.cloudflare.com",NOERROR,,,,,,,,,
,cust28.upserve.com,34.231.80.4,redirect.upserve.com,"jay.ns.cloudflare.com, dns.cloudflare.com",NOERROR,,,,,,,,,
,cust48.ecs-lb.breadcrumb.com,34.231.80.4,redirect.upserve.com,"jay.ns.cloudflare.com, dns.cloudflare.com",NOERROR,,,,,,,,,
,cust79.ecs-lb.breadcrumb.com,34.231.80.4,redirect.upserve.com,"jay.ns.cloudflare.com, dns.cloudflare.com",NOERROR,,,,,,,,,
,d159-38.vulnerbug.com,35.205.61.67,,,NOERROR,,,True,google,,,,,
,d2evh2mef3r450.cloudfront.net,"13.225.29.30, 13.225.29.102, 13.225.29.69, 13.225.29.44",,"ns-596.awsdns-10.net, awsdns-hostmaster.amazon.com",NOERROR,"2600:9000:219c:b800:1f:948b:2d00:21, 2600:9000:219c:ba00:1f:948b:2d00:21, 2600:9000:219c:2600:1f:948b:2d00:21, 2600:9000:219c:6c00:1f:948b:2d00:21, 2600:9000:219c:7600:1f:948b:2d00:21, 2600:9000:219c:5400:1f:948b:2d00:21, 2600:9000:219c:7400:1f:948b:2d00:21, 2600:9000:219c:c200:1f:948b:2d00:21",,True,cloudfront,"ns-596.awsdns-10.net, ns-60.awsdns-07.com, ns-1805.awsdns-33.co.uk, ns-1194.awsdns-21.org",,,,
,datongsijiazhentanteamhelp.upserve.com,34.231.80.4,redirect.upserve.com,"jay.ns.cloudflare.com, dns.cloudflare.com",NOERROR,,,,,,,,,
,dazhongyulechengorders.upserve.com,34.231.80.4,redirect.upserve.com,"jay.ns.cloudflare.com, dns.cloudflare.com",NOERROR,,,,,,,,,
,dealers.ecs-lb.breadcrumb.com,34.231.80.4,redirect.upserve.com,"jay.ns.cloudflare.com, dns.cloudflare.com",NOERROR,,,,,,,,,
,demopo.upserve.com,34.231.80.4,redirect.upserve.com,"jay.ns.cloudflare.com, dns.cloudflare.com",NOERROR,,,,,,,,,
,dev-antivirus.swipely.com,34.231.80.4,,"ns-1656.awsdns-15.co.uk, awsdns-hostmaster.amazon.com",NOERROR,,,,,,,,,
,dev.swipely.com,34.231.80.4,,"ns-1656.awsdns-15.co.uk, awsdns-hostmaster.amazon.com",NOERROR,,,,,,,,,
,dev1-wwwstore.upserve.com,34.231.80.4,redirect.upserve.com,"jay.ns.cloudflare.com, dns.cloudflare.com",NOERROR,,,,,,,,,
,develapi.stagingheimdall.upserve.com,34.231.80.4,redirect.upserve.com,"jay.ns.cloudflare.com, dns.cloudflare.com",NOERROR,,,,,,,,,
,device2307096-ec21efd2-local.upserve.com,34.231.80.4,redirect.upserve.com,"jay.ns.cloudflare.com, dns.cloudflare.com",NOERROR,,,,,,,,,
,dlwodus.careers.swipely.com,34.231.80.4,,"ns-1656.awsdns-15.co.uk, awsdns-hostmaster.amazon.com",NOERROR,,,,,,,,,
,docs.swipely.com,142.250.185.83,ghs.google.com,"ns1.google.com, dns-admin.google.com",NOERROR,2a00:1450:4001:80e::2013,,,,,,,,
,docs.upserve.com,34.231.80.4,redirect.upserve.com,"jay.ns.cloudflare.com, dns.cloudflare.com",NOERROR,,,,,,,,,
,dominos.virus1.swipely.com,34.231.80.4,,"ns-1656.awsdns-15.co.uk, awsdns-hostmaster.amazon.com",NOERROR,,,,,,,,,
,downloads.ecs-lb.breadcrumb.com,34.231.80.4,redirect.upserve.com,"jay.ns.cloudflare.com, dns.cloudflare.com",NOERROR,,,,,,,,,
,eccgw.swipely.com,34.231.80.4,,"ns-1656.awsdns-15.co.uk, awsdns-hostmaster.amazon.com",NOERROR,,,,,,,,,
,ecs-external.lb.pci.upserve.com,"34.236.204.156, 174.129.254.181",p-alb-external-1926531697.us-east-1.elb.amazonaws.com,"ns-1119.awsdns-11.org, awsdns-hostmaster.amazon.com",NOERROR,,,,,,,,,
,ecs-lb.internal.upserve.com,10.10.103.87,ecs-production-internal.lb.upserve.com,"ns-148.awsdns-18.com, awsdns-hostmaster.amazon.com",NOERROR,,,,,,True,10.10.103.87,,
,ecs-productioning.hq.breadcrumb.com,34.231.80.4,redirect.upserve.com,"jay.ns.cloudflare.com, dns.cloudflare.com",NOERROR,,,,,"ns-1430.awsdns-50.org, ns-1538.awsdns-00.co.uk, ns-154.awsdns-19.com, ns-541.awsdns-03.net",,,,
,ecs-srq1.hq.breadcrumb.com,34.231.80.4,redirect.upserve.com,"jay.ns.cloudflare.com, dns.cloudflare.com",NOERROR,,,,,,,,,
,ecslb.breadcrumb.com,34.231.80.4,redirect.upserve.com,"jay.ns.cloudflare.com, dns.cloudflare.com",NOERROR,,,,,,,,,
,ecslb.upserve.com,34.231.80.4,redirect.upserve.com,"jay.ns.cloudflare.com, dns.cloudflare.com",NOERROR,,,,,,,,,
,elasticbeanstalkredirectaccept-domain.euyansanantivirus.swipely.com,34.231.80.4,,"ns-1656.awsdns-15.co.uk, awsdns-hostmaster.amazon.com",NOERROR,,,,,"ns-1193.awsdns-21.org, ns-1656.awsdns-15.co.uk, ns-322.awsdns-40.com, ns-696.awsdns-23.net",,,,
,employerresources.upserve.com,34.231.80.4,redirect.upserve.com,"jay.ns.cloudflare.com, dns.cloudflare.com",NOERROR,,,,,,,,,
,engagement.swipely.com,"167.89.123.124, 167.89.118.83, 167.89.118.52, 167.89.123.54",sendgrid.net,"ns10.dnsmadeeasy.com, dns.dnsmadeeasy.com",NOERROR,,"amazonaws.com, godaddy.com",,,"ns13.dnsmadeeasy.com, ns11.dnsmadeeasy.com, ns14.dnsmadeeasy.com, ns15.dnsmadeeasy.com, ns12.dnsmadeeasy.com, ns10.dnsmadeeasy.com",,,"mx2.sendgrid.net, mx.sendgrid.net","p8bnb2lp424dkl3c4io1aemiei, v=spf1 ip4:167.89.0.0/17 ip4:208.117.48.0/20 ip4:50.31.32.0/19 ip4:198.37.144.0/20 ip4:198.21.0.0/21 ip4:192.254.112.0/20 ip4:168.245.0.0/17 ip4:149.72.0.0/16 ip4:159.183.0.0/16 include:ab.sendgrid.net ~all, google-site-verification=1UEf8ey-RibUjY6gnpqIZFjWNqMknmeyeHz1zTmj0DE, mailru-verification: 2e3995fa8a7d00e0"
,engineering.swipely.com,34.67.27.80,swipely.com,"ns-1656.awsdns-15.co.uk, awsdns-hostmaster.amazon.com",NOERROR,,,True,google,"ns-1193.awsdns-21.org, ns-1656.awsdns-15.co.uk, ns-322.awsdns-40.com, ns-696.awsdns-23.net",,,"aspmx.l.google.com, alt1.aspmx.l.google.com, alt2.aspmx.l.google.com, aspmx2.googlemail.com, aspmx3.googlemail.com, aspmx4.googlemail.com, aspmx5.googlemail.com","apple-domain-verification=SkSTe18Og9OquiwY, google-site-verification=KJ8pVVmxNDZjg6ZOZ6oMzEUaRbrp-iog3rRr-w1lFPw, google-site-verification=wdO04bf2qCLSJMWa84cyxnxCH_KxZxuO3ta6Sykqcyk, v=spf1 a mx include:aspmx.googlemail.com include:sendgrid.net include:mktomail.com include:email.freshservice.com -all"
,eqhealthcare.syncovh.swipely.com,34.231.80.4,,"ns-1656.awsdns-15.co.uk, awsdns-hostmaster.amazon.com",NOERROR,,,,,,,,,
,et.upserve.com,34.231.80.4,redirect.upserve.com,"jay.ns.cloudflare.com, dns.cloudflare.com",NOERROR,,,,,,,,,
,europe1.vulnerbug.com,35.205.61.67,,,NOERROR,,,True,google,"ns5.csof.net, ns4.csof.net, ns2.csof.net, ns8.csof.net, ns6.csof.net, ns7.csof.net, ns1.csof.net, ns3.csof.net",,,"mx1.csof.net, mx2.csof.net","v=DMARC1; p=reject; rua=mailto:dmarc_report@mail.liamfactory.com; ruf=mailto:dmarc_report@mail.liamfactory.com; fo=1; pct=100, v=spf1 include:_incspfcheck.mailspike.net -all"
,fbipbeshost01.upserve.com,34.231.80.4,redirect.upserve.com,"jay.ns.cloudflare.com, dns.cloudflare.com",NOERROR,,,,,,,,,
,feeds.upserve.com,34.231.80.4,redirect.upserve.com,"jay.ns.cloudflare.com, dns.cloudflare.com",NOERROR,,,,,,,,,
,foodiesayswhat.swipely.com,54.209.194.164,,"ns-1656.awsdns-15.co.uk, awsdns-hostmaster.amazon.com",NOERROR,,,,,,,,,
,formidresources.upserve.com,34.231.80.4,redirect.upserve.com,"jay.ns.cloudflare.com, dns.cloudflare.com",NOERROR,,,,,,,,,
,freakyfresh.fr.upserve.com,34.231.80.4,redirect.upserve.com,"jay.ns.cloudflare.com, dns.cloudflare.com",NOERROR,,,,,,,,,
,fw.ecs-lb.breadcrumb.com,34.231.80.4,redirect.upserve.com,"jay.ns.cloudflare.com, dns.cloudflare.com",NOERROR,,,,,,,,,
,gate.upserve.com,34.231.80.4,redirect.upserve.com,"jay.ns.cloudflare.com, dns.cloudflare.com",NOERROR,,,,,,,,,
,gearworks.business.mapping.breadcrumb.com,34.231.80.4,redirect.upserve.com,"jay.ns.cloudflare.com, dns.cloudflare.com",NOERROR,,,,,,,,,
,george.ecs-lb.breadcrumb.com,34.231.80.4,redirect.upserve.com,"jay.ns.cloudflare.com, dns.cloudflare.com",NOERROR,,,,,,,,,
,get.upserve.com,"104.18.9.20, 104.18.8.20",,"jay.ns.cloudflare.com, dns.cloudflare.com",NOERROR,"2606:4700::6812:914, 2606:4700::6812:814",,True,cloudflare,,,,,
,go.breadcrumb.com,34.231.80.4,redirect.upserve.com,"jay.ns.cloudflare.com, dns.cloudflare.com",NOERROR,,,,,,,,,
,groups.upserve.com,142.250.150.121,ghs.google.com,"ns1.google.com, dns-admin.google.com",NOERROR,2a00:1450:4010:c0b::79,,,,,,,,
,h-135-207-134-76.euyansanantivirus.swipely.com,34.231.80.4,,"ns-1656.awsdns-15.co.uk, awsdns-hostmaster.amazon.com",NOERROR,,,,,,,,,
,h-135-207-253-66.careers.swipely.com,,,"ns-1656.awsdns-15.co.uk, awsdns-hostmaster.amazon.com",NOERROR,,,,,,,,,
,h232-133.upserve.com,,redirect.upserve.com,"jay.ns.cloudflare.com, dns.cloudflare.com",NOERROR,,,,,,,,,
,heimdall-4.upserve.com,34.231.80.4,redirect.upserve.com,"jay.ns.cloudflare.com, dns.cloudflare.com",NOERROR,,,,,,,,,
,heimdall.upserve.com,"54.88.97.43, 34.205.254.179",heimdall-onelogin-access-1003238415.us-east-1.elb.amazonaws.com,"ns-1119.awsdns-11.org, awsdns-hostmaster.amazon.com",NOERROR,,,,,,,,,
,heimdall9.upserve.com,34.231.80.4,redirect.upserve.com,"jay.ns.cloudflare.com, dns.cloudflare.com",NOERROR,,,,,,,,,
,hello.upserve.com,"54.85.128.104, 18.235.9.115, 18.209.131.43",custom-tracking.salesloft.com,"ns-834.awsdns-40.net, awsdns-hostmaster.amazon.com",NOERROR,,"comodoca.com, digicert.com, letsencrypt.org, pki.goog",,,,,,,
,help-1.upserve.com,34.231.80.4,redirect.upserve.com,"jay.ns.cloudflare.com, dns.cloudflare.com",NOERROR,,,,,,,,,
,help.upserve.com,"85.222.140.13, 85.222.140.11, 85.222.140.10","help.upserve.com.00dc0000000pzj5mac.live.siteforce.com, n.edge2.salesforce.com, europe.edge2.salesforce.com, fra.edge2.salesforce.com","dns1.p02.nsone.net, hostmaster.nsone.net",NOERROR,,,,,,,,,
,home.upserve.com,34.231.80.4,redirect.upserve.com,"jay.ns.cloudflare.com, dns.cloudflare.com",NOERROR,,,,,,,,,
,hongyunyulechengorders.upserve.com,,redirect.upserve.com,"jay.ns.cloudflare.com, dns.cloudflare.com",NOERROR,,,,,,,,,
,host-214-60-75-75.645892349820.vulnerbug.com,35.205.61.67,,,NOERROR,,,True,google,,,,"mx2.csof.net, mx1.csof.net","v=DMARC1; p=reject; rua=mailto:dmarc_report@mail.liamfactory.com; ruf=mailto:dmarc_report@mail.liamfactory.com; fo=1; pct=100, v=spf1 include:_incspfcheck.mailspike.net -all"
,hostmaster.swipely.com,34.231.80.4,,"ns-1656.awsdns-15.co.uk, awsdns-hostmaster.amazon.com",NOERROR,,,,,,,,,
,hostmaster.upserve.com,34.231.80.4,redirect.upserve.com,"jay.ns.cloudflare.com, dns.cloudflare.com",NOERROR,,,,,,,,,
,hq-api.internal.upserve.com,"10.10.103.89, 10.10.103.78",internal-p-alb-internal-197975934.us-east-1.elb.amazonaws.com,"ns-1119.awsdns-11.org, awsdns-hostmaster.amazon.com",NOERROR,,,,,,True,"10.10.103.89, 10.10.103.78",,
,hq-api.staging.upserve.com,"10.10.103.236, 10.10.103.203",internal-s-alb-external-1342464096.us-east-1.elb.amazonaws.com,"ns-1119.awsdns-11.org, awsdns-hostmaster.amazon.com",NOERROR,,,,,,True,"10.10.103.236, 10.10.103.203",,
,hq-api.upserve.com,"18.214.22.211, 18.208.5.92",p-alb-external-1439100395.us-east-1.elb.amazonaws.com,"ns-1119.awsdns-11.org, awsdns-hostmaster.amazon.com",NOERROR,,,,,,,,,
,hq-aws.breadcrumb.com,"35.171.15.230, 34.226.110.224",p-alb-external-235947716.us-east-1.elb.amazonaws.com,"ns-1119.awsdns-11.org, awsdns-hostmaster.amazon.com",NOERROR,,,,,,,,,
,hq-internal.breadcrumb.com,"10.18.100.61, 10.18.100.85, 10.18.100.69",internal-p-alb-internal-1521728589.us-east-1.elb.amazonaws.com,"ns-1119.awsdns-11.org, awsdns-hostmaster.amazon.com",NOERROR,,,,,,True,"10.18.100.61, 10.18.100.85, 10.18.100.69",,
,hq-prod.breadcrumb.com,"35.171.15.230, 34.226.110.224",p-alb-external-235947716.us-east-1.elb.amazonaws.com,"ns-1119.awsdns-11.org, awsdns-hostmaster.amazon.com",NOERROR,,,,,,,,,
,hq.breadcrumb.com,"35.171.15.230, 34.226.110.224",p-alb-external-235947716.us-east-1.elb.amazonaws.com,"ns-1119.awsdns-11.org, awsdns-hostmaster.amazon.com",NOERROR,,,,,,,,,
,hq.staging.breadcrumb.com,"10.18.10.23, 10.18.10.43",internal-s-alb-external-603211658.us-east-1.elb.amazonaws.com,"ns-1119.awsdns-11.org, awsdns-hostmaster.amazon.com",NOERROR,,,,,,True,"10.18.10.23, 10.18.10.43",,
,ibg.upserve.com,,redirect.upserve.com,"jay.ns.cloudflare.com, dns.cloudflare.com",NOERROR,,,,,,,,,
,icinga01-dca1.euyansanantivirus.swipely.com,34.231.80.4,,"ns-1656.awsdns-15.co.uk, awsdns-hostmaster.amazon.com",NOERROR,,,,,,,,,
,identity.internal.upserve.com,10.10.103.87,ecs-production-internal.lb.upserve.com,"ns-148.awsdns-18.com, awsdns-hostmaster.amazon.com",NOERROR,,,,,,True,10.10.103.87,,
,images.upserve.com,34.231.80.4,redirect.upserve.com,"jay.ns.cloudflare.com, dns.cloudflare.com",NOERROR,,,,,,,,,
,info.upserve.com,34.231.80.4,redirect.upserve.com,"jay.ns.cloudflare.com, dns.cloudflare.com",NOERROR,,,,,,,,,
,internal-app.staging.upserve.com,"10.10.103.27, 10.10.103.9",internal-s-alb-internal-1803939601.us-east-1.elb.amazonaws.com,"ns-1119.awsdns-11.org, awsdns-hostmaster.amazon.com",NOERROR,,,,,,True,"10.10.103.27, 10.10.103.9",,
,internal-app.swipely.com,54.209.194.164,,"ns-1656.awsdns-15.co.uk, awsdns-hostmaster.amazon.com",NOERROR,,,,,,,,,
,internal-app.upserve.com,"10.10.103.89, 10.10.103.78",internal-p-alb-internal-197975934.us-east-1.elb.amazonaws.com,"ns-1119.awsdns-11.org, awsdns-hostmaster.amazon.com",NOERROR,,,,,,True,"10.10.103.89, 10.10.103.78",,
,internal.staging.upserve.com,,,"ns-1714.awsdns-22.co.uk, awsdns-hostmaster.amazon.com",NOERROR,,,,,"ns-1397.awsdns-46.org, ns-1714.awsdns-22.co.uk, ns-813.awsdns-37.net, ns-91.awsdns-11.com",,,,
,internal.upserve.com,,,"ns-1423.awsdns-49.org, awsdns-hostmaster.amazon.com",NOERROR,,,,,"ns-1423.awsdns-49.org, ns-151.awsdns-18.com, ns-1879.awsdns-42.co.uk, ns-890.awsdns-47.net",,,,
,intersect.upserve.com,34.231.80.4,redirect.upserve.com,"jay.ns.cloudflare.com, dns.cloudflare.com",NOERROR,,,,,,,,,
,intranet.swipely.com,,,"ns-1656.awsdns-15.co.uk, awsdns-hostmaster.amazon.com",NOERROR,,,,,,,,,
,irc.upserve.com,34.231.80.4,redirect.upserve.com,"jay.ns.cloudflare.com, dns.cloudflare.com",NOERROR,,,,,,,,,
,irm.notifications.swipely.com,34.231.80.4,,"ns-1656.awsdns-15.co.uk, awsdns-hostmaster.amazon.com",NOERROR,,,,,,,,,
,iugigapop.euyansanantivirus.swipely.com,34.231.80.4,,"ns-1656.awsdns-15.co.uk, awsdns-hostmaster.amazon.com",NOERROR,,,,,"ns-1193.awsdns-21.org, ns-1656.awsdns-15.co.uk, ns-322.awsdns-40.com, ns-696.awsdns-23.net",,,,
,jenkins.internal.upserve.com,"10.10.0.28, 10.10.0.14",internal-jenkins-internal-485265358.us-east-1.elb.amazonaws.com,"ns-1119.awsdns-11.org, awsdns-hostmaster.amazon.com",NOERROR,,,,,"ns-1119.awsdns-11.org, ns-1793.awsdns-32.co.uk, ns-235.awsdns-29.com, ns-934.awsdns-52.net",True,"10.10.0.28, 10.10.0.14",,
,jenkins.upserve.com,54.209.194.164,,"jay.ns.cloudflare.com, dns.cloudflare.com",NOERROR,,,,,,,,,
,jira.m1y.upserve.com,34.231.80.4,redirect.upserve.com,"jay.ns.cloudflare.com, dns.cloudflare.com",NOERROR,,,,,,,,,
,join.upserve.com,"104.17.73.206, 104.17.74.206, 104.17.72.206, 104.17.70.206, 104.17.71.206","swipely2.mktoweb.com, sj01.mktossl.com","bart.ns.cloudflare.com, dns.cloudflare.com",NOERROR,,,True,cloudflare,,,,,
,js.tsemmler.devhelp.upserve.com,,redirect.upserve.com,"jay.ns.cloudflare.com, dns.cloudflare.com",NOERROR,,,,,,,,,
,kp.ecs-lb.breadcrumb.com,,redirect.upserve.com,"jay.ns.cloudflare.com, dns.cloudflare.com",NOERROR,,,,,,,,,
,l.eclick.upserve.com,34.231.80.4,redirect.upserve.com,"jay.ns.cloudflare.com, dns.cloudflare.com",NOERROR,,,,,,,,,
,learn.swipely.com,34.231.80.4,,"ns-1656.awsdns-15.co.uk, awsdns-hostmaster.amazon.com",NOERROR,,,,,,,,,
,ledger.internal.upserve.com,"10.10.103.78, 10.10.103.89",internal-p-alb-internal-197975934.us-east-1.elb.amazonaws.com,"ns-1119.awsdns-11.org, awsdns-hostmaster.amazon.com",NOERROR,,,,,,True,"10.10.103.78, 10.10.103.89",,
,ledger.upserve.com,34.231.80.4,redirect.upserve.com,"jay.ns.cloudflare.com, dns.cloudflare.com",NOERROR,,,,,,,,,
,legacy-store.breadcrumb.com,34.231.80.4,redirect.upserve.com,"jay.ns.cloudflare.com, dns.cloudflare.com",NOERROR,,,,,,,,,
,lists.upserve.com,34.231.80.4,redirect.upserve.com,"jay.ns.cloudflare.com, dns.cloudflare.com",NOERROR,,,,,,,,,
,litteraturensveje.swipely.com,34.231.80.4,,"ns-1656.awsdns-15.co.uk, awsdns-hostmaster.amazon.com",NOERROR,,,,,,,,,
,log02.upserve.com,34.231.80.4,redirect.upserve.com,"jay.ns.cloudflare.com, dns.cloudflare.com",NOERROR,,,,,,,,,
,logging.breadcrumb.com,50.115.210.162,,"ns-1538.awsdns-00.co.uk, awsdns-hostmaster.amazon.com",NOERROR,,,,,,,,,
,login.staging.upserve.com,"104.18.103.2, 104.18.102.2",upserve-staging-cd-ewozn8opqjggxg3h.edge.tenants.auth0.com,"kolton.ns.cloudflare.com, dns.cloudflare.com",NOERROR,"2606:4700::6812:6602, 2606:4700::6812:6702","digicert.com, letsencrypt.org",True,cloudflare,,,,,
,login.upserve.com,"104.18.103.2, 104.18.102.2",upserve-cd-8ox8r57vsnbt92li.edge.tenants.auth0.com,"kolton.ns.cloudflare.com, dns.cloudflare.com",NOERROR,"2606:4700::6812:6702, 2606:4700::6812:6602","digicert.com, letsencrypt.org",True,cloudflare,,,,,
,logs.internal.swipely.com,"10.200.10.151, 10.200.10.62, 10.200.30.91, 10.200.30.82",,"ns-338.awsdns-42.com, awsdns-hostmaster.amazon.com",NOERROR,,,,,"ns-1998.awsdns-57.co.uk, ns-338.awsdns-42.com, ns-670.awsdns-19.net, ns-1043.awsdns-02.org",True,"10.200.10.151, 10.200.10.62, 10.200.30.91, 10.200.30.82",,
,logs.internal.upserve.com,"10.200.10.40, 10.200.20.38, 10.200.30.141",vpc-p-logs-pee5egheg4dspbchipgt7zl4aa.us-east-1.es.amazonaws.com,"ns-141.awsdns-17.com, awsdns-hostmaster.amazon.com",NOERROR,,,,,,True,"10.200.10.40, 10.200.20.38, 10.200.30.141",,
,logs.swipely.com,54.236.78.25,,"ns-1837.awsdns-37.co.uk, awsdns-hostmaster.amazon.com",NOERROR,,,,,"ns-1210.awsdns-23.org, ns-1837.awsdns-37.co.uk, ns-392.awsdns-49.com, ns-552.awsdns-05.net",,,,
,lyncdiscover.imresources.upserve.com,34.231.80.4,redirect.upserve.com,"jay.ns.cloudflare.com, dns.cloudflare.com",NOERROR,,,,,,,,,
,mailap.euyansanantivirus.swipely.com,34.231.80.4,,"ns-1656.awsdns-15.co.uk, awsdns-hostmaster.amazon.com",NOERROR,,,,,,,,,
,mailserv.ecs-lb.breadcrumb.com,34.231.80.4,redirect.upserve.com,"jay.ns.cloudflare.com, dns.cloudflare.com",NOERROR,,,,,,,,,
,mapping.breadcrumb.com,34.231.80.4,redirect.upserve.com,"jay.ns.cloudflare.com, dns.cloudflare.com",NOERROR,,,,,,,,,
,mc.upserve.com,34.231.80.4,redirect.upserve.com,"jay.ns.cloudflare.com, dns.cloudflare.com",NOERROR,,,,,,,,,
,mci.upserve.com,34.231.80.4,redirect.upserve.com,"jay.ns.cloudflare.com, dns.cloudflare.com",NOERROR,,,,,,,,,
,mediasiteorders.upserve.com,34.231.80.4,redirect.upserve.com,"jay.ns.cloudflare.com, dns.cloudflare.com",NOERROR,,,,,,,,,
,merchants.swipely.com,34.231.80.4,,"ns-1656.awsdns-15.co.uk, awsdns-hostmaster.amazon.com",NOERROR,,,,,,,,,
,messages.staging.upserve.com,"10.10.103.203, 10.10.103.236",internal-s-alb-external-1342464096.us-east-1.elb.amazonaws.com,"ns-1119.awsdns-11.org, awsdns-hostmaster.amazon.com",NOERROR,,,,,,True,"10.10.103.203, 10.10.103.236",,
,messages.upserve.com,,p-alb-external-1439100395.us-east-1.elb.amazonaws.com,"ns-1119.awsdns-11.org, awsdns-hostmaster.amazon.com",NOERROR,,,,,,,,,
,mg.upserve.com,34.231.80.4,redirect.upserve.com,"jay.ns.cloudflare.com, dns.cloudflare.com",NOERROR,,,,,,,,,
,mh.upserve.com,,redirect.upserve.com,"jay.ns.cloudflare.com, dns.cloudflare.com",NOERROR,,,,,,,,,
,mhsi-47-226-25.am.upserve.com,,redirect.upserve.com,"jay.ns.cloudflare.com, dns.cloudflare.com",NOERROR,,,,,,,,,
,mn.hq.breadcrumb.com,34.231.80.4,redirect.upserve.com,"jay.ns.cloudflare.com, dns.cloudflare.com",NOERROR,,,,,,,,,
,mossy.breadcrumb.com,"35.171.15.230, 34.226.110.224",p-alb-external-235947716.us-east-1.elb.amazonaws.com,"ns-1119.awsdns-11.org, awsdns-hostmaster.amazon.com",NOERROR,,,,,,,,,
,mossy.staging.breadcrumb.com,"10.18.10.23, 10.18.10.43",internal-s-alb-external-603211658.us-east-1.elb.amazonaws.com,"ns-1119.awsdns-11.org, awsdns-hostmaster.amazon.com",NOERROR,,,,,,True,"10.18.10.23, 10.18.10.43",,
,mr.upserve.com,34.231.80.4,redirect.upserve.com,"jay.ns.cloudflare.com, dns.cloudflare.com",NOERROR,,,,,,,,,
,mta49teamhelp.upserve.com,34.231.80.4,redirect.upserve.com,"jay.ns.cloudflare.com, dns.cloudflare.com",NOERROR,,,,,,,,,
,mytumblingthoughts.cards.swipely.com,34.231.80.4,,"ns-1656.awsdns-15.co.uk, awsdns-hostmaster.amazon.com",NOERROR,,,,,,,,,
,nam.learn.swipely.com,,,"ns-1656.awsdns-15.co.uk, awsdns-hostmaster.amazon.com",NOERROR,,,,,,,,,
,namtramy.hq.breadcrumb.com,34.231.80.4,redirect.upserve.com,"jay.ns.cloudflare.com, dns.cloudflare.com",NOERROR,,,,,,,,,
,ncards.swipely.com,,,"ns-1656.awsdns-15.co.uk, awsdns-hostmaster.amazon.com",NOERROR,,,,,,,,,
,netmailstore.upserve.com,34.231.80.4,redirect.upserve.com,"jay.ns.cloudflare.com, dns.cloudflare.com",NOERROR,,,,,,,,,
,new.upserve.com,34.231.80.4,redirect.upserve.com,"jay.ns.cloudflare.com, dns.cloudflare.com",NOERROR,,,,,,,,,
,news.upserve.com,34.231.80.4,redirect.upserve.com,"jay.ns.cloudflare.com, dns.cloudflare.com",NOERROR,,,,,,,,,
,newsfeeds.upserve.com,34.231.80.4,redirect.upserve.com,"jay.ns.cloudflare.com, dns.cloudflare.com",NOERROR,,,,,,,,,
,notifications.upserve.com,,u830.wl081.sendgrid.net,"aisha.ns.cloudflare.com, dns.cloudflare.com",NOERROR,,,,,,,,,
,novell.upserve.com,34.231.80.4,redirect.upserve.com,"jay.ns.cloudflare.com, dns.cloudflare.com",NOERROR,,,,,,,,,
,nteamhelp.upserve.com,34.231.80.4,redirect.upserve.com,"jay.ns.cloudflare.com, dns.cloudflare.com",NOERROR,,,,,,,,,
,ntheacademy.upserve.com,34.231.80.4,redirect.upserve.com,"jay.ns.cloudflare.com, dns.cloudflare.com",NOERROR,,,,,,,,,
,o1.engagement.swipely.com,208.115.239.116,,"ns-1656.awsdns-15.co.uk, awsdns-hostmaster.amazon.com",NOERROR,,,,,,,,,
,o2.notifications.swipely.com,167.89.9.173,,"ns-1656.awsdns-15.co.uk, awsdns-hostmaster.amazon.com",NOERROR,,,,,,,,,
,ocfanet.upserve.com,34.231.80.4,redirect.upserve.com,"jay.ns.cloudflare.com, dns.cloudflare.com",NOERROR,,,,,,,,,
,online-booking.webrecetasculinarias.mytumblingthoughts.cards.swipely.com,34.231.80.4,,"ns-1656.awsdns-15.co.uk, awsdns-hostmaster.amazon.com",NOERROR,,,,,,,,,
,onlineordering.upserve.com,34.67.27.80,,"jay.ns.cloudflare.com, dns.cloudflare.com",NOERROR,,,True,google,,,,,ca3-cc3f13f5b74345eaa8e583cf08d962ca
,optionversions.upserve.com,,redirect.upserve.com,"jay.ns.cloudflare.com, dns.cloudflare.com",NOERROR,,,,,,,,,
,orders.internal.upserve.com,"10.10.103.89, 10.10.103.78",internal-p-alb-internal-197975934.us-east-1.elb.amazonaws.com,"ns-1119.awsdns-11.org, awsdns-hostmaster.amazon.com",NOERROR,,,,,,True,"10.10.103.89, 10.10.103.78",,
,orders.staging.upserve.com,"10.10.103.203, 10.10.103.236",internal-s-alb-external-1342464096.us-east-1.elb.amazonaws.com,"ns-1119.awsdns-11.org, awsdns-hostmaster.amazon.com",NOERROR,,,,,,True,"10.10.103.203, 10.10.103.236",,
,orders.upserve.com,,p-alb-external-1439100395.us-east-1.elb.amazonaws.com,"ns-1119.awsdns-11.org, awsdns-hostmaster.amazon.com",NOERROR,,,,,,,,,
,ovpn.corp.swipely.com,54.208.79.103,,"ns-1656.awsdns-15.co.uk, awsdns-hostmaster.amazon.com",NOERROR,,,,,,,,,
,owa01.upserve.com,34.231.80.4,redirect.upserve.com,"jay.ns.cloudflare.com, dns.cloudflare.com",NOERROR,,,,,,,,,
,p-vpc-lb.upserve.com,34.231.80.4,,"jay.ns.cloudflare.com, dns.cloudflare.com",NOERROR,,,,,,,,,
,p304-fmfweb.swipely.com,34.231.80.4,,"ns-1656.awsdns-15.co.uk, awsdns-hostmaster.amazon.com",NOERROR,,,,,,,,,
,p62-acsegateway.vulnerbug.com,35.205.61.67,,,NOERROR,,,True,google,,,,,
,partners.swipely.com,34.231.80.4,,"ns-1656.awsdns-15.co.uk, awsdns-hostmaster.amazon.com",NOERROR,,,,,,,,,
,payments.staging.upserve.com,"10.12.115.157, 10.12.115.132",internal-s-alb-external-645176727.us-east-1.elb.amazonaws.com,"ns-1119.awsdns-11.org, awsdns-hostmaster.amazon.com",NOERROR,,,,,,True,"10.12.115.157, 10.12.115.132",,
,payments.upserve.com,"174.129.254.181, 34.236.204.156",p-alb-external-1926531697.us-east-1.elb.amazonaws.com,"ns-1119.awsdns-11.org, awsdns-hostmaster.amazon.com",NOERROR,,,,,"ns-1119.awsdns-11.org, ns-1793.awsdns-32.co.uk, ns-235.awsdns-29.com, ns-934.awsdns-52.net",,,,
,payments3.upserve.com,34.231.80.4,redirect.upserve.com,"jay.ns.cloudflare.com, dns.cloudflare.com",NOERROR,,,,,,,,,
,pc23.reports.breadcrumb.com,34.231.80.4,redirect.upserve.com,"jay.ns.cloudflare.com, dns.cloudflare.com",NOERROR,,,,,,,,,
,pccom.mysql10wiki.hq.breadcrumb.com,34.231.80.4,redirect.upserve.com,"jay.ns.cloudflare.com, dns.cloudflare.com",NOERROR,,,,,,,,,
,pci.upserve.com,34.231.80.4,redirect.upserve.com,"jay.ns.cloudflare.com, dns.cloudflare.com",NOERROR,,,,,,,,,
,pensions.beta.swipely.com,34.231.80.4,,"ns-1656.awsdns-15.co.uk, awsdns-hostmaster.amazon.com",NOERROR,,,,,,,,,
,platform.upserve.com,34.231.80.4,redirect.upserve.com,"jay.ns.cloudflare.com, dns.cloudflare.com",NOERROR,,,,,,,,,
,policy.www.swipely.com,34.231.80.4,,"ns-1656.awsdns-15.co.uk, awsdns-hostmaster.amazon.com",NOERROR,,,,,,,,,
,pop.payments.breadcrumb.com,34.231.80.4,redirect.upserve.com,"jay.ns.cloudflare.com, dns.cloudflare.com",NOERROR,,,,,,,,,
,pos.staging.upserve.com,"10.10.103.203, 10.10.103.236",internal-s-alb-external-1342464096.us-east-1.elb.amazonaws.com,"ns-1119.awsdns-11.org, awsdns-hostmaster.amazon.com",NOERROR,,,,,,True,"10.10.103.203, 10.10.103.236",,
,pos.swipely.com,"174.129.254.181, 34.236.204.156",p-alb-external-1926531697.us-east-1.elb.amazonaws.com,"ns-1119.awsdns-11.org, awsdns-hostmaster.amazon.com",NOERROR,,,,,,,,,
,prerelease.upserve.com,34.231.80.4,redirect.upserve.com,"jay.ns.cloudflare.com, dns.cloudflare.com",NOERROR,,,,,,,,,
,privatev4-uploadstemp-media-proxy-vpn.vulnerbug.com,35.205.61.67,,,NOERROR,,,True,google,,,,"mx1.csof.net, mx2.csof.net","v=spf1 include:_incspfcheck.mailspike.net -all, v=DMARC1; p=reject; rua=mailto:dmarc_report@mail.liamfactory.com; ruf=mailto:dmarc_report@mail.liamfactory.com; fo=1; pct=100"
,prod-ec-sa-east-1.vulnerbug.com,35.205.61.67,,,NOERROR,,,True,google,,,,,
,product.swipely.com,"52.217.225.85, 52.217.160.173, 52.217.229.237, 52.217.97.243, 52.216.40.93, 52.217.113.69, 52.217.95.141, 52.217.69.67","product.swipely.com.s3-website-us-east-1.amazonaws.com, s3-website.us-east-1.amazonaws.com","ns-437.awsdns-54.com, awsdns-hostmaster.amazon.com",NOERROR,,,,,"ns-437.awsdns-54.com, ns-611.awsdns-12.net, ns-1286.awsdns-32.org, ns-1779.awsdns-30.co.uk",,,,0479bac704ece97eba11f6143a258135
,production.internal.swipely.com,,,"ns-720.awsdns-26.net, awsdns-hostmaster.amazon.com",NOERROR,,,,,"ns-1084.awsdns-07.org, ns-1890.awsdns-44.co.uk, ns-434.awsdns-54.com, ns-720.awsdns-26.net",,,,
,provisioning.swipely.com,,p-alb-external-1926531697.us-east-1.elb.amazonaws.com,"ns-1119.awsdns-11.org, awsdns-hostmaster.amazon.com",NOERROR,,,,,"ns-1193.awsdns-21.org, ns-1656.awsdns-15.co.uk, ns-322.awsdns-40.com, ns-696.awsdns-23.net",,,,
,quanxunwangceoorders.upserve.com,34.231.80.4,redirect.upserve.com,"jay.ns.cloudflare.com, dns.cloudflare.com",NOERROR,,,,,,,,,
,r.upserve.com,34.231.80.4,redirect.upserve.com,"jay.ns.cloudflare.com, dns.cloudflare.com",NOERROR,,,,,,,,,
,receiver.beta.swipely.com,34.231.80.4,,"ns-1656.awsdns-15.co.uk, awsdns-hostmaster.amazon.com",NOERROR,,,,,,,,,
,recommended.notifications.swipely.com,34.231.80.4,,"ns-1656.awsdns-15.co.uk, awsdns-hostmaster.amazon.com",NOERROR,,,,,,,,,
,redirect.upserve.com,34.231.80.4,,"jay.ns.cloudflare.com, dns.cloudflare.com",NOERROR,,,,,,,,,
,refer.upserve.com,34.231.80.4,redirect.upserve.com,"jay.ns.cloudflare.com, dns.cloudflare.com",NOERROR,,,,,,,,,
,relay01orders.upserve.com,34.231.80.4,redirect.upserve.com,"jay.ns.cloudflare.com, dns.cloudflare.com",NOERROR,,,,,,,,,
,relay4teamhelp.upserve.com,34.231.80.4,redirect.upserve.com,"jay.ns.cloudflare.com, dns.cloudflare.com",NOERROR,,,,,,,,,
,remote-management.upserve.com,"34.236.204.156, 174.129.254.181",p-alb-external-1926531697.us-east-1.elb.amazonaws.com,"ns-1119.awsdns-11.org, awsdns-hostmaster.amazon.com",NOERROR,,,,,,,,,
,reports-prod.breadcrumb.com,"34.226.110.224, 35.171.15.230",p-alb-external-235947716.us-east-1.elb.amazonaws.com,"ns-1119.awsdns-11.org, awsdns-hostmaster.amazon.com",NOERROR,,,,,,,,,
,reports.breadcrumb.com,,p-alb-external-235947716.us-east-1.elb.amazonaws.com,"ns-1119.awsdns-11.org, awsdns-hostmaster.amazon.com",NOERROR,,,,,,,,,
,reservations.swipely.com,10.10.137.13,,"ns-1656.awsdns-15.co.uk, awsdns-hostmaster.amazon.com",NOERROR,,,,,,True,10.10.137.13,,
,reservations.upserve.com,"18.208.5.92, 18.214.22.211",p-alb-external-1439100395.us-east-1.elb.amazonaws.com,"ns-1119.awsdns-11.org, awsdns-hostmaster.amazon.com",NOERROR,,,,,,,,,
,resources.breadcrumb.com,"104.17.72.206, 104.17.74.206, 104.17.73.206, 104.17.71.206, 104.17.70.206","swipely2.mktoweb.com, sj01.mktossl.com","bart.ns.cloudflare.com, dns.cloudflare.com",NOERROR,,,True,cloudflare,,,,,
,resources.swipely.com,"104.17.71.206, 104.17.74.206, 104.17.70.206, 104.17.72.206, 104.17.73.206","swipely2.mktoweb.com, sj01.mktossl.com","bart.ns.cloudflare.com, dns.cloudflare.com",NOERROR,,,True,cloudflare,,,,,
,resources.upserve.com,34.67.27.80,,"jay.ns.cloudflare.com, dns.cloudflare.com",NOERROR,,,True,google,,,,,
,roadmap.upserve.com,142.251.41.83,ghs.googlehosted.com,"ns1.google.com, dns-admin.google.com",NOERROR,2607:f8b0:400b:804::2013,,,,,,,,
,root.upserve.com,34.231.80.4,redirect.upserve.com,"jay.ns.cloudflare.com, dns.cloudflare.com",NOERROR,,,,,,,,,
,rqpo.hq.breadcrumb.com,34.231.80.4,redirect.upserve.com,"jay.ns.cloudflare.com, dns.cloudflare.com",NOERROR,,,,,,,,,
,rrq-9.hq.breadcrumb.com,34.231.80.4,redirect.upserve.com,"jay.ns.cloudflare.com, dns.cloudflare.com",NOERROR,,,,,,,,,
,saucer.api.swipely.com,34.231.80.4,,"ns-1656.awsdns-15.co.uk, awsdns-hostmaster.amazon.com",NOERROR,,,,,,,,,
,sdce.virus1.swipely.com,34.231.80.4,,"ns-1656.awsdns-15.co.uk, awsdns-hostmaster.amazon.com",NOERROR,,,,,"ns-1193.awsdns-21.org, ns-1656.awsdns-15.co.uk, ns-322.awsdns-40.com, ns-696.awsdns-23.net",,,,
,sectiontheacademy.upserve.com,34.231.80.4,redirect.upserve.com,"jay.ns.cloudflare.com, dns.cloudflare.com",NOERROR,,,,,,,,,
,secure.swipely.com,34.67.27.80,swipely.com,"ns-1656.awsdns-15.co.uk, awsdns-hostmaster.amazon.com",NOERROR,,,True,google,"ns-1193.awsdns-21.org, ns-1656.awsdns-15.co.uk, ns-322.awsdns-40.com, ns-696.awsdns-23.net",,,,
,shalongguojidaili.pos.swipely.com,34.231.80.4,,"ns-1656.awsdns-15.co.uk, awsdns-hostmaster.amazon.com",NOERROR,,,,,,,,,
,sharefile.pos.swipely.com,34.231.80.4,,"ns-1656.awsdns-15.co.uk, awsdns-hostmaster.amazon.com",NOERROR,,,,,,,,,
,sirius.am.upserve.com,34.231.80.4,redirect.upserve.com,"jay.ns.cloudflare.com, dns.cloudflare.com",NOERROR,,,,,,,,,
,sj.careers.swipely.com,34.231.80.4,,"ns-1656.awsdns-15.co.uk, awsdns-hostmaster.amazon.com",NOERROR,,,,,,,,,
,speed.notifications.swipely.com,34.231.80.4,,"ns-1656.awsdns-15.co.uk, awsdns-hostmaster.amazon.com",NOERROR,,,,,,,,,
,spool.swipely.com,34.231.80.4,,"ns-1656.awsdns-15.co.uk, awsdns-hostmaster.amazon.com",NOERROR,,,,,,,,,
,sqcap-link.upserve.com,217.175.192.22,suite17.emarsys.net,"ns10.digicertdns.com, dns.digicertdns.com",NOERROR,,,,,,,,,
,staging-cards.swipely.com,54.209.161.203,,"ns-1656.awsdns-15.co.uk, awsdns-hostmaster.amazon.com",NOERROR,,,,,"ns-1193.awsdns-21.org, ns-1656.awsdns-15.co.uk, ns-322.awsdns-40.com, ns-696.awsdns-23.net",,,,
,staging-partners.swipely.com,10.10.37.8,"staging-www.swipely.com, staging.swipely.com","ns-1656.awsdns-15.co.uk, awsdns-hostmaster.amazon.com",NOERROR,,,,,,True,10.10.37.8,,
,staging-pos.swipely.com,"10.10.103.236, 10.10.103.203",internal-s-alb-external-1342464096.us-east-1.elb.amazonaws.com,"ns-1119.awsdns-11.org, awsdns-hostmaster.amazon.com",NOERROR,,,,,,True,"10.10.103.236, 10.10.103.203",,
,staging-sentiment.upserve.com,34.231.80.4,redirect.upserve.com,"jay.ns.cloudflare.com, dns.cloudflare.com",NOERROR,,,,,,,,,
,staging-wewww.virus.swipely.com,34.231.80.4,,"ns-1656.awsdns-15.co.uk, awsdns-hostmaster.amazon.com",NOERROR,,,,,,,,,
,staging-www.swipely.com,10.10.37.8,staging.swipely.com,"ns-1656.awsdns-15.co.uk, awsdns-hostmaster.amazon.com",NOERROR,,,,,"ns-1193.awsdns-21.org, ns-1656.awsdns-15.co.uk, ns-322.awsdns-40.com, ns-696.awsdns-23.net",True,10.10.37.8,,
,staging.internal.swipely.com,,,"ns-823.awsdns-38.net, awsdns-hostmaster.amazon.com",NOERROR,,,,,,,,,
,staging.swipely.com,10.10.37.8,,"ns-1656.awsdns-15.co.uk, awsdns-hostmaster.amazon.com",NOERROR,,,,,,True,10.10.37.8,,
,status.breadcrumb.com,52.215.192.132,3jdhxr3vrsb0.stspg-customer.com,"ns-1711.awsdns-21.co.uk, awsdns-hostmaster.amazon.com",NOERROR,,"globalsign.com;, letsencrypt.org",,,,,,,
,status.upserve.com,18.246.31.131,3jdhxr3vrsb0.stspg-customer.com,"ns-1711.awsdns-21.co.uk, awsdns-hostmaster.amazon.com",NOERROR,,"globalsign.com;, letsencrypt.org",,,,,,,
,store.645892349820.vulnerbug.com,,,,NOERROR,,,True,google,,,,,"v=DMARC1; p=reject; rua=mailto:dmarc_report@mail.liamfactory.com; ruf=mailto:dmarc_report@mail.liamfactory.com; fo=1; pct=100, v=spf1 include:_incspfcheck.mailspike.net -all"
,store.breadcrumb.com,23.227.38.74,"breadcrumb.myshopify.com, shops.myshopify.com","ns1.dnsimple.com, admin.dnsimple.com, dns1.p06.nsone.net, hostmaster.nsone.net",NOERROR,,"digicert.com, globalsign.com, letsencrypt.org",,,,,,,
,store.upserve.com,23.227.38.32,,"jay.ns.cloudflare.com, dns.cloudflare.com",NOERROR,,,,,,,,,
,storemedia.breadcrumb.com,,redirect.upserve.com,"jay.ns.cloudflare.com, dns.cloudflare.com",NOERROR,,,,,,,,,
,support.breadcrumb.com,34.231.80.4,,"ns-1538.awsdns-00.co.uk, awsdns-hostmaster.amazon.com",NOERROR,,,,,"ns-1430.awsdns-50.org, ns-1538.awsdns-00.co.uk, ns-154.awsdns-19.com, ns-541.awsdns-03.net",,,,
,support.swi.swipely.com,34.231.80.4,,"ns-1656.awsdns-15.co.uk, awsdns-hostmaster.amazon.com",NOERROR,,,,,,,,,
,support.upserve.com,34.231.80.4,redirect.upserve.com,"jay.ns.cloudflare.com, dns.cloudflare.com",NOERROR,,,,,,,,,
,swipely.c.swipely.com,34.231.80.4,,"ns-1656.awsdns-15.co.uk, awsdns-hostmaster.amazon.com",NOERROR,,,,,,,,,
,swipely.com,34.67.27.80,,"ns-1656.awsdns-15.co.uk, awsdns-hostmaster.amazon.com",NOERROR,,,True,google,"ns-322.awsdns-40.com, ns-696.awsdns-23.net, ns-1193.awsdns-21.org, ns-1656.awsdns-15.co.uk",,,"alt1.aspmx.l.google.com, alt2.aspmx.l.google.com, aspmx2.googlemail.com, aspmx3.googlemail.com, aspmx4.googlemail.com, aspmx5.googlemail.com, aspmx.l.google.com","google-site-verification=KJ8pVVmxNDZjg6ZOZ6oMzEUaRbrp-iog3rRr-w1lFPw, google-site-verification=wdO04bf2qCLSJMWa84cyxnxCH_KxZxuO3ta6Sykqcyk, v=spf1 a mx include:aspmx.googlemail.com include:sendgrid.net include:mktomail.com include:email.freshservice.com -all, apple-domain-verification=SkSTe18Og9OquiwY"
,syncovh-l100244-iflmap.hcisbp.eu1.hanahiltonbbcreditpathblue.app.swipely.com,34.231.80.4,,"ns-1656.awsdns-15.co.uk, awsdns-hostmaster.amazon.com",NOERROR,,,,,,,,,
,syncovh.swipely.com,,,"ns-1656.awsdns-15.co.uk, awsdns-hostmaster.amazon.com",NOERROR,,,,,,,,,
,syncovh248.careers.swipely.com,34.231.80.4,,"ns-1656.awsdns-15.co.uk, awsdns-hostmaster.amazon.com",NOERROR,,,,,,,,,
,syncovhartners.swipely.com,34.231.80.4,,"ns-1656.awsdns-15.co.uk, awsdns-hostmaster.amazon.com",NOERROR,,,,,,,,,
,syncovhdialin.cs.beta.swipely.com,34.231.80.4,,"ns-1656.awsdns-15.co.uk, awsdns-hostmaster.amazon.com",NOERROR,,,,,,,,,
,t.swipely.com,10.10.37.8,"staging-web.swipely.com, staging.swipely.com","ns-1656.awsdns-15.co.uk, awsdns-hostmaster.amazon.com",NOERROR,,,,,,True,10.10.37.8,,
,teamhelp.upserve.com,34.231.80.4,redirect.upserve.com,"jay.ns.cloudflare.com, dns.cloudflare.com",NOERROR,,,,,,,,,
,tempoorders.upserve.com,34.231.80.4,redirect.upserve.com,"jay.ns.cloudflare.com, dns.cloudflare.com",NOERROR,,,,,,,,,
,theacademy.645892349820.vulnerbug.com,35.205.61.67,,,NOERROR,,,True,google,,,,,
,theacademy.upserve.com,34.231.80.4,p-vpc-lb.upserve.com,"jay.ns.cloudflare.com, dns.cloudflare.com",NOERROR,,,,,,,,,
,tictoc.webrecetasculinarias.mytumblingthoughts.cards.swipely.com,34.231.80.4,,"ns-1656.awsdns-15.co.uk, awsdns-hostmaster.amazon.com",NOERROR,,,,,,,,,
,tk09.hq.breadcrumb.com,34.231.80.4,redirect.upserve.com,"jay.ns.cloudflare.com, dns.cloudflare.com",NOERROR,,,,,,,,,
,tobin8r.upserve.com,34.231.80.4,redirect.upserve.com,"jay.ns.cloudflare.com, dns.cloudflare.com",NOERROR,,,,,,,,,
,tor224-240-grc.swipely.com,34.231.80.4,,"ns-1656.awsdns-15.co.uk, awsdns-hostmaster.amazon.com",NOERROR,,,,,,,,,
,tor235-415-pdb.euyansanantivirus.swipely.com,34.231.80.4,,"ns-1656.awsdns-15.co.uk, awsdns-hostmaster.amazon.com",NOERROR,,,,,,,,,
,tststore.upserve.com,,redirect.upserve.com,"jay.ns.cloudflare.com, dns.cloudflare.com",NOERROR,,,,,,,,,
,u1teamhelp.upserve.com,34.231.80.4,redirect.upserve.com,"jay.ns.cloudflare.com, dns.cloudflare.com",NOERROR,,,,,,,,,
,uat-hq.breadcrumb.com,34.231.80.4,redirect.upserve.com,"jay.ns.cloudflare.com, dns.cloudflare.com",NOERROR,,,,,,,,,
,ug2.breadcrumb.com,34.231.80.4,redirect.upserve.com,"jay.ns.cloudflare.com, dns.cloudflare.com",NOERROR,,,,,,,,,
,unauthorized.swipely.com,34.231.80.4,,"ns-1656.awsdns-15.co.uk, awsdns-hostmaster.amazon.com",NOERROR,,,,,,,,,
,unauthorized.upserve.com,34.231.80.4,redirect.upserve.com,"jay.ns.cloudflare.com, dns.cloudflare.com",NOERROR,,,,,,,,,
,universalclick.upserve.com,34.231.80.4,redirect.upserve.com,"jay.ns.cloudflare.com, dns.cloudflare.com",NOERROR,,,,,,,,,
,university.swipely.com,,university.swipely.com.s3-website-us-east-1.amazonaws.com,,NOERROR,,,,,,,,,
,upserve.com,34.67.27.80,,"jay.ns.cloudflare.com, dns.cloudflare.com",NOERROR,,,True,google,"jay.ns.cloudflare.com, ulla.ns.cloudflare.com",,,"aspmx.l.google.com, alt1.aspmx.l.google.com, alt2.aspmx.l.google.com, aspmx2.googlemail.com, aspmx3.googlemail.com","ZOOM_verify_JbuS8iCxSlOtLkKnBphiWA, _globalsign-domain-verification=UIxx0utqXUP30k6x1IzJjPdg70CQU081ldB6sKdz02, amazonses:BXdspPaalJjexsL46G8UuCk1gwRtoWychapg8MNcPnQ=, amazonses:NRYpNLqv0ixWEfCWGaTgByVD9seksFk/vseQGQ59Yow=, apple-domain-verification=fHmIpeIQDnvnZnLu, atlassian-domain-verification=sg2ZdNpCDxnsTiu/NsNi33fUdgx2IrltVsDM4QPBMSCCaQGa8BdlQyu5XOlHDZjN, ca3-687355a66b614a0988aec498ad7df7f5, google-site-verification=8Uxp0HXQqgGfBPM_JkBVwn_f_qCSkaimxBPZNBc24gI, google-site-verification=BZny_nK69EUizMym0VP1VVN8aKDSnmdpQejXtcUKx34, google-site-verification=S9PAqydHAO2Ek-kYtrCtBeG4X3p_oomQviVvtzzqhKU, google-site-verification=rqY215oQs147yO-ICwUj33mZrdj6tCkbubrOu2ckEpU, google-site-verification=usBPV8Kkyl7rHl4rcWMx4YWtMrvODiTfXOnft3Wfayg, miro-verification=57b4f515e60ded1e3bce2362398d62d0e0ac31de, status-page-domain-verification=g6zt5hs5nsh8, v=spf1 a mx include:aspmx.googlemail.com include:sendgrid.net include:mktomail.com include:email.freshservice.com include:mail.zendesk.com -all"
,us-fbresources.upserve.com,34.231.80.4,redirect.upserve.com,"jay.ns.cloudflare.com, dns.cloudflare.com",NOERROR,,,,,,,,,
,usersdebugdebug.euyansanantivirus.swipely.com,34.231.80.4,,"ns-1656.awsdns-15.co.uk, awsdns-hostmaster.amazon.com",NOERROR,,,,,,,,,
,venaamoris.upserve.com,34.231.80.4,redirect.upserve.com,"jay.ns.cloudflare.com, dns.cloudflare.com",NOERROR,,,,,,,,,
,virus.recommended.notifications.swipely.com,34.231.80.4,,"ns-1656.awsdns-15.co.uk, awsdns-hostmaster.amazon.com",NOERROR,,,,,,,,,
,viruswall.swipely.com,,,"ns-1656.awsdns-15.co.uk, awsdns-hostmaster.amazon.com",NOERROR,,,,,,,,,
,vpn-test.corp.swipely.com,34.231.80.4,,"ns-1656.awsdns-15.co.uk, awsdns-hostmaster.amazon.com",NOERROR,,,,,,,,,
,vulnerbug.com,,,,NOERROR,,,True,google,,,,"mx1.csof.net, mx2.csof.net",
,web.euyansanantivirus.swipely.com,34.231.80.4,,"ns-1656.awsdns-15.co.uk, awsdns-hostmaster.amazon.com",NOERROR,,,,,,,,,
,web.upserve.com,34.231.80.4,redirect.upserve.com,"jay.ns.cloudflare.com, dns.cloudflare.com",NOERROR,,,,,,,,,
,web18758.swipely.com,,,"ns-1656.awsdns-15.co.uk, awsdns-hostmaster.amazon.com",NOERROR,,,,,,,,,
,webdisk.payments.breadcrumb.com,34.231.80.4,redirect.upserve.com,"jay.ns.cloudflare.com, dns.cloudflare.com",NOERROR,,,,,,,,,
,webkitcareers.upserve.com,34.231.80.4,redirect.upserve.com,"jay.ns.cloudflare.com, dns.cloudflare.com",NOERROR,,,,,,,,,
,webrecetasculinarias.mytumblingthoughts.cards.swipely.com,34.231.80.4,,"ns-1656.awsdns-15.co.uk, awsdns-hostmaster.amazon.com",NOERROR,,,,,,,,,
,wiki.swipely.com,"54.231.197.45, 52.217.96.99, 52.217.8.43, 54.231.134.189, 54.231.41.17, 52.216.100.114, 52.216.211.245, 52.217.98.139","wiki.swipely.com.s3-website-us-east-1.amazonaws.com, s3-website.us-east-1.amazonaws.com","ns-437.awsdns-54.com, awsdns-hostmaster.amazon.com",NOERROR,,,,,"ns-1286.awsdns-32.org, ns-1779.awsdns-30.co.uk, ns-437.awsdns-54.com, ns-611.awsdns-12.net",,,,0479bac704ece97eba11f6143a258135
,winter.pos.swipely.com,34.231.80.4,,"ns-1656.awsdns-15.co.uk, awsdns-hostmaster.amazon.com",NOERROR,,,,,,,,,
,workforce.upserve.com,"13.32.121.107, 13.32.121.94, 13.32.121.62, 13.32.121.11",d37aar714ki3ai.cloudfront.net,"ns-1529.awsdns-63.org, awsdns-hostmaster.amazon.com",NOERROR,"2600:9000:236e:9800:e:bb75:4a80:93a1, 2600:9000:236e:7400:e:bb75:4a80:93a1, 2600:9000:236e:b800:e:bb75:4a80:93a1, 2600:9000:2240:aa00:e:bb75:4a80:93a1, 2600:9000:2240:7200:e:bb75:4a80:93a1, 2600:9000:2240:fe00:e:bb75:4a80:93a1, 2600:9000:236e:1a00:e:bb75:4a80:93a1, 2600:9000:2240:4800:e:bb75:4a80:93a1",,True,cloudfront,"ns-1529.awsdns-63.org, ns-1973.awsdns-54.co.uk, ns-281.awsdns-35.com, ns-716.awsdns-25.net",,,,
,www-redir.swipely.com,34.231.80.4,,"ns-1656.awsdns-15.co.uk, awsdns-hostmaster.amazon.com",NOERROR,,,,,,,,,
,www.breadcrumb.com,34.67.27.80,,"ns-1538.awsdns-00.co.uk, awsdns-hostmaster.amazon.com",NOERROR,,,True,google,,,,,
,www.buchungresources.upserve.com,34.231.80.4,redirect.upserve.com,"jay.ns.cloudflare.com, dns.cloudflare.com",NOERROR,,,,,,,,,
,www.eacteamhelp.upserve.com,34.231.80.4,redirect.upserve.com,"jay.ns.cloudflare.com, dns.cloudflare.com",NOERROR,,,,,,,,,
,www.gatekeeperheimdall.upserve.com,34.231.80.4,redirect.upserve.com,"jay.ns.cloudflare.com, dns.cloudflare.com",NOERROR,,,,,,,,,
,www.get.upserve.com,34.231.80.4,redirect.upserve.com,"jay.ns.cloudflare.com, dns.cloudflare.com",NOERROR,,,,,,,,,
,www.go.breadcrumb.com,34.231.80.4,redirect.upserve.com,"jay.ns.cloudflare.com, dns.cloudflare.com",NOERROR,,,,,,,,,
,www.hc.mossy.breadcrumb.com,,redirect.upserve.com,"jay.ns.cloudflare.com, dns.cloudflare.com",NOERROR,,,,,,,,,
,www.irm.notifications.swipely.com,34.231.80.4,,"ns-1656.awsdns-15.co.uk, awsdns-hostmaster.amazon.com",NOERROR,,,,,,,,,
,www.moodle2resources.upserve.com,34.231.80.4,redirect.upserve.com,"jay.ns.cloudflare.com, dns.cloudflare.com",NOERROR,,,,,,,,,
,www.nam.learn.swipely.com,34.231.80.4,,"ns-1656.awsdns-15.co.uk, awsdns-hostmaster.amazon.com",NOERROR,,,,,,,,,
,www.onlineservices.reports.breadcrumb.com,,redirect.upserve.com,"jay.ns.cloudflare.com, dns.cloudflare.com",NOERROR,,,,,,,,,
,www.pensions.beta.swipely.com,34.231.80.4,,"ns-1656.awsdns-15.co.uk, awsdns-hostmaster.amazon.com",NOERROR,,,,,,,,,
,www.preresources.upserve.com,34.231.80.4,redirect.upserve.com,"jay.ns.cloudflare.com, dns.cloudflare.com",NOERROR,,,,,,,,,
,www.store.breadcrumb.com,34.231.80.4,redirect.upserve.com,"jay.ns.cloudflare.com, dns.cloudflare.com",NOERROR,,,,,,,,,
,www.support.swi.swipely.com,34.231.80.4,,"ns-1656.awsdns-15.co.uk, awsdns-hostmaster.amazon.com",NOERROR,,,,,,,,,
,www.support.swipely.com,34.231.80.4,,"ns-1656.awsdns-15.co.uk, awsdns-hostmaster.amazon.com",NOERROR,,,,,,,,,
,www.swipely.com,,,"ns-1656.awsdns-15.co.uk, awsdns-hostmaster.amazon.com",NOERROR,,,True,google,,,,,
,www.teamhelp.upserve.com,34.231.80.4,redirect.upserve.com,"jay.ns.cloudflare.com, dns.cloudflare.com",NOERROR,,,,,,,,,
,www.u.upserve.com,34.231.80.4,redirect.upserve.com,"jay.ns.cloudflare.com, dns.cloudflare.com",NOERROR,,,,,,,,,
,www.uniformsteamhelp.upserve.com,34.231.80.4,redirect.upserve.com,"jay.ns.cloudflare.com, dns.cloudflare.com",NOERROR,,,,,,,,,
,www.upserve.com,34.67.27.80,,"jay.ns.cloudflare.com, dns.cloudflare.com",NOERROR,,,True,google,,,,,
,www.upserve.upserve.com,34.231.80.4,redirect.upserve.com,"jay.ns.cloudflare.com, dns.cloudflare.com",NOERROR,,,,,,,,,
,www.virus.recommended.notifications.swipely.com,34.231.80.4,,"ns-1656.awsdns-15.co.uk, awsdns-hostmaster.amazon.com",NOERROR,,,,,,,,,
,www.vulnerbug.com,35.205.61.67,,,NOERROR,,,True,google,"ns1.csof.net, ns3.csof.net, ns6.csof.net, ns2.csof.net, ns5.csof.net, ns4.csof.net, ns8.csof.net, ns7.csof.net",,,"mx1.csof.net, mx2.csof.net","v=DMARC1; p=reject; rua=mailto:dmarc_report@mail.liamfactory.com; ruf=mailto:dmarc_report@mail.liamfactory.com; fo=1; pct=100, v=spf1 include:_incspfcheck.mailspike.net -all"
,xincaishenyulecheng.swipely.com,34.231.80.4,,"ns-1656.awsdns-15.co.uk, awsdns-hostmaster.amazon.com",NOERROR,,,,,,,,,
,xinyuzuihaodebocaiwangzhanorders.upserve.com,34.231.80.4,redirect.upserve.com,"jay.ns.cloudflare.com, dns.cloudflare.com",NOERROR,,,,,,,,,
,zendesk1.upserve.com,"162.159.128.7, 162.159.138.6",mail1.zendesk.com,"ns-1213.awsdns-23.org, awsdns-hostmaster.amazon.com",NOERROR,,,True,cloudflare,,,,mail.zendesk.com,v=spf1 include:_netblocks.zdsys.com ~all
,zendesk2.upserve.com,"162.159.138.6, 162.159.128.7",mail2.zendesk.com,"ns-1213.awsdns-23.org, awsdns-hostmaster.amazon.com",NOERROR,,,True,cloudflare,,,,mail.zendesk.com,v=spf1 include:_netblocks.zdsys.com ~all
,zendesk3.upserve.com,"162.159.128.7, 162.159.138.6, 3.213.143.227, 184.72.174.126, 34.235.62.90",mail3.zendesk.com,"ns-1213.awsdns-23.org, awsdns-hostmaster.amazon.com",NOERROR,,,True,cloudflare,"ns-1213.awsdns-23.org, ns-1858.awsdns-40.co.uk, ns-444.awsdns-55.com, ns-754.awsdns-30.net",,,mail.zendesk.com,v=spf1 include:_netblocks.zdsys.com ~all
,zendesk4.upserve.com,"162.159.128.7, 162.159.138.6",mail4.zendesk.com,"ns-1213.awsdns-23.org, awsdns-hostmaster.amazon.com",NOERROR,,,True,cloudflare,,,,mail.zendesk.com,v=spf1 include:_netblocks.zdsys.com ~all
,zhenrenbaijialepingtaiorders.upserve.com,34.231.80.4,redirect.upserve.com,"jay.ns.cloudflare.com, dns.cloudflare.com",NOERROR,,,,,,,,,
